2026-09-09 06:34:37,945 INFO sqlalchemy.engine.Engine select pg_catalog.version()
2026-09-09 06:34:37,945 INFO sqlalchemy.engine.Engine [raw sql] ()
2026-09-09 06:34:37,951 INFO sqlalchemy.engine.Engine select current_schema()
2026-09-09 06:34:37,952 INFO sqlalchemy.engine.Engine [raw sql] ()
2026-09-09 06:34:37,954 INFO sqlalchemy.engine.Engine show standard_conforming_strings
2026-09-09 06:34:37,955 INFO sqlalchemy.engine.Engine [raw sql] ()
2026-09-09 06:34:37,957 INFO sqlalchemy.engine.Engine BEGIN (implicit)
2026-09-09 06:34:37,964 INFO sqlalchemy.engine.Engine SELECT pg_catalog.pg_class.relname 
FROM pg_catalog.pg_class JOIN pg_catalog.pg_namespace ON pg_catalog.pg_namespace.oid = pg_catalog.pg_class.relnamespace 
WHERE pg_catalog.pg_class.relname = $1::VARCHAR AND pg_catalog.pg_class.relkind = ANY (ARRAY[$2::VARCHAR, $3::VARCHAR, $4::VARCHAR, $5::VARCHAR, $6::VARCHAR]) AND pg_catalog.pg_table_is_visible(pg_catalog.pg_class.oid) AND pg_catalog.pg_namespace.nspname != $7::VARCHAR
2026-09-09 06:34:37,964 INFO sqlalchemy.engine.Engine [generated in 0.00060s] ('utilisateur', 'r', 'p', 'f', 'v', 'm', 'pg_catalog')
2026-09-09 06:34:37,969 INFO sqlalchemy.engine.Engine SELECT pg_catalog.pg_class.relname 
FROM pg_catalog.pg_class JOIN pg_catalog.pg_namespace ON pg_catalog.pg_namespace.oid = pg_catalog.pg_class.relnamespace 
WHERE pg_catalog.pg_class.relname = $1::VARCHAR AND pg_catalog.pg_class.relkind = ANY (ARRAY[$2::VARCHAR, $3::VARCHAR, $4::VARCHAR, $5::VARCHAR, $6::VARCHAR]) AND pg_catalog.pg_table_is_visible(pg_catalog.pg_class.oid) AND pg_catalog.pg_namespace.nspname != $7::VARCHAR
2026-09-09 06:34:37,969 INFO sqlalchemy.engine.Engine [cached since 0.005633s ago] ('client', 'r', 'p', 'f', 'v', 'm', 'pg_catalog')
2026-09-09 06:34:37,971 INFO sqlalchemy.engine.Engine SELECT pg_catalog.pg_class.relname 
FROM pg_catalog.pg_class JOIN pg_catalog.pg_namespace ON pg_catalog.pg_namespace.oid = pg_catalog.pg_class.relnamespace 
WHERE pg_catalog.pg_class.relname = $1::VARCHAR AND pg_catalog.pg_class.relkind = ANY (ARRAY[$2::VARCHAR, $3::VARCHAR, $4::VARCHAR, $5::VARCHAR, $6::VARCHAR]) AND pg_catalog.pg_table_is_visible(pg_catalog.pg_class.oid) AND pg_catalog.pg_namespace.nspname != $7::VARCHAR
2026-09-09 06:34:37,972 INFO sqlalchemy.engine.Engine [cached since 0.007741s ago] ('projet', 'r', 'p', 'f', 'v', 'm', 'pg_catalog')
2026-09-09 06:34:37,973 INFO sqlalchemy.engine.Engine SELECT pg_catalog.pg_class.relname 
FROM pg_catalog.pg_class JOIN pg_catalog.pg_namespace ON pg_catalog.pg_namespace.oid = pg_catalog.pg_class.relnamespace 
WHERE pg_catalog.pg_class.relname = $1::VARCHAR AND pg_catalog.pg_class.relkind = ANY (ARRAY[$2::VARCHAR, $3::VARCHAR, $4::VARCHAR, $5::VARCHAR, $6::VARCHAR]) AND pg_catalog.pg_table_is_visible(pg_catalog.pg_class.oid) AND pg_catalog.pg_namespace.nspname != $7::VARCHAR
2026-09-09 06:34:37,974 INFO sqlalchemy.engine.Engine [cached since 0.009507s ago] ('projet_membre', 'r', 'p', 'f', 'v', 'm', 'pg_catalog')
2026-09-09 06:34:37,975 INFO sqlalchemy.engine.Engine SELECT pg_catalog.pg_class.relname 
FROM pg_catalog.pg_class JOIN pg_catalog.pg_namespace ON pg_catalog.pg_namespace.oid = pg_catalog.pg_class.relnamespace 
WHERE pg_catalog.pg_class.relname = $1::VARCHAR AND pg_catalog.pg_class.relkind = ANY (ARRAY[$2::VARCHAR, $3::VARCHAR, $4::VARCHAR, $5::VARCHAR, $6::VARCHAR]) AND pg_catalog.pg_table_is_visible(pg_catalog.pg_class.oid) AND pg_catalog.pg_namespace.nspname != $7::VARCHAR
2026-09-09 06:34:37,975 INFO sqlalchemy.engine.Engine [cached since 0.01127s ago] ('tache', 'r', 'p', 'f', 'v', 'm', 'pg_catalog')
2026-09-09 06:34:37,976 INFO sqlalchemy.engine.Engine SELECT pg_catalog.pg_class.relname 
FROM pg_catalog.pg_class JOIN pg_catalog.pg_namespace ON pg_catalog.pg_namespace.oid = pg_catalog.pg_class.relnamespace 
WHERE pg_catalog.pg_class.relname = $1::VARCHAR AND pg_catalog.pg_class.relkind = ANY (ARRAY[$2::VARCHAR, $3::VARCHAR, $4::VARCHAR, $5::VARCHAR, $6::VARCHAR]) AND pg_catalog.pg_table_is_visible(pg_catalog.pg_class.oid) AND pg_catalog.pg_namespace.nspname != $7::VARCHAR
2026-09-09 06:34:37,977 INFO sqlalchemy.engine.Engine [cached since 0.01315s ago] ('commentaire_tache', 'r', 'p', 'f', 'v', 'm', 'pg_catalog')
2026-09-09 06:34:37,978 INFO sqlalchemy.engine.Engine SELECT pg_catalog.pg_class.relname 
FROM pg_catalog.pg_class JOIN pg_catalog.pg_namespace ON pg_catalog.pg_namespace.oid = pg_catalog.pg_class.relnamespace 
WHERE pg_catalog.pg_class.relname = $1::VARCHAR AND pg_catalog.pg_class.relkind = ANY (ARRAY[$2::VARCHAR, $3::VARCHAR, $4::VARCHAR, $5::VARCHAR, $6::VARCHAR]) AND pg_catalog.pg_table_is_visible(pg_catalog.pg_class.oid) AND pg_catalog.pg_namespace.nspname != $7::VARCHAR
2026-09-09 06:34:37,978 INFO sqlalchemy.engine.Engine [cached since 0.01482s ago] ('saisie_temps', 'r', 'p', 'f', 'v', 'm', 'pg_catalog')
2026-09-09 06:34:37,979 INFO sqlalchemy.engine.Engine SELECT pg_catalog.pg_class.relname 
FROM pg_catalog.pg_class JOIN pg_catalog.pg_namespace ON pg_catalog.pg_namespace.oid = pg_catalog.pg_class.relnamespace 
WHERE pg_catalog.pg_class.relname = $1::VARCHAR AND pg_catalog.pg_class.relkind = ANY (ARRAY[$2::VARCHAR, $3::VARCHAR, $4::VARCHAR, $5::VARCHAR, $6::VARCHAR]) AND pg_catalog.pg_table_is_visible(pg_catalog.pg_class.oid) AND pg_catalog.pg_namespace.nspname != $7::VARCHAR
2026-09-09 06:34:37,980 INFO sqlalchemy.engine.Engine [cached since 0.01631s ago] ('jalon', 'r', 'p', 'f', 'v', 'm', 'pg_catalog')
2026-09-09 06:34:37,981 INFO sqlalchemy.engine.Engine SELECT pg_catalog.pg_class.relname 
FROM pg_catalog.pg_class JOIN pg_catalog.pg_namespace ON pg_catalog.pg_namespace.oid = pg_catalog.pg_class.relnamespace 
WHERE pg_catalog.pg_class.relname = $1::VARCHAR AND pg_catalog.pg_class.relkind = ANY (ARRAY[$2::VARCHAR, $3::VARCHAR, $4::VARCHAR, $5::VARCHAR, $6::VARCHAR]) AND pg_catalog.pg_table_is_visible(pg_catalog.pg_class.oid) AND pg_catalog.pg_namespace.nspname != $7::VARCHAR
2026-09-09 06:34:37,981 INFO sqlalchemy.engine.Engine [cached since 0.01779s ago] ('fichier', 'r', 'p', 'f', 'v', 'm', 'pg_catalog')
2026-09-09 06:34:37,983 INFO sqlalchemy.engine.Engine SELECT pg_catalog.pg_class.relname 
FROM pg_catalog.pg_class JOIN pg_catalog.pg_namespace ON pg_catalog.pg_namespace.oid = pg_catalog.pg_class.relnamespace 
WHERE pg_catalog.pg_class.relname = $1::VARCHAR AND pg_catalog.pg_class.relkind = ANY (ARRAY[$2::VARCHAR, $3::VARCHAR, $4::VARCHAR, $5::VARCHAR, $6::VARCHAR]) AND pg_catalog.pg_table_is_visible(pg_catalog.pg_class.oid) AND pg_catalog.pg_namespace.nspname != $7::VARCHAR
2026-09-09 06:34:37,984 INFO sqlalchemy.engine.Engine [cached since 0.01926s ago] ('notification', 'r', 'p', 'f', 'v', 'm', 'pg_catalog')
2026-09-09 06:34:37,984 INFO sqlalchemy.engine.Engine SELECT pg_catalog.pg_class.relname 
FROM pg_catalog.pg_class JOIN pg_catalog.pg_namespace ON pg_catalog.pg_namespace.oid = pg_catalog.pg_class.relnamespace 
WHERE pg_catalog.pg_class.relname = $1::VARCHAR AND pg_catalog.pg_class.relkind = ANY (ARRAY[$2::VARCHAR, $3::VARCHAR, $4::VARCHAR, $5::VARCHAR, $6::VARCHAR]) AND pg_catalog.pg_table_is_visible(pg_catalog.pg_class.oid) AND pg_catalog.pg_namespace.nspname != $7::VARCHAR
2026-09-09 06:34:37,985 INFO sqlalchemy.engine.Engine [cached since 0.02072s ago] ('facture', 'r', 'p', 'f', 'v', 'm', 'pg_catalog')
2026-09-09 06:34:37,986 INFO sqlalchemy.engine.Engine SELECT pg_catalog.pg_class.relname 
FROM pg_catalog.pg_class JOIN pg_catalog.pg_namespace ON pg_catalog.pg_namespace.oid = pg_catalog.pg_class.relnamespace 
WHERE pg_catalog.pg_class.relname = $1::VARCHAR AND pg_catalog.pg_class.relkind = ANY (ARRAY[$2::VARCHAR, $3::VARCHAR, $4::VARCHAR, $5::VARCHAR, $6::VARCHAR]) AND pg_catalog.pg_table_is_visible(pg_catalog.pg_class.oid) AND pg_catalog.pg_namespace.nspname != $7::VARCHAR
2026-09-09 06:34:37,987 INFO sqlalchemy.engine.Engine [cached since 0.0226s ago] ('analyse_ia', 'r', 'p', 'f', 'v', 'm', 'pg_catalog')
2026-09-09 06:34:37,987 INFO sqlalchemy.engine.Engine SELECT pg_catalog.pg_class.relname 
FROM pg_catalog.pg_class JOIN pg_catalog.pg_namespace ON pg_catalog.pg_namespace.oid = pg_catalog.pg_class.relnamespace 
WHERE pg_catalog.pg_class.relname = $1::VARCHAR AND pg_catalog.pg_class.relkind = ANY (ARRAY[$2::VARCHAR, $3::VARCHAR, $4::VARCHAR, $5::VARCHAR, $6::VARCHAR]) AND pg_catalog.pg_table_is_visible(pg_catalog.pg_class.oid) AND pg_catalog.pg_namespace.nspname != $7::VARCHAR
2026-09-09 06:34:37,989 INFO sqlalchemy.engine.Engine [cached since 0.02425s ago] ('suggestion_tache', 'r', 'p', 'f', 'v', 'm', 'pg_catalog')
2026-09-09 06:34:37,989 INFO sqlalchemy.engine.Engine SELECT pg_catalog.pg_class.relname 
FROM pg_catalog.pg_class JOIN pg_catalog.pg_namespace ON pg_catalog.pg_namespace.oid = pg_catalog.pg_class.relnamespace 
WHERE pg_catalog.pg_class.relname = $1::VARCHAR AND pg_catalog.pg_class.relkind = ANY (ARRAY[$2::VARCHAR, $3::VARCHAR, $4::VARCHAR, $5::VARCHAR, $6::VARCHAR]) AND pg_catalog.pg_table_is_visible(pg_catalog.pg_class.oid) AND pg_catalog.pg_namespace.nspname != $7::VARCHAR
2026-09-09 06:34:37,989 INFO sqlalchemy.engine.Engine [cached since 0.02581s ago] ('absence', 'r', 'p', 'f', 'v', 'm', 'pg_catalog')
2026-09-09 06:34:37,992 INFO sqlalchemy.engine.Engine SELECT pg_catalog.pg_type.typname 
FROM pg_catalog.pg_type JOIN pg_catalog.pg_namespace ON pg_catalog.pg_namespace.oid = pg_catalog.pg_type.typnamespace 
WHERE pg_catalog.pg_type.typname = $1::VARCHAR AND pg_catalog.pg_type_is_visible(pg_catalog.pg_type.oid) AND pg_catalog.pg_namespace.nspname != $2::VARCHAR
2026-09-09 06:34:37,993 INFO sqlalchemy.engine.Engine [generated in 0.00058s] ('role_utilisateur', 'pg_catalog')
2026-09-09 06:34:37,993 INFO sqlalchemy.engine.Engine SELECT pg_catalog.pg_type.typname 
FROM pg_catalog.pg_type JOIN pg_catalog.pg_namespace ON pg_catalog.pg_namespace.oid = pg_catalog.pg_type.typnamespace 
WHERE pg_catalog.pg_type.typname = $1::VARCHAR AND pg_catalog.pg_type_is_visible(pg_catalog.pg_type.oid) AND pg_catalog.pg_namespace.nspname != $2::VARCHAR
2026-09-09 06:34:37,995 INFO sqlalchemy.engine.Engine [cached since 0.002958s ago] ('statut_sante', 'pg_catalog')
2026-09-09 06:34:37,996 INFO sqlalchemy.engine.Engine SELECT pg_catalog.pg_type.typname 
FROM pg_catalog.pg_type JOIN pg_catalog.pg_namespace ON pg_catalog.pg_namespace.oid = pg_catalog.pg_type.typnamespace 
WHERE pg_catalog.pg_type.typname = $1::VARCHAR AND pg_catalog.pg_type_is_visible(pg_catalog.pg_type.oid) AND pg_catalog.pg_namespace.nspname != $2::VARCHAR
2026-09-09 06:34:37,996 INFO sqlalchemy.engine.Engine [cached since 0.004715s ago] ('statut_tache', 'pg_catalog')
2026-09-09 06:34:37,997 INFO sqlalchemy.engine.Engine SELECT pg_catalog.pg_type.typname 
FROM pg_catalog.pg_type JOIN pg_catalog.pg_namespace ON pg_catalog.pg_namespace.oid = pg_catalog.pg_type.typnamespace 
WHERE pg_catalog.pg_type.typname = $1::VARCHAR AND pg_catalog.pg_type_is_visible(pg_catalog.pg_type.oid) AND pg_catalog.pg_namespace.nspname != $2::VARCHAR
2026-09-09 06:34:37,998 INFO sqlalchemy.engine.Engine [cached since 0.006528s ago] ('priorite_tache', 'pg_catalog')
2026-09-09 06:34:37,999 INFO sqlalchemy.engine.Engine SELECT pg_catalog.pg_type.typname 
FROM pg_catalog.pg_type JOIN pg_catalog.pg_namespace ON pg_catalog.pg_namespace.oid = pg_catalog.pg_type.typnamespace 
WHERE pg_catalog.pg_type.typname = $1::VARCHAR AND pg_catalog.pg_type_is_visible(pg_catalog.pg_type.oid) AND pg_catalog.pg_namespace.nspname != $2::VARCHAR
2026-09-09 06:34:38,000 INFO sqlalchemy.engine.Engine [cached since 0.008153s ago] ('statut_facture', 'pg_catalog')
2026-09-09 06:34:38,001 INFO sqlalchemy.engine.Engine SELECT pg_catalog.pg_type.typname 
FROM pg_catalog.pg_type JOIN pg_catalog.pg_namespace ON pg_catalog.pg_namespace.oid = pg_catalog.pg_type.typnamespace 
WHERE pg_catalog.pg_type.typname = $1::VARCHAR AND pg_catalog.pg_type_is_visible(pg_catalog.pg_type.oid) AND pg_catalog.pg_namespace.nspname != $2::VARCHAR
2026-09-09 06:34:38,001 INFO sqlalchemy.engine.Engine [cached since 0.01012s ago] ('type_analyse_ia', 'pg_catalog')
2026-09-09 06:34:38,003 INFO sqlalchemy.engine.Engine SELECT pg_catalog.pg_type.typname 
FROM pg_catalog.pg_type JOIN pg_catalog.pg_namespace ON pg_catalog.pg_namespace.oid = pg_catalog.pg_type.typnamespace 
WHERE pg_catalog.pg_type.typname = $1::VARCHAR AND pg_catalog.pg_type_is_visible(pg_catalog.pg_type.oid) AND pg_catalog.pg_namespace.nspname != $2::VARCHAR
2026-09-09 06:34:38,004 INFO sqlalchemy.engine.Engine [cached since 0.01206s ago] ('statut_suggestion', 'pg_catalog')
2026-09-09 06:34:38,005 INFO sqlalchemy.engine.Engine SELECT pg_catalog.pg_type.typname 
FROM pg_catalog.pg_type JOIN pg_catalog.pg_namespace ON pg_catalog.pg_namespace.oid = pg_catalog.pg_type.typnamespace 
WHERE pg_catalog.pg_type.typname = $1::VARCHAR AND pg_catalog.pg_type_is_visible(pg_catalog.pg_type.oid) AND pg_catalog.pg_namespace.nspname != $2::VARCHAR
2026-09-09 06:34:38,005 INFO sqlalchemy.engine.Engine [cached since 0.0137s ago] ('type_absence', 'pg_catalog')
2026-09-09 06:34:38,006 INFO sqlalchemy.engine.Engine SELECT pg_catalog.pg_type.typname 
FROM pg_catalog.pg_type JOIN pg_catalog.pg_namespace ON pg_catalog.pg_namespace.oid = pg_catalog.pg_type.typnamespace 
WHERE pg_catalog.pg_type.typname = $1::VARCHAR AND pg_catalog.pg_type_is_visible(pg_catalog.pg_type.oid) AND pg_catalog.pg_namespace.nspname != $2::VARCHAR
2026-09-09 06:34:38,006 INFO sqlalchemy.engine.Engine [cached since 0.01533s ago] ('statut_absence', 'pg_catalog')
2026-09-09 06:34:38,008 INFO sqlalchemy.engine.Engine COMMIT
INFO:     127.0.0.1:10364 - "GET /health HTTP/1.1" 200 OK
INFO:     127.0.0.1:9353 - "GET /openapi.json HTTP/1.1" 200 OK
INFO:     127.0.0.1:7804 - "OPTIONS /auth/me HTTP/1.1" 200 OK
INFO:     127.0.0.1:13243 - "OPTIONS /auth/me HTTP/1.1" 200 OK
2026-09-09 06:53:45,319 INFO sqlalchemy.engine.Engine BEGIN (implicit)
2026-09-09 06:53:45,374 INFO sqlalchemy.engine.Engine SELECT utilisateur.id, utilisateur.nom, utilisateur.prenom, utilisateur.email, utilisateur.mot_de_passe_hash, utilisateur.role, utilisateur.client_id, utilisateur.metier, utilisateur.actif, utilisateur.cree_le 
FROM utilisateur 
WHERE utilisateur.id = $1::INTEGER
2026-09-09 06:53:45,374 INFO sqlalchemy.engine.Engine [generated in 0.00069s] (14,)
2026-09-09 06:53:45,390 INFO sqlalchemy.engine.Engine ROLLBACK
INFO:     127.0.0.1:7804 - "GET /auth/me HTTP/1.1" 200 OK
2026-09-09 06:53:45,394 INFO sqlalchemy.engine.Engine BEGIN (implicit)
2026-09-09 06:53:45,395 INFO sqlalchemy.engine.Engine SELECT utilisateur.id, utilisateur.nom, utilisateur.prenom, utilisateur.email, utilisateur.mot_de_passe_hash, utilisateur.role, utilisateur.client_id, utilisateur.metier, utilisateur.actif, utilisateur.cree_le 
FROM utilisateur 
WHERE utilisateur.id = $1::INTEGER
2026-09-09 06:53:45,396 INFO sqlalchemy.engine.Engine [cached since 0.02236s ago] (14,)
2026-09-09 06:53:45,398 INFO sqlalchemy.engine.Engine ROLLBACK
INFO:     127.0.0.1:7804 - "GET /auth/me HTTP/1.1" 200 OK
INFO:     127.0.0.1:7804 - "OPTIONS /notifications/count HTTP/1.1" 200 OK
INFO:     127.0.0.1:13243 - "OPTIONS /client/projets HTTP/1.1" 200 OK
2026-09-09 06:53:45,437 INFO sqlalchemy.engine.Engine BEGIN (implicit)
2026-09-09 06:53:45,444 INFO sqlalchemy.engine.Engine SELECT count(notification.id) AS count_1 
FROM notification 
WHERE notification.destinataire_id = $1::INTEGER AND notification.lu = false
2026-09-09 06:53:45,444 INFO sqlalchemy.engine.Engine [generated in 0.00060s] (14,)
2026-09-09 06:53:45,451 INFO sqlalchemy.engine.Engine ROLLBACK
INFO:     127.0.0.1:7804 - "GET /notifications/count HTTP/1.1" 200 OK
2026-09-09 06:53:45,455 INFO sqlalchemy.engine.Engine BEGIN (implicit)
2026-09-09 06:53:45,457 INFO sqlalchemy.engine.Engine SELECT count(notification.id) AS count_1 
FROM notification 
WHERE notification.destinataire_id = $1::INTEGER AND notification.lu = false
2026-09-09 06:53:45,458 INFO sqlalchemy.engine.Engine [cached since 0.01366s ago] (14,)
2026-09-09 06:53:45,458 INFO sqlalchemy.engine.Engine ROLLBACK
INFO:     127.0.0.1:7804 - "GET /notifications/count HTTP/1.1" 200 OK
2026-09-09 06:53:45,525 INFO sqlalchemy.engine.Engine BEGIN (implicit)
2026-09-09 06:53:45,529 INFO sqlalchemy.engine.Engine SELECT projet.id, projet.nom, projet.description, projet.client_id, projet.responsable_id, projet.date_debut, projet.date_fin_prevue, projet.statut_sante, projet.avancement_pct, projet.archive, projet.cree_le, projet.modifie_le 
FROM projet 
WHERE projet.client_id = $1::INTEGER AND projet.archive = false ORDER BY projet.cree_le DESC
2026-09-09 06:53:45,529 INFO sqlalchemy.engine.Engine [generated in 0.00074s] (1,)
2026-09-09 06:53:45,541 INFO sqlalchemy.engine.Engine ROLLBACK
INFO:     127.0.0.1:13243 - "GET /client/projets HTTP/1.1" 200 OK
2026-09-09 06:53:45,547 INFO sqlalchemy.engine.Engine BEGIN (implicit)
2026-09-09 06:53:45,547 INFO sqlalchemy.engine.Engine SELECT projet.id, projet.nom, projet.description, projet.client_id, projet.responsable_id, projet.date_debut, projet.date_fin_prevue, projet.statut_sante, projet.avancement_pct, projet.archive, projet.cree_le, projet.modifie_le 
FROM projet 
WHERE projet.client_id = $1::INTEGER AND projet.archive = false ORDER BY projet.cree_le DESC
2026-09-09 06:53:45,549 INFO sqlalchemy.engine.Engine [cached since 0.01989s ago] (1,)
INFO:     127.0.0.1:7804 - "OPTIONS /client/mon-projet?projet_id=22 HTTP/1.1" 200 OK
2026-09-09 06:53:45,555 INFO sqlalchemy.engine.Engine ROLLBACK
INFO:     127.0.0.1:7804 - "OPTIONS /client/mon-projet/avancement?projet_id=22 HTTP/1.1" 200 OK
INFO:     127.0.0.1:13243 - "GET /client/projets HTTP/1.1" 200 OK
INFO:     127.0.0.1:7804 - "OPTIONS /client/mon-projet/taches?projet_id=22 HTTP/1.1" 200 OK
2026-09-09 06:53:45,560 INFO sqlalchemy.engine.Engine BEGIN (implicit)
2026-09-09 06:53:45,561 INFO sqlalchemy.engine.Engine SELECT projet.id, projet.nom, projet.description, projet.client_id, projet.responsable_id, projet.date_debut, projet.date_fin_prevue, projet.statut_sante, projet.avancement_pct, projet.archive, projet.cree_le, projet.modifie_le 
FROM projet 
WHERE projet.client_id = $1::INTEGER AND projet.archive = false AND projet.id = $2::INTEGER ORDER BY projet.cree_le DESC
2026-09-09 06:53:45,561 INFO sqlalchemy.engine.Engine [generated in 0.00034s] (1, 22)
2026-09-09 06:53:45,562 INFO sqlalchemy.engine.Engine BEGIN (implicit)
2026-09-09 06:53:45,563 INFO sqlalchemy.engine.Engine SELECT projet.id, projet.nom, projet.description, projet.client_id, projet.responsable_id, projet.date_debut, projet.date_fin_prevue, projet.statut_sante, projet.avancement_pct, projet.archive, projet.cree_le, projet.modifie_le 
FROM projet 
WHERE projet.client_id = $1::INTEGER AND projet.archive = false AND projet.id = $2::INTEGER ORDER BY projet.cree_le DESC
2026-09-09 06:53:45,563 INFO sqlalchemy.engine.Engine [cached since 0.002389s ago] (1, 22)
INFO:     127.0.0.1:13243 - "OPTIONS /dashboard/alertes HTTP/1.1" 200 OK
2026-09-09 06:53:45,569 INFO sqlalchemy.engine.Engine ROLLBACK
2026-09-09 06:53:45,571 INFO sqlalchemy.engine.Engine SELECT count(tache.id) AS count_1 
FROM tache 
WHERE tache.projet_id = $1::INTEGER AND tache.statut = $2::statut_tache
2026-09-09 06:53:45,571 INFO sqlalchemy.engine.Engine [generated in 0.00067s] (22, 'a_faire')
INFO:     127.0.0.1:11180 - "GET /client/mon-projet?projet_id=22 HTTP/1.1" 200 OK
2026-09-09 06:53:45,577 INFO sqlalchemy.engine.Engine BEGIN (implicit)
2026-09-09 06:53:45,579 INFO sqlalchemy.engine.Engine SELECT projet.id, projet.nom, projet.description, projet.client_id, projet.responsable_id, projet.date_debut, projet.date_fin_prevue, projet.statut_sante, projet.avancement_pct, projet.archive, projet.cree_le, projet.modifie_le 
FROM projet 
WHERE projet.archive = false AND projet.client_id = $1::INTEGER
2026-09-09 06:53:45,579 INFO sqlalchemy.engine.Engine [generated in 0.00042s] (1,)
2026-09-09 06:53:45,581 INFO sqlalchemy.engine.Engine SELECT tache.id, tache.projet_id, tache.titre, tache.description, tache.statut, tache.priorite, tache.echeance, tache.responsable_id, tache.ordre, tache.cree_le, tache.modifie_le 
FROM tache 
WHERE tache.projet_id IN ($4::INTEGER, $5::INTEGER, $6::INTEGER, $7::INTEGER) AND tache.echeance < $1::DATE AND tache.statut != $2::statut_tache 
 LIMIT $3::INTEGER
2026-09-09 06:53:45,581 INFO sqlalchemy.engine.Engine [generated in 0.00055s] (datetime.date(2026, 9, 9), 'termine', 9, 22, 2, 1, 15)
2026-09-09 06:53:45,581 INFO sqlalchemy.engine.Engine SELECT count(tache.id) AS count_1 
FROM tache 
WHERE tache.projet_id = $1::INTEGER AND tache.statut = $2::statut_tache
2026-09-09 06:53:45,581 INFO sqlalchemy.engine.Engine [cached since 0.01372s ago] (22, 'en_cours')
2026-09-09 06:53:45,586 INFO sqlalchemy.engine.Engine SELECT count(tache.id) AS count_1 
FROM tache 
WHERE tache.projet_id = $1::INTEGER AND tache.statut = $2::statut_tache
2026-09-09 06:53:45,587 INFO sqlalchemy.engine.Engine [cached since 0.01564s ago] (22, 'en_revue')
2026-09-09 06:53:45,588 INFO sqlalchemy.engine.Engine SELECT count(tache.id) AS count_1 
FROM tache 
WHERE tache.projet_id = $1::INTEGER AND tache.statut = $2::statut_tache
2026-09-09 06:53:45,589 INFO sqlalchemy.engine.Engine [cached since 0.01751s ago] (22, 'termine')
2026-09-09 06:53:45,589 INFO sqlalchemy.engine.Engine ROLLBACK
INFO:     127.0.0.1:7804 - "GET /client/mon-projet/avancement?projet_id=22 HTTP/1.1" 200 OK
2026-09-09 06:53:45,594 INFO sqlalchemy.engine.Engine BEGIN (implicit)
2026-09-09 06:53:45,594 INFO sqlalchemy.engine.Engine SELECT projet.id, projet.nom, projet.description, projet.client_id, projet.responsable_id, projet.date_debut, projet.date_fin_prevue, projet.statut_sante, projet.avancement_pct, projet.archive, projet.cree_le, projet.modifie_le 
FROM projet 
WHERE projet.client_id = $1::INTEGER AND projet.archive = false AND projet.id = $2::INTEGER ORDER BY projet.cree_le DESC
2026-09-09 06:53:45,594 INFO sqlalchemy.engine.Engine [cached since 0.03394s ago] (1, 22)
2026-09-09 06:53:45,598 INFO sqlalchemy.engine.Engine SELECT tache.id, tache.projet_id, tache.titre, tache.description, tache.statut, tache.priorite, tache.echeance, tache.responsable_id, tache.ordre, tache.cree_le, tache.modifie_le 
FROM tache 
WHERE tache.projet_id IN ($5::INTEGER, $6::INTEGER, $7::INTEGER, $8::INTEGER) AND tache.echeance <= $1::DATE AND tache.echeance >= $2::DATE AND tache.statut != $3::statut_tache ORDER BY tache.echeance 
 LIMIT $4::INTEGER
2026-09-09 06:53:45,598 INFO sqlalchemy.engine.Engine [generated in 0.00064s] (datetime.date(2026, 9, 16), datetime.date(2026, 9, 9), 'termine', 7, 22, 2, 1, 15)
2026-09-09 06:53:45,600 INFO sqlalchemy.engine.Engine ROLLBACK
2026-09-09 06:53:45,601 INFO sqlalchemy.engine.Engine ROLLBACK
INFO:     127.0.0.1:7804 - "GET /client/mon-projet?projet_id=22 HTTP/1.1" 200 OK
INFO:     127.0.0.1:11180 - "GET /dashboard/alertes HTTP/1.1" 200 OK
2026-09-09 06:53:45,606 INFO sqlalchemy.engine.Engine BEGIN (implicit)
2026-09-09 06:53:45,606 INFO sqlalchemy.engine.Engine SELECT projet.id, projet.nom, projet.description, projet.client_id, projet.responsable_id, projet.date_debut, projet.date_fin_prevue, projet.statut_sante, projet.avancement_pct, projet.archive, projet.cree_le, projet.modifie_le 
FROM projet 
WHERE projet.client_id = $1::INTEGER AND projet.archive = false AND projet.id = $2::INTEGER ORDER BY projet.cree_le DESC
2026-09-09 06:53:45,606 INFO sqlalchemy.engine.Engine [cached since 0.04557s ago] (1, 22)
2026-09-09 06:53:45,606 INFO sqlalchemy.engine.Engine BEGIN (implicit)
2026-09-09 06:53:45,606 INFO sqlalchemy.engine.Engine SELECT projet.id, projet.nom, projet.description, projet.client_id, projet.responsable_id, projet.date_debut, projet.date_fin_prevue, projet.statut_sante, projet.avancement_pct, projet.archive, projet.cree_le, projet.modifie_le 
FROM projet 
WHERE projet.archive = false AND projet.client_id = $1::INTEGER
2026-09-09 06:53:45,606 INFO sqlalchemy.engine.Engine [cached since 0.03012s ago] (1,)
2026-09-09 06:53:45,643 INFO sqlalchemy.engine.Engine SELECT count(tache.id) AS count_1 
FROM tache 
WHERE tache.projet_id = $1::INTEGER AND tache.statut = $2::statut_tache
2026-09-09 06:53:45,643 INFO sqlalchemy.engine.Engine [cached since 0.07263s ago] (22, 'a_faire')
2026-09-09 06:53:45,645 INFO sqlalchemy.engine.Engine SELECT tache.id, tache.projet_id, tache.titre, tache.description, tache.statut, tache.priorite, tache.echeance, tache.responsable_id, tache.ordre, tache.cree_le, tache.modifie_le 
FROM tache 
WHERE tache.projet_id IN ($4::INTEGER, $5::INTEGER, $6::INTEGER, $7::INTEGER) AND tache.echeance < $1::DATE AND tache.statut != $2::statut_tache 
 LIMIT $3::INTEGER
2026-09-09 06:53:45,645 INFO sqlalchemy.engine.Engine [cached since 0.06393s ago] (datetime.date(2026, 9, 9), 'termine', 9, 22, 2, 1, 15)
2026-09-09 06:53:45,649 INFO sqlalchemy.engine.Engine SELECT count(tache.id) AS count_1 
FROM tache 
WHERE tache.projet_id = $1::INTEGER AND tache.statut = $2::statut_tache
2026-09-09 06:53:45,649 INFO sqlalchemy.engine.Engine [cached since 0.07829s ago] (22, 'en_cours')
2026-09-09 06:53:45,652 INFO sqlalchemy.engine.Engine SELECT tache.id, tache.projet_id, tache.titre, tache.description, tache.statut, tache.priorite, tache.echeance, tache.responsable_id, tache.ordre, tache.cree_le, tache.modifie_le 
FROM tache 
WHERE tache.projet_id IN ($5::INTEGER, $6::INTEGER, $7::INTEGER, $8::INTEGER) AND tache.echeance <= $1::DATE AND tache.echeance >= $2::DATE AND tache.statut != $3::statut_tache ORDER BY tache.echeance 
 LIMIT $4::INTEGER
2026-09-09 06:53:45,652 INFO sqlalchemy.engine.Engine [cached since 0.05452s ago] (datetime.date(2026, 9, 16), datetime.date(2026, 9, 9), 'termine', 7, 22, 2, 1, 15)
2026-09-09 06:53:45,652 INFO sqlalchemy.engine.Engine SELECT count(tache.id) AS count_1 
FROM tache 
WHERE tache.projet_id = $1::INTEGER AND tache.statut = $2::statut_tache
2026-09-09 06:53:45,654 INFO sqlalchemy.engine.Engine [cached since 0.08243s ago] (22, 'en_revue')
2026-09-09 06:53:45,655 INFO sqlalchemy.engine.Engine ROLLBACK
2026-09-09 06:53:45,656 INFO sqlalchemy.engine.Engine SELECT count(tache.id) AS count_1 
FROM tache 
WHERE tache.projet_id = $1::INTEGER AND tache.statut = $2::statut_tache
2026-09-09 06:53:45,656 INFO sqlalchemy.engine.Engine [cached since 0.08513s ago] (22, 'termine')
INFO:     127.0.0.1:11180 - "GET /dashboard/alertes HTTP/1.1" 200 OK
2026-09-09 06:53:45,657 INFO sqlalchemy.engine.Engine ROLLBACK
INFO:     127.0.0.1:7804 - "GET /client/mon-projet/avancement?projet_id=22 HTTP/1.1" 200 OK
2026-09-09 06:53:45,659 INFO sqlalchemy.engine.Engine BEGIN (implicit)
2026-09-09 06:53:45,659 INFO sqlalchemy.engine.Engine SELECT projet.id, projet.nom, projet.description, projet.client_id, projet.responsable_id, projet.date_debut, projet.date_fin_prevue, projet.statut_sante, projet.avancement_pct, projet.archive, projet.cree_le, projet.modifie_le 
FROM projet 
WHERE projet.client_id = $1::INTEGER AND projet.archive = false AND projet.id = $2::INTEGER ORDER BY projet.cree_le DESC
2026-09-09 06:53:45,660 INFO sqlalchemy.engine.Engine [cached since 0.09885s ago] (1, 22)
2026-09-09 06:53:45,670 INFO sqlalchemy.engine.Engine SELECT tache.id, tache.projet_id, tache.titre, tache.description, tache.statut, tache.priorite, tache.echeance, tache.responsable_id, tache.ordre, tache.cree_le, tache.modifie_le 
FROM tache 
WHERE tache.projet_id = $1::INTEGER ORDER BY tache.statut, tache.ordre
2026-09-09 06:53:45,670 INFO sqlalchemy.engine.Engine [generated in 0.00054s] (22,)
2026-09-09 06:53:45,677 INFO sqlalchemy.engine.Engine ROLLBACK
INFO:     127.0.0.1:13243 - "GET /client/mon-projet/taches?projet_id=22 HTTP/1.1" 200 OK
2026-09-09 06:53:45,680 INFO sqlalchemy.engine.Engine BEGIN (implicit)
2026-09-09 06:53:45,680 INFO sqlalchemy.engine.Engine SELECT projet.id, projet.nom, projet.description, projet.client_id, projet.responsable_id, projet.date_debut, projet.date_fin_prevue, projet.statut_sante, projet.avancement_pct, projet.archive, projet.cree_le, projet.modifie_le 
FROM projet 
WHERE projet.client_id = $1::INTEGER AND projet.archive = false AND projet.id = $2::INTEGER ORDER BY projet.cree_le DESC
2026-09-09 06:53:45,680 INFO sqlalchemy.engine.Engine [cached since 0.1235s ago] (1, 22)
2026-09-09 06:53:45,686 INFO sqlalchemy.engine.Engine SELECT tache.id, tache.projet_id, tache.titre, tache.description, tache.statut, tache.priorite, tache.echeance, tache.responsable_id, tache.ordre, tache.cree_le, tache.modifie_le 
FROM tache 
WHERE tache.projet_id = $1::INTEGER ORDER BY tache.statut, tache.ordre
2026-09-09 06:53:45,687 INFO sqlalchemy.engine.Engine [cached since 0.01545s ago] (22,)
2026-09-09 06:53:45,690 INFO sqlalchemy.engine.Engine ROLLBACK
INFO:     127.0.0.1:13243 - "GET /client/mon-projet/taches?projet_id=22 HTTP/1.1" 200 OK
2026-09-09 06:54:16,228 INFO sqlalchemy.engine.Engine BEGIN (implicit)
2026-09-09 06:54:16,229 INFO sqlalchemy.engine.Engine SELECT count(notification.id) AS count_1 
FROM notification 
WHERE notification.destinataire_id = $1::INTEGER AND notification.lu = false
2026-09-09 06:54:16,230 INFO sqlalchemy.engine.Engine [cached since 30.79s ago] (14,)
2026-09-09 06:54:16,231 INFO sqlalchemy.engine.Engine ROLLBACK
INFO:     127.0.0.1:13652 - "GET /notifications/count HTTP/1.1" 200 OK
2026-09-09 06:54:46,549 INFO sqlalchemy.engine.Engine BEGIN (implicit)
2026-09-09 06:54:46,551 INFO sqlalchemy.engine.Engine SELECT count(notification.id) AS count_1 
FROM notification 
WHERE notification.destinataire_id = $1::INTEGER AND notification.lu = false
2026-09-09 06:54:46,551 INFO sqlalchemy.engine.Engine [cached since 61.11s ago] (14,)
2026-09-09 06:54:46,551 INFO sqlalchemy.engine.Engine ROLLBACK
INFO:     127.0.0.1:5039 - "GET /notifications/count HTTP/1.1" 200 OK
2026-09-09 06:55:16,219 INFO sqlalchemy.engine.Engine BEGIN (implicit)
2026-09-09 06:55:16,220 INFO sqlalchemy.engine.Engine SELECT count(notification.id) AS count_1 
FROM notification 
WHERE notification.destinataire_id = $1::INTEGER AND notification.lu = false
2026-09-09 06:55:16,221 INFO sqlalchemy.engine.Engine [cached since 90.78s ago] (14,)
2026-09-09 06:55:16,223 INFO sqlalchemy.engine.Engine ROLLBACK
INFO:     127.0.0.1:12258 - "GET /notifications/count HTTP/1.1" 200 OK
2026-09-09 06:55:46,537 INFO sqlalchemy.engine.Engine BEGIN (implicit)
2026-09-09 06:55:46,538 INFO sqlalchemy.engine.Engine SELECT count(notification.id) AS count_1 
FROM notification 
WHERE notification.destinataire_id = $1::INTEGER AND notification.lu = false
2026-09-09 06:55:46,538 INFO sqlalchemy.engine.Engine [cached since 121.1s ago] (14,)
2026-09-09 06:55:46,540 INFO sqlalchemy.engine.Engine ROLLBACK
INFO:     127.0.0.1:6621 - "GET /notifications/count HTTP/1.1" 200 OK
2026-09-09 06:56:16,239 INFO sqlalchemy.engine.Engine BEGIN (implicit)
2026-09-09 06:56:16,240 INFO sqlalchemy.engine.Engine SELECT count(notification.id) AS count_1 
FROM notification 
WHERE notification.destinataire_id = $1::INTEGER AND notification.lu = false
2026-09-09 06:56:16,240 INFO sqlalchemy.engine.Engine [cached since 150.8s ago] (14,)
2026-09-09 06:56:16,243 INFO sqlalchemy.engine.Engine ROLLBACK
INFO:     127.0.0.1:13220 - "GET /notifications/count HTTP/1.1" 200 OK
INFO:     127.0.0.1:13658 - "GET /health HTTP/1.1" 200 OK
INFO:     127.0.0.1:13658 - "GET /openapi.json HTTP/1.1" 200 OK
2026-09-09 06:56:46,537 INFO sqlalchemy.engine.Engine BEGIN (implicit)
2026-09-09 06:56:46,542 INFO sqlalchemy.engine.Engine SELECT count(notification.id) AS count_1 
FROM notification 
WHERE notification.destinataire_id = $1::INTEGER AND notification.lu = false
2026-09-09 06:56:46,542 INFO sqlalchemy.engine.Engine [cached since 181.1s ago] (14,)
2026-09-09 06:56:46,544 INFO sqlalchemy.engine.Engine ROLLBACK
INFO:     127.0.0.1:1386 - "GET /notifications/count HTTP/1.1" 200 OK
2026-09-09 06:57:35,216 INFO sqlalchemy.engine.Engine BEGIN (implicit)
2026-09-09 06:57:35,216 INFO sqlalchemy.engine.Engine SELECT count(notification.id) AS count_1 
FROM notification 
WHERE notification.destinataire_id = $1::INTEGER AND notification.lu = false
2026-09-09 06:57:35,217 INFO sqlalchemy.engine.Engine [cached since 229.8s ago] (14,)
2026-09-09 06:57:35,219 INFO sqlalchemy.engine.Engine ROLLBACK
INFO:     127.0.0.1:2085 - "GET /notifications/count HTTP/1.1" 200 OK
INFO:     127.0.0.1:2085 - "OPTIONS /client/mon-projet?projet_id=15 HTTP/1.1" 200 OK
INFO:     127.0.0.1:2085 - "OPTIONS /client/mon-projet/avancement?projet_id=15 HTTP/1.1" 200 OK
INFO:     127.0.0.1:2085 - "OPTIONS /client/mon-projet/taches?projet_id=15 HTTP/1.1" 200 OK
2026-09-09 06:57:39,875 INFO sqlalchemy.engine.Engine BEGIN (implicit)
2026-09-09 06:57:39,876 INFO sqlalchemy.engine.Engine SELECT projet.id, projet.nom, projet.description, projet.client_id, projet.responsable_id, projet.date_debut, projet.date_fin_prevue, projet.statut_sante, projet.avancement_pct, projet.archive, projet.cree_le, projet.modifie_le 
FROM projet 
WHERE projet.client_id = $1::INTEGER AND projet.archive = false AND projet.id = $2::INTEGER ORDER BY projet.cree_le DESC
2026-09-09 06:57:39,876 INFO sqlalchemy.engine.Engine [cached since 234.3s ago] (1, 15)
2026-09-09 06:57:39,877 INFO sqlalchemy.engine.Engine ROLLBACK
INFO:     127.0.0.1:2085 - "GET /client/mon-projet?projet_id=15 HTTP/1.1" 200 OK
2026-09-09 06:57:39,881 INFO sqlalchemy.engine.Engine BEGIN (implicit)
2026-09-09 06:57:39,882 INFO sqlalchemy.engine.Engine SELECT projet.id, projet.nom, projet.description, projet.client_id, projet.responsable_id, projet.date_debut, projet.date_fin_prevue, projet.statut_sante, projet.avancement_pct, projet.archive, projet.cree_le, projet.modifie_le 
FROM projet 
WHERE projet.archive = false AND projet.client_id = $1::INTEGER
2026-09-09 06:57:39,883 INFO sqlalchemy.engine.Engine [cached since 234.3s ago] (1,)
2026-09-09 06:57:39,884 INFO sqlalchemy.engine.Engine SELECT tache.id, tache.projet_id, tache.titre, tache.description, tache.statut, tache.priorite, tache.echeance, tache.responsable_id, tache.ordre, tache.cree_le, tache.modifie_le 
FROM tache 
WHERE tache.projet_id IN ($4::INTEGER, $5::INTEGER, $6::INTEGER, $7::INTEGER) AND tache.echeance < $1::DATE AND tache.statut != $2::statut_tache 
 LIMIT $3::INTEGER
2026-09-09 06:57:39,885 INFO sqlalchemy.engine.Engine [cached since 234.3s ago] (datetime.date(2026, 9, 9), 'termine', 9, 22, 2, 1, 15)
2026-09-09 06:57:39,886 INFO sqlalchemy.engine.Engine SELECT tache.id, tache.projet_id, tache.titre, tache.description, tache.statut, tache.priorite, tache.echeance, tache.responsable_id, tache.ordre, tache.cree_le, tache.modifie_le 
FROM tache 
WHERE tache.projet_id IN ($5::INTEGER, $6::INTEGER, $7::INTEGER, $8::INTEGER) AND tache.echeance <= $1::DATE AND tache.echeance >= $2::DATE AND tache.statut != $3::statut_tache ORDER BY tache.echeance 
 LIMIT $4::INTEGER
2026-09-09 06:57:39,887 INFO sqlalchemy.engine.Engine [cached since 234.3s ago] (datetime.date(2026, 9, 16), datetime.date(2026, 9, 9), 'termine', 7, 22, 2, 1, 15)
2026-09-09 06:57:39,888 INFO sqlalchemy.engine.Engine ROLLBACK
INFO:     127.0.0.1:2085 - "GET /dashboard/alertes HTTP/1.1" 200 OK
2026-09-09 06:57:39,891 INFO sqlalchemy.engine.Engine BEGIN (implicit)
2026-09-09 06:57:39,891 INFO sqlalchemy.engine.Engine SELECT projet.id, projet.nom, projet.description, projet.client_id, projet.responsable_id, projet.date_debut, projet.date_fin_prevue, projet.statut_sante, projet.avancement_pct, projet.archive, projet.cree_le, projet.modifie_le 
FROM projet 
WHERE projet.client_id = $1::INTEGER AND projet.archive = false AND projet.id = $2::INTEGER ORDER BY projet.cree_le DESC
2026-09-09 06:57:39,891 INFO sqlalchemy.engine.Engine [cached since 234.3s ago] (1, 15)
2026-09-09 06:57:39,891 INFO sqlalchemy.engine.Engine SELECT count(tache.id) AS count_1 
FROM tache 
WHERE tache.projet_id = $1::INTEGER AND tache.statut = $2::statut_tache
2026-09-09 06:57:39,891 INFO sqlalchemy.engine.Engine [cached since 234.3s ago] (15, 'a_faire')
2026-09-09 06:57:39,891 INFO sqlalchemy.engine.Engine SELECT count(tache.id) AS count_1 
FROM tache 
WHERE tache.projet_id = $1::INTEGER AND tache.statut = $2::statut_tache
2026-09-09 06:57:39,891 INFO sqlalchemy.engine.Engine [cached since 234.3s ago] (15, 'en_cours')
2026-09-09 06:57:39,891 INFO sqlalchemy.engine.Engine SELECT count(tache.id) AS count_1 
FROM tache 
WHERE tache.projet_id = $1::INTEGER AND tache.statut = $2::statut_tache
2026-09-09 06:57:39,899 INFO sqlalchemy.engine.Engine [cached since 234.3s ago] (15, 'en_revue')
2026-09-09 06:57:39,899 INFO sqlalchemy.engine.Engine SELECT count(tache.id) AS count_1 
FROM tache 
WHERE tache.projet_id = $1::INTEGER AND tache.statut = $2::statut_tache
2026-09-09 06:57:39,899 INFO sqlalchemy.engine.Engine [cached since 234.3s ago] (15, 'termine')
2026-09-09 06:57:39,899 INFO sqlalchemy.engine.Engine ROLLBACK
INFO:     127.0.0.1:2085 - "GET /client/mon-projet/avancement?projet_id=15 HTTP/1.1" 200 OK
2026-09-09 06:57:39,908 INFO sqlalchemy.engine.Engine BEGIN (implicit)
2026-09-09 06:57:39,909 INFO sqlalchemy.engine.Engine SELECT projet.id, projet.nom, projet.description, projet.client_id, projet.responsable_id, projet.date_debut, projet.date_fin_prevue, projet.statut_sante, projet.avancement_pct, projet.archive, projet.cree_le, projet.modifie_le 
FROM projet 
WHERE projet.client_id = $1::INTEGER AND projet.archive = false AND projet.id = $2::INTEGER ORDER BY projet.cree_le DESC
2026-09-09 06:57:39,909 INFO sqlalchemy.engine.Engine [cached since 234.3s ago] (1, 15)
2026-09-09 06:57:39,909 INFO sqlalchemy.engine.Engine SELECT tache.id, tache.projet_id, tache.titre, tache.description, tache.statut, tache.priorite, tache.echeance, tache.responsable_id, tache.ordre, tache.cree_le, tache.modifie_le 
FROM tache 
WHERE tache.projet_id = $1::INTEGER ORDER BY tache.statut, tache.ordre
2026-09-09 06:57:39,909 INFO sqlalchemy.engine.Engine [cached since 234.2s ago] (15,)
2026-09-09 06:57:39,909 INFO sqlalchemy.engine.Engine ROLLBACK
INFO:     127.0.0.1:2085 - "GET /client/mon-projet/taches?projet_id=15 HTTP/1.1" 200 OK
INFO:     127.0.0.1:2085 - "OPTIONS /client/mon-projet?projet_id=2 HTTP/1.1" 200 OK
2026-09-09 06:57:44,579 INFO sqlalchemy.engine.Engine BEGIN (implicit)
2026-09-09 06:57:44,579 INFO sqlalchemy.engine.Engine SELECT projet.id, projet.nom, projet.description, projet.client_id, projet.responsable_id, projet.date_debut, projet.date_fin_prevue, projet.statut_sante, projet.avancement_pct, projet.archive, projet.cree_le, projet.modifie_le 
FROM projet 
WHERE projet.archive = false AND projet.client_id = $1::INTEGER
2026-09-09 06:57:44,579 INFO sqlalchemy.engine.Engine [cached since 239s ago] (1,)
INFO:     127.0.0.1:3491 - "OPTIONS /client/mon-projet/avancement?projet_id=2 HTTP/1.1" 200 OK
INFO:     127.0.0.1:4759 - "OPTIONS /client/mon-projet/taches?projet_id=2 HTTP/1.1" 200 OK
2026-09-09 06:57:44,587 INFO sqlalchemy.engine.Engine BEGIN (implicit)
2026-09-09 06:57:44,587 INFO sqlalchemy.engine.Engine SELECT projet.id, projet.nom, projet.description, projet.client_id, projet.responsable_id, projet.date_debut, projet.date_fin_prevue, projet.statut_sante, projet.avancement_pct, projet.archive, projet.cree_le, projet.modifie_le 
FROM projet 
WHERE projet.client_id = $1::INTEGER AND projet.archive = false AND projet.id = $2::INTEGER ORDER BY projet.cree_le DESC
2026-09-09 06:57:44,587 INFO sqlalchemy.engine.Engine [cached since 239s ago] (1, 2)
2026-09-09 06:57:44,592 INFO sqlalchemy.engine.Engine SELECT tache.id, tache.projet_id, tache.titre, tache.description, tache.statut, tache.priorite, tache.echeance, tache.responsable_id, tache.ordre, tache.cree_le, tache.modifie_le 
FROM tache 
WHERE tache.projet_id IN ($4::INTEGER, $5::INTEGER, $6::INTEGER, $7::INTEGER) AND tache.echeance < $1::DATE AND tache.statut != $2::statut_tache 
 LIMIT $3::INTEGER
2026-09-09 06:57:44,592 INFO sqlalchemy.engine.Engine [cached since 239s ago] (datetime.date(2026, 9, 9), 'termine', 9, 22, 2, 1, 15)
2026-09-09 06:57:44,595 INFO sqlalchemy.engine.Engine BEGIN (implicit)
2026-09-09 06:57:44,595 INFO sqlalchemy.engine.Engine SELECT projet.id, projet.nom, projet.description, projet.client_id, projet.responsable_id, projet.date_debut, projet.date_fin_prevue, projet.statut_sante, projet.avancement_pct, projet.archive, projet.cree_le, projet.modifie_le 
FROM projet 
WHERE projet.client_id = $1::INTEGER AND projet.archive = false AND projet.id = $2::INTEGER ORDER BY projet.cree_le DESC
2026-09-09 06:57:44,595 INFO sqlalchemy.engine.Engine [cached since 239s ago] (1, 2)
2026-09-09 06:57:44,606 INFO sqlalchemy.engine.Engine SELECT tache.id, tache.projet_id, tache.titre, tache.description, tache.statut, tache.priorite, tache.echeance, tache.responsable_id, tache.ordre, tache.cree_le, tache.modifie_le 
FROM tache 
WHERE tache.projet_id IN ($5::INTEGER, $6::INTEGER, $7::INTEGER, $8::INTEGER) AND tache.echeance <= $1::DATE AND tache.echeance >= $2::DATE AND tache.statut != $3::statut_tache ORDER BY tache.echeance 
 LIMIT $4::INTEGER
2026-09-09 06:57:44,606 INFO sqlalchemy.engine.Engine [cached since 239s ago] (datetime.date(2026, 9, 16), datetime.date(2026, 9, 9), 'termine', 7, 22, 2, 1, 15)
2026-09-09 06:57:44,609 INFO sqlalchemy.engine.Engine ROLLBACK
2026-09-09 06:57:44,611 INFO sqlalchemy.engine.Engine ROLLBACK
2026-09-09 06:57:44,613 INFO sqlalchemy.engine.Engine SELECT count(tache.id) AS count_1 
FROM tache 
WHERE tache.projet_id = $1::INTEGER AND tache.statut = $2::statut_tache
2026-09-09 06:57:44,614 INFO sqlalchemy.engine.Engine [cached since 239s ago] (2, 'a_faire')
INFO:     127.0.0.1:2085 - "GET /client/mon-projet?projet_id=2 HTTP/1.1" 200 OK
INFO:     127.0.0.1:7711 - "GET /dashboard/alertes HTTP/1.1" 200 OK
2026-09-09 06:57:44,618 INFO sqlalchemy.engine.Engine SELECT count(tache.id) AS count_1 
FROM tache 
WHERE tache.projet_id = $1::INTEGER AND tache.statut = $2::statut_tache
2026-09-09 06:57:44,619 INFO sqlalchemy.engine.Engine [cached since 239s ago] (2, 'en_cours')
2026-09-09 06:57:44,620 INFO sqlalchemy.engine.Engine SELECT count(tache.id) AS count_1 
FROM tache 
WHERE tache.projet_id = $1::INTEGER AND tache.statut = $2::statut_tache
2026-09-09 06:57:44,621 INFO sqlalchemy.engine.Engine [cached since 239s ago] (2, 'en_revue')
2026-09-09 06:57:44,623 INFO sqlalchemy.engine.Engine SELECT count(tache.id) AS count_1 
FROM tache 
WHERE tache.projet_id = $1::INTEGER AND tache.statut = $2::statut_tache
2026-09-09 06:57:44,624 INFO sqlalchemy.engine.Engine [cached since 239.1s ago] (2, 'termine')
2026-09-09 06:57:44,625 INFO sqlalchemy.engine.Engine ROLLBACK
INFO:     127.0.0.1:3491 - "GET /client/mon-projet/avancement?projet_id=2 HTTP/1.1" 200 OK
2026-09-09 06:57:44,668 INFO sqlalchemy.engine.Engine BEGIN (implicit)
2026-09-09 06:57:44,668 INFO sqlalchemy.engine.Engine SELECT projet.id, projet.nom, projet.description, projet.client_id, projet.responsable_id, projet.date_debut, projet.date_fin_prevue, projet.statut_sante, projet.avancement_pct, projet.archive, projet.cree_le, projet.modifie_le 
FROM projet 
WHERE projet.client_id = $1::INTEGER AND projet.archive = false AND projet.id = $2::INTEGER ORDER BY projet.cree_le DESC
2026-09-09 06:57:44,668 INFO sqlalchemy.engine.Engine [cached since 239.1s ago] (1, 2)
2026-09-09 06:57:44,680 INFO sqlalchemy.engine.Engine SELECT tache.id, tache.projet_id, tache.titre, tache.description, tache.statut, tache.priorite, tache.echeance, tache.responsable_id, tache.ordre, tache.cree_le, tache.modifie_le 
FROM tache 
WHERE tache.projet_id = $1::INTEGER ORDER BY tache.statut, tache.ordre
2026-09-09 06:57:44,680 INFO sqlalchemy.engine.Engine [cached since 239s ago] (2,)
2026-09-09 06:57:44,694 INFO sqlalchemy.engine.Engine ROLLBACK
INFO:     127.0.0.1:4759 - "GET /client/mon-projet/taches?projet_id=2 HTTP/1.1" 200 OK
2026-09-09 06:57:45,428 INFO sqlalchemy.engine.Engine BEGIN (implicit)
2026-09-09 06:57:45,428 INFO sqlalchemy.engine.Engine SELECT count(notification.id) AS count_1 
FROM notification 
WHERE notification.destinataire_id = $1::INTEGER AND notification.lu = false
2026-09-09 06:57:45,428 INFO sqlalchemy.engine.Engine [cached since 240s ago] (14,)
2026-09-09 06:57:45,428 INFO sqlalchemy.engine.Engine ROLLBACK
INFO:     127.0.0.1:4759 - "GET /notifications/count HTTP/1.1" 200 OK
INFO:     127.0.0.1:4759 - "OPTIONS /client/mon-projet?projet_id=1 HTTP/1.1" 200 OK
INFO:     127.0.0.1:7711 - "OPTIONS /client/mon-projet/taches?projet_id=1 HTTP/1.1" 200 OK
INFO:     127.0.0.1:3491 - "OPTIONS /client/mon-projet/avancement?projet_id=1 HTTP/1.1" 200 OK
2026-09-09 06:57:46,510 INFO sqlalchemy.engine.Engine BEGIN (implicit)
2026-09-09 06:57:46,510 INFO sqlalchemy.engine.Engine SELECT projet.id, projet.nom, projet.description, projet.client_id, projet.responsable_id, projet.date_debut, projet.date_fin_prevue, projet.statut_sante, projet.avancement_pct, projet.archive, projet.cree_le, projet.modifie_le 
FROM projet 
WHERE projet.archive = false AND projet.client_id = $1::INTEGER
2026-09-09 06:57:46,510 INFO sqlalchemy.engine.Engine [cached since 240.9s ago] (1,)
2026-09-09 06:57:46,515 INFO sqlalchemy.engine.Engine BEGIN (implicit)
2026-09-09 06:57:46,515 INFO sqlalchemy.engine.Engine SELECT projet.id, projet.nom, projet.description, projet.client_id, projet.responsable_id, projet.date_debut, projet.date_fin_prevue, projet.statut_sante, projet.avancement_pct, projet.archive, projet.cree_le, projet.modifie_le 
FROM projet 
WHERE projet.client_id = $1::INTEGER AND projet.archive = false AND projet.id = $2::INTEGER ORDER BY projet.cree_le DESC
2026-09-09 06:57:46,515 INFO sqlalchemy.engine.Engine [cached since 241s ago] (1, 1)
2026-09-09 06:57:46,519 INFO sqlalchemy.engine.Engine BEGIN (implicit)
2026-09-09 06:57:46,519 INFO sqlalchemy.engine.Engine SELECT projet.id, projet.nom, projet.description, projet.client_id, projet.responsable_id, projet.date_debut, projet.date_fin_prevue, projet.statut_sante, projet.avancement_pct, projet.archive, projet.cree_le, projet.modifie_le 
FROM projet 
WHERE projet.client_id = $1::INTEGER AND projet.archive = false AND projet.id = $2::INTEGER ORDER BY projet.cree_le DESC
2026-09-09 06:57:46,519 INFO sqlalchemy.engine.Engine [cached since 241s ago] (1, 1)
2026-09-09 06:57:46,521 INFO sqlalchemy.engine.Engine BEGIN (implicit)
2026-09-09 06:57:46,522 INFO sqlalchemy.engine.Engine SELECT projet.id, projet.nom, projet.description, projet.client_id, projet.responsable_id, projet.date_debut, projet.date_fin_prevue, projet.statut_sante, projet.avancement_pct, projet.archive, projet.cree_le, projet.modifie_le 
FROM projet 
WHERE projet.client_id = $1::INTEGER AND projet.archive = false AND projet.id = $2::INTEGER ORDER BY projet.cree_le DESC
2026-09-09 06:57:46,523 INFO sqlalchemy.engine.Engine [cached since 241s ago] (1, 1)
2026-09-09 06:57:46,526 INFO sqlalchemy.engine.Engine SELECT tache.id, tache.projet_id, tache.titre, tache.description, tache.statut, tache.priorite, tache.echeance, tache.responsable_id, tache.ordre, tache.cree_le, tache.modifie_le 
FROM tache 
WHERE tache.projet_id IN ($4::INTEGER, $5::INTEGER, $6::INTEGER, $7::INTEGER) AND tache.echeance < $1::DATE AND tache.statut != $2::statut_tache 
 LIMIT $3::INTEGER
2026-09-09 06:57:46,527 INFO sqlalchemy.engine.Engine [cached since 240.9s ago] (datetime.date(2026, 9, 9), 'termine', 9, 22, 2, 1, 15)
2026-09-09 06:57:46,529 INFO sqlalchemy.engine.Engine SELECT count(tache.id) AS count_1 
FROM tache 
WHERE tache.projet_id = $1::INTEGER AND tache.statut = $2::statut_tache
2026-09-09 06:57:46,530 INFO sqlalchemy.engine.Engine [cached since 241s ago] (1, 'a_faire')
2026-09-09 06:57:46,532 INFO sqlalchemy.engine.Engine SELECT tache.id, tache.projet_id, tache.titre, tache.description, tache.statut, tache.priorite, tache.echeance, tache.responsable_id, tache.ordre, tache.cree_le, tache.modifie_le 
FROM tache 
WHERE tache.projet_id = $1::INTEGER ORDER BY tache.statut, tache.ordre
2026-09-09 06:57:46,533 INFO sqlalchemy.engine.Engine [cached since 240.9s ago] (1,)
2026-09-09 06:57:46,536 INFO sqlalchemy.engine.Engine SELECT tache.id, tache.projet_id, tache.titre, tache.description, tache.statut, tache.priorite, tache.echeance, tache.responsable_id, tache.ordre, tache.cree_le, tache.modifie_le 
FROM tache 
WHERE tache.projet_id IN ($5::INTEGER, $6::INTEGER, $7::INTEGER, $8::INTEGER) AND tache.echeance <= $1::DATE AND tache.echeance >= $2::DATE AND tache.statut != $3::statut_tache ORDER BY tache.echeance 
 LIMIT $4::INTEGER
2026-09-09 06:57:46,536 INFO sqlalchemy.engine.Engine [cached since 240.9s ago] (datetime.date(2026, 9, 16), datetime.date(2026, 9, 9), 'termine', 7, 22, 2, 1, 15)
2026-09-09 06:57:46,539 INFO sqlalchemy.engine.Engine ROLLBACK
2026-09-09 06:57:46,539 INFO sqlalchemy.engine.Engine ROLLBACK
2026-09-09 06:57:46,539 INFO sqlalchemy.engine.Engine ROLLBACK
2026-09-09 06:57:46,539 INFO sqlalchemy.engine.Engine SELECT count(tache.id) AS count_1 
FROM tache 
WHERE tache.projet_id = $1::INTEGER AND tache.statut = $2::statut_tache
2026-09-09 06:57:46,539 INFO sqlalchemy.engine.Engine [cached since 241s ago] (1, 'en_cours')
INFO:     127.0.0.1:4759 - "GET /client/mon-projet?projet_id=1 HTTP/1.1" 200 OK
INFO:     127.0.0.1:2085 - "GET /dashboard/alertes HTTP/1.1" 200 OK
INFO:     127.0.0.1:7711 - "GET /client/mon-projet/taches?projet_id=1 HTTP/1.1" 200 OK
2026-09-09 06:57:46,539 INFO sqlalchemy.engine.Engine SELECT count(tache.id) AS count_1 
FROM tache 
WHERE tache.projet_id = $1::INTEGER AND tache.statut = $2::statut_tache
2026-09-09 06:57:46,539 INFO sqlalchemy.engine.Engine [cached since 241s ago] (1, 'en_revue')
2026-09-09 06:57:46,539 INFO sqlalchemy.engine.Engine SELECT count(tache.id) AS count_1 
FROM tache 
WHERE tache.projet_id = $1::INTEGER AND tache.statut = $2::statut_tache
2026-09-09 06:57:46,539 INFO sqlalchemy.engine.Engine [cached since 241s ago] (1, 'termine')
2026-09-09 06:57:46,549 INFO sqlalchemy.engine.Engine ROLLBACK
INFO:     127.0.0.1:3491 - "GET /client/mon-projet/avancement?projet_id=1 HTTP/1.1" 200 OK
2026-09-09 06:57:59,424 INFO sqlalchemy.engine.Engine BEGIN (implicit)
2026-09-09 06:57:59,424 INFO sqlalchemy.engine.Engine SELECT projet.id, projet.nom, projet.description, projet.client_id, projet.responsable_id, projet.date_debut, projet.date_fin_prevue, projet.statut_sante, projet.avancement_pct, projet.archive, projet.cree_le, projet.modifie_le 
FROM projet 
WHERE projet.client_id = $1::INTEGER AND projet.archive = false AND projet.id = $2::INTEGER ORDER BY projet.cree_le DESC
2026-09-09 06:57:59,424 INFO sqlalchemy.engine.Engine [cached since 253.9s ago] (1, 2)
2026-09-09 06:57:59,424 INFO sqlalchemy.engine.Engine BEGIN (implicit)
2026-09-09 06:57:59,424 INFO sqlalchemy.engine.Engine SELECT projet.id, projet.nom, projet.description, projet.client_id, projet.responsable_id, projet.date_debut, projet.date_fin_prevue, projet.statut_sante, projet.avancement_pct, projet.archive, projet.cree_le, projet.modifie_le 
FROM projet 
WHERE projet.client_id = $1::INTEGER AND projet.archive = false AND projet.id = $2::INTEGER ORDER BY projet.cree_le DESC
2026-09-09 06:57:59,424 INFO sqlalchemy.engine.Engine [cached since 253.9s ago] (1, 2)
2026-09-09 06:57:59,424 INFO sqlalchemy.engine.Engine ROLLBACK
2026-09-09 06:57:59,424 INFO sqlalchemy.engine.Engine SELECT count(tache.id) AS count_1 
FROM tache 
WHERE tache.projet_id = $1::INTEGER AND tache.statut = $2::statut_tache
2026-09-09 06:57:59,424 INFO sqlalchemy.engine.Engine [cached since 253.9s ago] (2, 'a_faire')
INFO:     127.0.0.1:5931 - "GET /client/mon-projet?projet_id=2 HTTP/1.1" 200 OK
2026-09-09 06:57:59,433 INFO sqlalchemy.engine.Engine SELECT count(tache.id) AS count_1 
FROM tache 
WHERE tache.projet_id = $1::INTEGER AND tache.statut = $2::statut_tache
2026-09-09 06:57:59,434 INFO sqlalchemy.engine.Engine [cached since 253.9s ago] (2, 'en_cours')
2026-09-09 06:57:59,435 INFO sqlalchemy.engine.Engine BEGIN (implicit)
2026-09-09 06:57:59,435 INFO sqlalchemy.engine.Engine SELECT projet.id, projet.nom, projet.description, projet.client_id, projet.responsable_id, projet.date_debut, projet.date_fin_prevue, projet.statut_sante, projet.avancement_pct, projet.archive, projet.cree_le, projet.modifie_le 
FROM projet 
WHERE projet.client_id = $1::INTEGER AND projet.archive = false AND projet.id = $2::INTEGER ORDER BY projet.cree_le DESC
2026-09-09 06:57:59,435 INFO sqlalchemy.engine.Engine [cached since 253.9s ago] (1, 2)
2026-09-09 06:57:59,435 INFO sqlalchemy.engine.Engine SELECT count(tache.id) AS count_1 
FROM tache 
WHERE tache.projet_id = $1::INTEGER AND tache.statut = $2::statut_tache
2026-09-09 06:57:59,435 INFO sqlalchemy.engine.Engine [cached since 253.9s ago] (2, 'en_revue')
2026-09-09 06:57:59,443 INFO sqlalchemy.engine.Engine SELECT count(tache.id) AS count_1 
FROM tache 
WHERE tache.projet_id = $1::INTEGER AND tache.statut = $2::statut_tache
2026-09-09 06:57:59,443 INFO sqlalchemy.engine.Engine [cached since 253.9s ago] (2, 'termine')
2026-09-09 06:57:59,443 INFO sqlalchemy.engine.Engine SELECT tache.id, tache.projet_id, tache.titre, tache.description, tache.statut, tache.priorite, tache.echeance, tache.responsable_id, tache.ordre, tache.cree_le, tache.modifie_le 
FROM tache 
WHERE tache.projet_id = $1::INTEGER ORDER BY tache.statut, tache.ordre
2026-09-09 06:57:59,443 INFO sqlalchemy.engine.Engine [cached since 253.8s ago] (2,)
2026-09-09 06:57:59,443 INFO sqlalchemy.engine.Engine ROLLBACK
2026-09-09 06:57:59,451 INFO sqlalchemy.engine.Engine ROLLBACK
INFO:     127.0.0.1:12481 - "GET /client/mon-projet/avancement?projet_id=2 HTTP/1.1" 200 OK
INFO:     127.0.0.1:5931 - "GET /client/mon-projet/taches?projet_id=2 HTTP/1.1" 200 OK
2026-09-09 06:57:59,454 INFO sqlalchemy.engine.Engine BEGIN (implicit)
2026-09-09 06:57:59,454 INFO sqlalchemy.engine.Engine SELECT projet.id, projet.nom, projet.description, projet.client_id, projet.responsable_id, projet.date_debut, projet.date_fin_prevue, projet.statut_sante, projet.avancement_pct, projet.archive, projet.cree_le, projet.modifie_le 
FROM projet 
WHERE projet.archive = false AND projet.client_id = $1::INTEGER
2026-09-09 06:57:59,454 INFO sqlalchemy.engine.Engine [cached since 253.9s ago] (1,)
2026-09-09 06:57:59,458 INFO sqlalchemy.engine.Engine SELECT tache.id, tache.projet_id, tache.titre, tache.description, tache.statut, tache.priorite, tache.echeance, tache.responsable_id, tache.ordre, tache.cree_le, tache.modifie_le 
FROM tache 
WHERE tache.projet_id IN ($4::INTEGER, $5::INTEGER, $6::INTEGER, $7::INTEGER) AND tache.echeance < $1::DATE AND tache.statut != $2::statut_tache 
 LIMIT $3::INTEGER
2026-09-09 06:57:59,458 INFO sqlalchemy.engine.Engine [cached since 253.9s ago] (datetime.date(2026, 9, 9), 'termine', 9, 22, 2, 1, 15)
2026-09-09 06:57:59,464 INFO sqlalchemy.engine.Engine SELECT tache.id, tache.projet_id, tache.titre, tache.description, tache.statut, tache.priorite, tache.echeance, tache.responsable_id, tache.ordre, tache.cree_le, tache.modifie_le 
FROM tache 
WHERE tache.projet_id IN ($5::INTEGER, $6::INTEGER, $7::INTEGER, $8::INTEGER) AND tache.echeance <= $1::DATE AND tache.echeance >= $2::DATE AND tache.statut != $3::statut_tache ORDER BY tache.echeance 
 LIMIT $4::INTEGER
2026-09-09 06:57:59,464 INFO sqlalchemy.engine.Engine [cached since 253.9s ago] (datetime.date(2026, 9, 16), datetime.date(2026, 9, 9), 'termine', 7, 22, 2, 1, 15)
2026-09-09 06:57:59,467 INFO sqlalchemy.engine.Engine ROLLBACK
INFO:     127.0.0.1:12481 - "GET /dashboard/alertes HTTP/1.1" 200 OK
2026-09-09 06:58:02,069 INFO sqlalchemy.engine.Engine BEGIN (implicit)
2026-09-09 06:58:02,069 INFO sqlalchemy.engine.Engine SELECT projet.id, projet.nom, projet.description, projet.client_id, projet.responsable_id, projet.date_debut, projet.date_fin_prevue, projet.statut_sante, projet.avancement_pct, projet.archive, projet.cree_le, projet.modifie_le 
FROM projet 
WHERE projet.client_id = $1::INTEGER AND projet.archive = false AND projet.id = $2::INTEGER ORDER BY projet.cree_le DESC
2026-09-09 06:58:02,069 INFO sqlalchemy.engine.Engine [cached since 256.5s ago] (1, 15)
2026-09-09 06:58:02,074 INFO sqlalchemy.engine.Engine BEGIN (implicit)
2026-09-09 06:58:02,074 INFO sqlalchemy.engine.Engine SELECT projet.id, projet.nom, projet.description, projet.client_id, projet.responsable_id, projet.date_debut, projet.date_fin_prevue, projet.statut_sante, projet.avancement_pct, projet.archive, projet.cree_le, projet.modifie_le 
FROM projet 
WHERE projet.client_id = $1::INTEGER AND projet.archive = false AND projet.id = $2::INTEGER ORDER BY projet.cree_le DESC
2026-09-09 06:58:02,074 INFO sqlalchemy.engine.Engine [cached since 256.5s ago] (1, 15)
2026-09-09 06:58:02,074 INFO sqlalchemy.engine.Engine BEGIN (implicit)
2026-09-09 06:58:02,074 INFO sqlalchemy.engine.Engine SELECT projet.id, projet.nom, projet.description, projet.client_id, projet.responsable_id, projet.date_debut, projet.date_fin_prevue, projet.statut_sante, projet.avancement_pct, projet.archive, projet.cree_le, projet.modifie_le 
FROM projet 
WHERE projet.client_id = $1::INTEGER AND projet.archive = false AND projet.id = $2::INTEGER ORDER BY projet.cree_le DESC
2026-09-09 06:58:02,074 INFO sqlalchemy.engine.Engine [cached since 256.5s ago] (1, 15)
2026-09-09 06:58:02,074 INFO sqlalchemy.engine.Engine BEGIN (implicit)
2026-09-09 06:58:02,074 INFO sqlalchemy.engine.Engine SELECT projet.id, projet.nom, projet.description, projet.client_id, projet.responsable_id, projet.date_debut, projet.date_fin_prevue, projet.statut_sante, projet.avancement_pct, projet.archive, projet.cree_le, projet.modifie_le 
FROM projet 
WHERE projet.archive = false AND projet.client_id = $1::INTEGER
2026-09-09 06:58:02,074 INFO sqlalchemy.engine.Engine [cached since 256.5s ago] (1,)
2026-09-09 06:58:02,085 INFO sqlalchemy.engine.Engine ROLLBACK
2026-09-09 06:58:02,089 INFO sqlalchemy.engine.Engine SELECT count(tache.id) AS count_1 
FROM tache 
WHERE tache.projet_id = $1::INTEGER AND tache.statut = $2::statut_tache
2026-09-09 06:58:02,089 INFO sqlalchemy.engine.Engine [cached since 256.5s ago] (15, 'a_faire')
2026-09-09 06:58:02,089 INFO sqlalchemy.engine.Engine SELECT tache.id, tache.projet_id, tache.titre, tache.description, tache.statut, tache.priorite, tache.echeance, tache.responsable_id, tache.ordre, tache.cree_le, tache.modifie_le 
FROM tache 
WHERE tache.projet_id IN ($4::INTEGER, $5::INTEGER, $6::INTEGER, $7::INTEGER) AND tache.echeance < $1::DATE AND tache.statut != $2::statut_tache 
 LIMIT $3::INTEGER
2026-09-09 06:58:02,089 INFO sqlalchemy.engine.Engine [cached since 256.5s ago] (datetime.date(2026, 9, 9), 'termine', 9, 22, 2, 1, 15)
2026-09-09 06:58:02,095 INFO sqlalchemy.engine.Engine SELECT tache.id, tache.projet_id, tache.titre, tache.description, tache.statut, tache.priorite, tache.echeance, tache.responsable_id, tache.ordre, tache.cree_le, tache.modifie_le 
FROM tache 
WHERE tache.projet_id = $1::INTEGER ORDER BY tache.statut, tache.ordre
2026-09-09 06:58:02,095 INFO sqlalchemy.engine.Engine [cached since 256.4s ago] (15,)
2026-09-09 06:58:02,095 INFO sqlalchemy.engine.Engine SELECT count(tache.id) AS count_1 
FROM tache 
WHERE tache.projet_id = $1::INTEGER AND tache.statut = $2::statut_tache
2026-09-09 06:58:02,100 INFO sqlalchemy.engine.Engine [cached since 256.5s ago] (15, 'en_cours')
INFO:     127.0.0.1:12481 - "GET /client/mon-projet?projet_id=15 HTTP/1.1" 200 OK
2026-09-09 06:58:02,103 INFO sqlalchemy.engine.Engine SELECT tache.id, tache.projet_id, tache.titre, tache.description, tache.statut, tache.priorite, tache.echeance, tache.responsable_id, tache.ordre, tache.cree_le, tache.modifie_le 
FROM tache 
WHERE tache.projet_id IN ($5::INTEGER, $6::INTEGER, $7::INTEGER, $8::INTEGER) AND tache.echeance <= $1::DATE AND tache.echeance >= $2::DATE AND tache.statut != $3::statut_tache ORDER BY tache.echeance 
 LIMIT $4::INTEGER
2026-09-09 06:58:02,104 INFO sqlalchemy.engine.Engine [cached since 256.5s ago] (datetime.date(2026, 9, 16), datetime.date(2026, 9, 9), 'termine', 7, 22, 2, 1, 15)
2026-09-09 06:58:02,104 INFO sqlalchemy.engine.Engine ROLLBACK
2026-09-09 06:58:02,107 INFO sqlalchemy.engine.Engine SELECT count(tache.id) AS count_1 
FROM tache 
WHERE tache.projet_id = $1::INTEGER AND tache.statut = $2::statut_tache
2026-09-09 06:58:02,108 INFO sqlalchemy.engine.Engine [cached since 256.5s ago] (15, 'en_revue')
2026-09-09 06:58:02,110 INFO sqlalchemy.engine.Engine ROLLBACK
2026-09-09 06:58:02,112 INFO sqlalchemy.engine.Engine SELECT count(tache.id) AS count_1 
FROM tache 
WHERE tache.projet_id = $1::INTEGER AND tache.statut = $2::statut_tache
2026-09-09 06:58:02,113 INFO sqlalchemy.engine.Engine [cached since 256.5s ago] (15, 'termine')
INFO:     127.0.0.1:7526 - "GET /client/mon-projet/taches?projet_id=15 HTTP/1.1" 200 OK
2026-09-09 06:58:02,117 INFO sqlalchemy.engine.Engine ROLLBACK
INFO:     127.0.0.1:7883 - "GET /dashboard/alertes HTTP/1.1" 200 OK
INFO:     127.0.0.1:5931 - "GET /client/mon-projet/avancement?projet_id=15 HTTP/1.1" 200 OK
2026-09-09 06:58:05,409 INFO sqlalchemy.engine.Engine BEGIN (implicit)
2026-09-09 06:58:05,409 INFO sqlalchemy.engine.Engine SELECT projet.id, projet.nom, projet.description, projet.client_id, projet.responsable_id, projet.date_debut, projet.date_fin_prevue, projet.statut_sante, projet.avancement_pct, projet.archive, projet.cree_le, projet.modifie_le 
FROM projet 
WHERE projet.client_id = $1::INTEGER AND projet.archive = false AND projet.id = $2::INTEGER ORDER BY projet.cree_le DESC
2026-09-09 06:58:05,409 INFO sqlalchemy.engine.Engine [cached since 259.9s ago] (1, 22)
2026-09-09 06:58:05,409 INFO sqlalchemy.engine.Engine BEGIN (implicit)
2026-09-09 06:58:05,409 INFO sqlalchemy.engine.Engine SELECT projet.id, projet.nom, projet.description, projet.client_id, projet.responsable_id, projet.date_debut, projet.date_fin_prevue, projet.statut_sante, projet.avancement_pct, projet.archive, projet.cree_le, projet.modifie_le 
FROM projet 
WHERE projet.client_id = $1::INTEGER AND projet.archive = false AND projet.id = $2::INTEGER ORDER BY projet.cree_le DESC
2026-09-09 06:58:05,409 INFO sqlalchemy.engine.Engine [cached since 259.9s ago] (1, 22)
2026-09-09 06:58:05,409 INFO sqlalchemy.engine.Engine BEGIN (implicit)
2026-09-09 06:58:05,409 INFO sqlalchemy.engine.Engine SELECT projet.id, projet.nom, projet.description, projet.client_id, projet.responsable_id, projet.date_debut, projet.date_fin_prevue, projet.statut_sante, projet.avancement_pct, projet.archive, projet.cree_le, projet.modifie_le 
FROM projet 
WHERE projet.client_id = $1::INTEGER AND projet.archive = false AND projet.id = $2::INTEGER ORDER BY projet.cree_le DESC
2026-09-09 06:58:05,409 INFO sqlalchemy.engine.Engine [cached since 259.9s ago] (1, 22)
2026-09-09 06:58:05,409 INFO sqlalchemy.engine.Engine BEGIN (implicit)
2026-09-09 06:58:05,419 INFO sqlalchemy.engine.Engine SELECT projet.id, projet.nom, projet.description, projet.client_id, projet.responsable_id, projet.date_debut, projet.date_fin_prevue, projet.statut_sante, projet.avancement_pct, projet.archive, projet.cree_le, projet.modifie_le 
FROM projet 
WHERE projet.archive = false AND projet.client_id = $1::INTEGER
2026-09-09 06:58:05,419 INFO sqlalchemy.engine.Engine [cached since 259.8s ago] (1,)
2026-09-09 06:58:05,422 INFO sqlalchemy.engine.Engine ROLLBACK
2026-09-09 06:58:05,425 INFO sqlalchemy.engine.Engine SELECT tache.id, tache.projet_id, tache.titre, tache.description, tache.statut, tache.priorite, tache.echeance, tache.responsable_id, tache.ordre, tache.cree_le, tache.modifie_le 
FROM tache 
WHERE tache.projet_id IN ($4::INTEGER, $5::INTEGER, $6::INTEGER, $7::INTEGER) AND tache.echeance < $1::DATE AND tache.statut != $2::statut_tache 
 LIMIT $3::INTEGER
2026-09-09 06:58:05,425 INFO sqlalchemy.engine.Engine [cached since 259.8s ago] (datetime.date(2026, 9, 9), 'termine', 9, 22, 2, 1, 15)
2026-09-09 06:58:05,427 INFO sqlalchemy.engine.Engine SELECT count(tache.id) AS count_1 
FROM tache 
WHERE tache.projet_id = $1::INTEGER AND tache.statut = $2::statut_tache
2026-09-09 06:58:05,429 INFO sqlalchemy.engine.Engine [cached since 259.9s ago] (22, 'a_faire')
2026-09-09 06:58:05,432 INFO sqlalchemy.engine.Engine SELECT tache.id, tache.projet_id, tache.titre, tache.description, tache.statut, tache.priorite, tache.echeance, tache.responsable_id, tache.ordre, tache.cree_le, tache.modifie_le 
FROM tache 
WHERE tache.projet_id = $1::INTEGER ORDER BY tache.statut, tache.ordre
2026-09-09 06:58:05,432 INFO sqlalchemy.engine.Engine [cached since 259.8s ago] (22,)
2026-09-09 06:58:05,436 INFO sqlalchemy.engine.Engine SELECT tache.id, tache.projet_id, tache.titre, tache.description, tache.statut, tache.priorite, tache.echeance, tache.responsable_id, tache.ordre, tache.cree_le, tache.modifie_le 
FROM tache 
WHERE tache.projet_id IN ($5::INTEGER, $6::INTEGER, $7::INTEGER, $8::INTEGER) AND tache.echeance <= $1::DATE AND tache.echeance >= $2::DATE AND tache.statut != $3::statut_tache ORDER BY tache.echeance 
 LIMIT $4::INTEGER
2026-09-09 06:58:05,437 INFO sqlalchemy.engine.Engine [cached since 259.8s ago] (datetime.date(2026, 9, 16), datetime.date(2026, 9, 9), 'termine', 7, 22, 2, 1, 15)
2026-09-09 06:58:05,438 INFO sqlalchemy.engine.Engine SELECT count(tache.id) AS count_1 
FROM tache 
WHERE tache.projet_id = $1::INTEGER AND tache.statut = $2::statut_tache
2026-09-09 06:58:05,439 INFO sqlalchemy.engine.Engine [cached since 259.9s ago] (22, 'en_cours')
INFO:     127.0.0.1:5931 - "GET /client/mon-projet?projet_id=22 HTTP/1.1" 200 OK
2026-09-09 06:58:05,440 INFO sqlalchemy.engine.Engine ROLLBACK
2026-09-09 06:58:05,442 INFO sqlalchemy.engine.Engine ROLLBACK
2026-09-09 06:58:05,443 INFO sqlalchemy.engine.Engine SELECT count(tache.id) AS count_1 
FROM tache 
WHERE tache.projet_id = $1::INTEGER AND tache.statut = $2::statut_tache
2026-09-09 06:58:05,444 INFO sqlalchemy.engine.Engine [cached since 259.9s ago] (22, 'en_revue')
2026-09-09 06:58:05,445 INFO sqlalchemy.engine.Engine SELECT count(tache.id) AS count_1 
FROM tache 
WHERE tache.projet_id = $1::INTEGER AND tache.statut = $2::statut_tache
2026-09-09 06:58:05,446 INFO sqlalchemy.engine.Engine [cached since 259.9s ago] (22, 'termine')
INFO:     127.0.0.1:7526 - "GET /client/mon-projet/taches?projet_id=22 HTTP/1.1" 200 OK
INFO:     127.0.0.1:12481 - "GET /dashboard/alertes HTTP/1.1" 200 OK
2026-09-09 06:58:05,448 INFO sqlalchemy.engine.Engine ROLLBACK
INFO:     127.0.0.1:7883 - "GET /client/mon-projet/avancement?projet_id=22 HTTP/1.1" 200 OK
2026-09-09 06:58:16,533 INFO sqlalchemy.engine.Engine BEGIN (implicit)
2026-09-09 06:58:16,533 INFO sqlalchemy.engine.Engine SELECT count(notification.id) AS count_1 
FROM notification 
WHERE notification.destinataire_id = $1::INTEGER AND notification.lu = false
2026-09-09 06:58:16,533 INFO sqlalchemy.engine.Engine [cached since 271.1s ago] (14,)
2026-09-09 06:58:16,533 INFO sqlalchemy.engine.Engine ROLLBACK
INFO:     127.0.0.1:6956 - "GET /notifications/count HTTP/1.1" 200 OK
2026-09-09 06:58:46,223 INFO sqlalchemy.engine.Engine BEGIN (implicit)
2026-09-09 06:58:46,223 INFO sqlalchemy.engine.Engine SELECT count(notification.id) AS count_1 
FROM notification 
WHERE notification.destinataire_id = $1::INTEGER AND notification.lu = false
2026-09-09 06:58:46,223 INFO sqlalchemy.engine.Engine [cached since 300.8s ago] (14,)
2026-09-09 06:58:46,229 INFO sqlalchemy.engine.Engine ROLLBACK
INFO:     127.0.0.1:13656 - "GET /notifications/count HTTP/1.1" 200 OK
2026-09-09 06:59:16,543 INFO sqlalchemy.engine.Engine BEGIN (implicit)
2026-09-09 06:59:16,545 INFO sqlalchemy.engine.Engine SELECT count(notification.id) AS count_1 
FROM notification 
WHERE notification.destinataire_id = $1::INTEGER AND notification.lu = false
2026-09-09 06:59:16,546 INFO sqlalchemy.engine.Engine [cached since 331.1s ago] (14,)
2026-09-09 06:59:16,550 INFO sqlalchemy.engine.Engine ROLLBACK
INFO:     127.0.0.1:2180 - "GET /notifications/count HTTP/1.1" 200 OK
2026-09-09 06:59:46,219 INFO sqlalchemy.engine.Engine BEGIN (implicit)
2026-09-09 06:59:46,220 INFO sqlalchemy.engine.Engine SELECT count(notification.id) AS count_1 
FROM notification 
WHERE notification.destinataire_id = $1::INTEGER AND notification.lu = false
2026-09-09 06:59:46,221 INFO sqlalchemy.engine.Engine [cached since 360.8s ago] (14,)
2026-09-09 06:59:46,224 INFO sqlalchemy.engine.Engine ROLLBACK
INFO:     127.0.0.1:4436 - "GET /notifications/count HTTP/1.1" 200 OK
2026-09-09 07:00:16,527 INFO sqlalchemy.engine.Engine BEGIN (implicit)
2026-09-09 07:00:16,528 INFO sqlalchemy.engine.Engine SELECT count(notification.id) AS count_1 
FROM notification 
WHERE notification.destinataire_id = $1::INTEGER AND notification.lu = false
2026-09-09 07:00:16,528 INFO sqlalchemy.engine.Engine [cached since 391.1s ago] (14,)
2026-09-09 07:00:16,530 INFO sqlalchemy.engine.Engine ROLLBACK
INFO:     127.0.0.1:1895 - "GET /notifications/count HTTP/1.1" 200 OK
2026-09-09 07:00:46,229 INFO sqlalchemy.engine.Engine BEGIN (implicit)
2026-09-09 07:00:46,230 INFO sqlalchemy.engine.Engine SELECT count(notification.id) AS count_1 
FROM notification 
WHERE notification.destinataire_id = $1::INTEGER AND notification.lu = false
2026-09-09 07:00:46,231 INFO sqlalchemy.engine.Engine [cached since 420.8s ago] (14,)
2026-09-09 07:00:46,233 INFO sqlalchemy.engine.Engine ROLLBACK
INFO:     127.0.0.1:13938 - "GET /notifications/count HTTP/1.1" 200 OK
2026-09-09 07:01:16,572 INFO sqlalchemy.engine.Engine BEGIN (implicit)
2026-09-09 07:01:16,574 INFO sqlalchemy.engine.Engine SELECT count(notification.id) AS count_1 
FROM notification 
WHERE notification.destinataire_id = $1::INTEGER AND notification.lu = false
2026-09-09 07:01:16,574 INFO sqlalchemy.engine.Engine [cached since 451.1s ago] (14,)
2026-09-09 07:01:16,576 INFO sqlalchemy.engine.Engine ROLLBACK
INFO:     127.0.0.1:12732 - "GET /notifications/count HTTP/1.1" 200 OK
2026-09-09 07:01:46,230 INFO sqlalchemy.engine.Engine BEGIN (implicit)
2026-09-09 07:01:46,230 INFO sqlalchemy.engine.Engine SELECT count(notification.id) AS count_1 
FROM notification 
WHERE notification.destinataire_id = $1::INTEGER AND notification.lu = false
2026-09-09 07:01:46,231 INFO sqlalchemy.engine.Engine [cached since 480.8s ago] (14,)
2026-09-09 07:01:46,232 INFO sqlalchemy.engine.Engine ROLLBACK
INFO:     127.0.0.1:7696 - "GET /notifications/count HTTP/1.1" 200 OK
2026-09-09 07:02:16,531 INFO sqlalchemy.engine.Engine BEGIN (implicit)
2026-09-09 07:02:16,532 INFO sqlalchemy.engine.Engine SELECT count(notification.id) AS count_1 
FROM notification 
WHERE notification.destinataire_id = $1::INTEGER AND notification.lu = false
2026-09-09 07:02:16,533 INFO sqlalchemy.engine.Engine [cached since 511.1s ago] (14,)
2026-09-09 07:02:16,534 INFO sqlalchemy.engine.Engine ROLLBACK
INFO:     127.0.0.1:13649 - "GET /notifications/count HTTP/1.1" 200 OK
2026-09-09 07:02:46,227 INFO sqlalchemy.engine.Engine BEGIN (implicit)
2026-09-09 07:02:46,228 INFO sqlalchemy.engine.Engine SELECT count(notification.id) AS count_1 
FROM notification 
WHERE notification.destinataire_id = $1::INTEGER AND notification.lu = false
2026-09-09 07:02:46,229 INFO sqlalchemy.engine.Engine [cached since 540.8s ago] (14,)
2026-09-09 07:02:46,230 INFO sqlalchemy.engine.Engine ROLLBACK
INFO:     127.0.0.1:3813 - "GET /notifications/count HTTP/1.1" 200 OK
INFO:     127.0.0.1:4492 - "OPTIONS /notifications/count HTTP/1.1" 200 OK
2026-09-09 07:03:47,583 INFO sqlalchemy.engine.Engine BEGIN (implicit)
2026-09-09 07:03:47,583 INFO sqlalchemy.engine.Engine SELECT count(notification.id) AS count_1 
FROM notification 
WHERE notification.destinataire_id = $1::INTEGER AND notification.lu = false
2026-09-09 07:03:47,585 INFO sqlalchemy.engine.Engine [cached since 602.1s ago] (14,)
2026-09-09 07:03:47,587 INFO sqlalchemy.engine.Engine ROLLBACK
INFO:     127.0.0.1:4492 - "GET /notifications/count HTTP/1.1" 200 OK
INFO:     127.0.0.1:1741 - "OPTIONS /auth/me HTTP/1.1" 200 OK
2026-09-09 07:04:15,679 INFO sqlalchemy.engine.Engine BEGIN (implicit)
2026-09-09 07:04:15,681 INFO sqlalchemy.engine.Engine SELECT utilisateur.id, utilisateur.nom, utilisateur.prenom, utilisateur.email, utilisateur.mot_de_passe_hash, utilisateur.role, utilisateur.client_id, utilisateur.metier, utilisateur.actif, utilisateur.cree_le 
FROM utilisateur 
WHERE utilisateur.id = $1::INTEGER
2026-09-09 07:04:15,681 INFO sqlalchemy.engine.Engine [cached since 630.3s ago] (14,)
2026-09-09 07:04:15,694 INFO sqlalchemy.engine.Engine ROLLBACK
INFO:     127.0.0.1:1741 - "GET /auth/me HTTP/1.1" 200 OK
2026-09-09 07:04:15,698 INFO sqlalchemy.engine.Engine BEGIN (implicit)
2026-09-09 07:04:15,700 INFO sqlalchemy.engine.Engine SELECT utilisateur.id, utilisateur.nom, utilisateur.prenom, utilisateur.email, utilisateur.mot_de_passe_hash, utilisateur.role, utilisateur.client_id, utilisateur.metier, utilisateur.actif, utilisateur.cree_le 
FROM utilisateur 
WHERE utilisateur.id = $1::INTEGER
2026-09-09 07:04:15,700 INFO sqlalchemy.engine.Engine [cached since 630.3s ago] (14,)
2026-09-09 07:04:15,702 INFO sqlalchemy.engine.Engine ROLLBACK
INFO:     127.0.0.1:1741 - "GET /auth/me HTTP/1.1" 200 OK
INFO:     127.0.0.1:1741 - "OPTIONS /client/projets HTTP/1.1" 200 OK
2026-09-09 07:04:15,843 INFO sqlalchemy.engine.Engine BEGIN (implicit)
2026-09-09 07:04:15,845 INFO sqlalchemy.engine.Engine SELECT count(notification.id) AS count_1 
FROM notification 
WHERE notification.destinataire_id = $1::INTEGER AND notification.lu = false
2026-09-09 07:04:15,845 INFO sqlalchemy.engine.Engine [cached since 630.4s ago] (14,)
2026-09-09 07:04:15,847 INFO sqlalchemy.engine.Engine ROLLBACK
INFO:     127.0.0.1:1741 - "GET /notifications/count HTTP/1.1" 200 OK
INFO:     127.0.0.1:1741 - "OPTIONS /client/projets HTTP/1.1" 200 OK
2026-09-09 07:04:15,854 INFO sqlalchemy.engine.Engine BEGIN (implicit)
2026-09-09 07:04:15,855 INFO sqlalchemy.engine.Engine SELECT projet.id, projet.nom, projet.description, projet.client_id, projet.responsable_id, projet.date_debut, projet.date_fin_prevue, projet.statut_sante, projet.avancement_pct, projet.archive, projet.cree_le, projet.modifie_le 
FROM projet 
WHERE projet.client_id = $1::INTEGER AND projet.archive = false ORDER BY projet.cree_le DESC
2026-09-09 07:04:15,855 INFO sqlalchemy.engine.Engine [cached since 630.3s ago] (1,)
2026-09-09 07:04:15,859 INFO sqlalchemy.engine.Engine ROLLBACK
INFO:     127.0.0.1:1741 - "GET /client/projets HTTP/1.1" 200 OK
2026-09-09 07:04:15,864 INFO sqlalchemy.engine.Engine BEGIN (implicit)
2026-09-09 07:04:15,864 INFO sqlalchemy.engine.Engine SELECT count(notification.id) AS count_1 
FROM notification 
WHERE notification.destinataire_id = $1::INTEGER AND notification.lu = false
2026-09-09 07:04:15,865 INFO sqlalchemy.engine.Engine [cached since 630.4s ago] (14,)
2026-09-09 07:04:15,867 INFO sqlalchemy.engine.Engine ROLLBACK
INFO:     127.0.0.1:1741 - "GET /notifications/count HTTP/1.1" 200 OK
2026-09-09 07:04:15,872 INFO sqlalchemy.engine.Engine BEGIN (implicit)
2026-09-09 07:04:15,873 INFO sqlalchemy.engine.Engine SELECT projet.id, projet.nom, projet.description, projet.client_id, projet.responsable_id, projet.date_debut, projet.date_fin_prevue, projet.statut_sante, projet.avancement_pct, projet.archive, projet.cree_le, projet.modifie_le 
FROM projet 
WHERE projet.client_id = $1::INTEGER AND projet.archive = false ORDER BY projet.cree_le DESC
2026-09-09 07:04:15,873 INFO sqlalchemy.engine.Engine [cached since 630.3s ago] (1,)
2026-09-09 07:04:15,875 INFO sqlalchemy.engine.Engine ROLLBACK
INFO:     127.0.0.1:1741 - "GET /client/projets HTTP/1.1" 200 OK
INFO:     127.0.0.1:1741 - "OPTIONS /client/mon-projet?projet_id=22 HTTP/1.1" 200 OK
INFO:     127.0.0.1:1741 - "OPTIONS /client/mon-projet/avancement?projet_id=22 HTTP/1.1" 200 OK
INFO:     127.0.0.1:1741 - "OPTIONS /client/mon-projet/taches?projet_id=22 HTTP/1.1" 200 OK
INFO:     127.0.0.1:1741 - "OPTIONS /dashboard/alertes HTTP/1.1" 200 OK
2026-09-09 07:04:15,889 INFO sqlalchemy.engine.Engine BEGIN (implicit)
2026-09-09 07:04:15,890 INFO sqlalchemy.engine.Engine SELECT projet.id, projet.nom, projet.description, projet.client_id, projet.responsable_id, projet.date_debut, projet.date_fin_prevue, projet.statut_sante, projet.avancement_pct, projet.archive, projet.cree_le, projet.modifie_le 
FROM projet 
WHERE projet.client_id = $1::INTEGER AND projet.archive = false AND projet.id = $2::INTEGER ORDER BY projet.cree_le DESC
2026-09-09 07:04:15,890 INFO sqlalchemy.engine.Engine [cached since 630.3s ago] (1, 22)
2026-09-09 07:04:15,893 INFO sqlalchemy.engine.Engine ROLLBACK
INFO:     127.0.0.1:1741 - "GET /client/mon-projet?projet_id=22 HTTP/1.1" 200 OK
2026-09-09 07:04:15,898 INFO sqlalchemy.engine.Engine BEGIN (implicit)
2026-09-09 07:04:15,899 INFO sqlalchemy.engine.Engine SELECT projet.id, projet.nom, projet.description, projet.client_id, projet.responsable_id, projet.date_debut, projet.date_fin_prevue, projet.statut_sante, projet.avancement_pct, projet.archive, projet.cree_le, projet.modifie_le 
FROM projet 
WHERE projet.client_id = $1::INTEGER AND projet.archive = false AND projet.id = $2::INTEGER ORDER BY projet.cree_le DESC
2026-09-09 07:04:15,899 INFO sqlalchemy.engine.Engine [cached since 630.3s ago] (1, 22)
2026-09-09 07:04:15,902 INFO sqlalchemy.engine.Engine SELECT count(tache.id) AS count_1 
FROM tache 
WHERE tache.projet_id = $1::INTEGER AND tache.statut = $2::statut_tache
2026-09-09 07:04:15,902 INFO sqlalchemy.engine.Engine [cached since 630.3s ago] (22, 'a_faire')
2026-09-09 07:04:15,904 INFO sqlalchemy.engine.Engine SELECT count(tache.id) AS count_1 
FROM tache 
WHERE tache.projet_id = $1::INTEGER AND tache.statut = $2::statut_tache
2026-09-09 07:04:15,905 INFO sqlalchemy.engine.Engine [cached since 630.3s ago] (22, 'en_cours')
2026-09-09 07:04:15,906 INFO sqlalchemy.engine.Engine SELECT count(tache.id) AS count_1 
FROM tache 
WHERE tache.projet_id = $1::INTEGER AND tache.statut = $2::statut_tache
2026-09-09 07:04:15,906 INFO sqlalchemy.engine.Engine [cached since 630.3s ago] (22, 'en_revue')
2026-09-09 07:04:15,909 INFO sqlalchemy.engine.Engine SELECT count(tache.id) AS count_1 
FROM tache 
WHERE tache.projet_id = $1::INTEGER AND tache.statut = $2::statut_tache
2026-09-09 07:04:15,910 INFO sqlalchemy.engine.Engine [cached since 630.3s ago] (22, 'termine')
2026-09-09 07:04:15,912 INFO sqlalchemy.engine.Engine ROLLBACK
INFO:     127.0.0.1:1741 - "GET /client/mon-projet/avancement?projet_id=22 HTTP/1.1" 200 OK
2026-09-09 07:04:15,918 INFO sqlalchemy.engine.Engine BEGIN (implicit)
2026-09-09 07:04:15,918 INFO sqlalchemy.engine.Engine SELECT projet.id, projet.nom, projet.description, projet.client_id, projet.responsable_id, projet.date_debut, projet.date_fin_prevue, projet.statut_sante, projet.avancement_pct, projet.archive, projet.cree_le, projet.modifie_le 
FROM projet 
WHERE projet.client_id = $1::INTEGER AND projet.archive = false AND projet.id = $2::INTEGER ORDER BY projet.cree_le DESC
2026-09-09 07:04:15,920 INFO sqlalchemy.engine.Engine [cached since 630.4s ago] (1, 22)
2026-09-09 07:04:15,922 INFO sqlalchemy.engine.Engine SELECT tache.id, tache.projet_id, tache.titre, tache.description, tache.statut, tache.priorite, tache.echeance, tache.responsable_id, tache.ordre, tache.cree_le, tache.modifie_le 
FROM tache 
WHERE tache.projet_id = $1::INTEGER ORDER BY tache.statut, tache.ordre
2026-09-09 07:04:15,922 INFO sqlalchemy.engine.Engine [cached since 630.3s ago] (22,)
2026-09-09 07:04:15,923 INFO sqlalchemy.engine.Engine ROLLBACK
INFO:     127.0.0.1:1741 - "GET /client/mon-projet/taches?projet_id=22 HTTP/1.1" 200 OK
2026-09-09 07:04:15,929 INFO sqlalchemy.engine.Engine BEGIN (implicit)
2026-09-09 07:04:15,930 INFO sqlalchemy.engine.Engine SELECT projet.id, projet.nom, projet.description, projet.client_id, projet.responsable_id, projet.date_debut, projet.date_fin_prevue, projet.statut_sante, projet.avancement_pct, projet.archive, projet.cree_le, projet.modifie_le 
FROM projet 
WHERE projet.archive = false AND projet.client_id = $1::INTEGER
2026-09-09 07:04:15,931 INFO sqlalchemy.engine.Engine [cached since 630.4s ago] (1,)
2026-09-09 07:04:15,934 INFO sqlalchemy.engine.Engine SELECT tache.id, tache.projet_id, tache.titre, tache.description, tache.statut, tache.priorite, tache.echeance, tache.responsable_id, tache.ordre, tache.cree_le, tache.modifie_le 
FROM tache 
WHERE tache.projet_id IN ($4::INTEGER, $5::INTEGER, $6::INTEGER, $7::INTEGER) AND tache.echeance < $1::DATE AND tache.statut != $2::statut_tache 
 LIMIT $3::INTEGER
2026-09-09 07:04:15,934 INFO sqlalchemy.engine.Engine [cached since 630.4s ago] (datetime.date(2026, 9, 9), 'termine', 9, 22, 2, 1, 15)
2026-09-09 07:04:15,947 INFO sqlalchemy.engine.Engine SELECT tache.id, tache.projet_id, tache.titre, tache.description, tache.statut, tache.priorite, tache.echeance, tache.responsable_id, tache.ordre, tache.cree_le, tache.modifie_le 
FROM tache 
WHERE tache.projet_id IN ($5::INTEGER, $6::INTEGER, $7::INTEGER, $8::INTEGER) AND tache.echeance <= $1::DATE AND tache.echeance >= $2::DATE AND tache.statut != $3::statut_tache ORDER BY tache.echeance 
 LIMIT $4::INTEGER
2026-09-09 07:04:15,948 INFO sqlalchemy.engine.Engine [cached since 630.4s ago] (datetime.date(2026, 9, 16), datetime.date(2026, 9, 9), 'termine', 7, 22, 2, 1, 15)
2026-09-09 07:04:15,951 INFO sqlalchemy.engine.Engine ROLLBACK
INFO:     127.0.0.1:1741 - "GET /dashboard/alertes HTTP/1.1" 200 OK
2026-09-09 07:04:15,956 INFO sqlalchemy.engine.Engine BEGIN (implicit)
2026-09-09 07:04:15,957 INFO sqlalchemy.engine.Engine SELECT projet.id, projet.nom, projet.description, projet.client_id, projet.responsable_id, projet.date_debut, projet.date_fin_prevue, projet.statut_sante, projet.avancement_pct, projet.archive, projet.cree_le, projet.modifie_le 
FROM projet 
WHERE projet.client_id = $1::INTEGER AND projet.archive = false AND projet.id = $2::INTEGER ORDER BY projet.cree_le DESC
2026-09-09 07:04:15,957 INFO sqlalchemy.engine.Engine [cached since 630.4s ago] (1, 22)
2026-09-09 07:04:15,960 INFO sqlalchemy.engine.Engine ROLLBACK
INFO:     127.0.0.1:1741 - "GET /client/mon-projet?projet_id=22 HTTP/1.1" 200 OK
2026-09-09 07:04:15,965 INFO sqlalchemy.engine.Engine BEGIN (implicit)
2026-09-09 07:04:15,965 INFO sqlalchemy.engine.Engine SELECT projet.id, projet.nom, projet.description, projet.client_id, projet.responsable_id, projet.date_debut, projet.date_fin_prevue, projet.statut_sante, projet.avancement_pct, projet.archive, projet.cree_le, projet.modifie_le 
FROM projet 
WHERE projet.client_id = $1::INTEGER AND projet.archive = false AND projet.id = $2::INTEGER ORDER BY projet.cree_le DESC
2026-09-09 07:04:15,966 INFO sqlalchemy.engine.Engine [cached since 630.4s ago] (1, 22)
2026-09-09 07:04:15,968 INFO sqlalchemy.engine.Engine SELECT count(tache.id) AS count_1 
FROM tache 
WHERE tache.projet_id = $1::INTEGER AND tache.statut = $2::statut_tache
2026-09-09 07:04:15,968 INFO sqlalchemy.engine.Engine [cached since 630.4s ago] (22, 'a_faire')
2026-09-09 07:04:15,969 INFO sqlalchemy.engine.Engine SELECT count(tache.id) AS count_1 
FROM tache 
WHERE tache.projet_id = $1::INTEGER AND tache.statut = $2::statut_tache
2026-09-09 07:04:15,970 INFO sqlalchemy.engine.Engine [cached since 630.4s ago] (22, 'en_cours')
2026-09-09 07:04:15,971 INFO sqlalchemy.engine.Engine SELECT count(tache.id) AS count_1 
FROM tache 
WHERE tache.projet_id = $1::INTEGER AND tache.statut = $2::statut_tache
2026-09-09 07:04:15,972 INFO sqlalchemy.engine.Engine [cached since 630.4s ago] (22, 'en_revue')
2026-09-09 07:04:15,973 INFO sqlalchemy.engine.Engine SELECT count(tache.id) AS count_1 
FROM tache 
WHERE tache.projet_id = $1::INTEGER AND tache.statut = $2::statut_tache
2026-09-09 07:04:15,974 INFO sqlalchemy.engine.Engine [cached since 630.4s ago] (22, 'termine')
2026-09-09 07:04:15,975 INFO sqlalchemy.engine.Engine ROLLBACK
INFO:     127.0.0.1:1741 - "GET /client/mon-projet/avancement?projet_id=22 HTTP/1.1" 200 OK
2026-09-09 07:04:15,981 INFO sqlalchemy.engine.Engine BEGIN (implicit)
2026-09-09 07:04:15,981 INFO sqlalchemy.engine.Engine SELECT projet.id, projet.nom, projet.description, projet.client_id, projet.responsable_id, projet.date_debut, projet.date_fin_prevue, projet.statut_sante, projet.avancement_pct, projet.archive, projet.cree_le, projet.modifie_le 
FROM projet 
WHERE projet.client_id = $1::INTEGER AND projet.archive = false AND projet.id = $2::INTEGER ORDER BY projet.cree_le DESC
2026-09-09 07:04:15,982 INFO sqlalchemy.engine.Engine [cached since 630.4s ago] (1, 22)
2026-09-09 07:04:15,984 INFO sqlalchemy.engine.Engine SELECT tache.id, tache.projet_id, tache.titre, tache.description, tache.statut, tache.priorite, tache.echeance, tache.responsable_id, tache.ordre, tache.cree_le, tache.modifie_le 
FROM tache 
WHERE tache.projet_id = $1::INTEGER ORDER BY tache.statut, tache.ordre
2026-09-09 07:04:15,984 INFO sqlalchemy.engine.Engine [cached since 630.3s ago] (22,)
2026-09-09 07:04:15,986 INFO sqlalchemy.engine.Engine ROLLBACK
INFO:     127.0.0.1:1741 - "GET /client/mon-projet/taches?projet_id=22 HTTP/1.1" 200 OK
2026-09-09 07:04:15,991 INFO sqlalchemy.engine.Engine BEGIN (implicit)
2026-09-09 07:04:15,991 INFO sqlalchemy.engine.Engine SELECT projet.id, projet.nom, projet.description, projet.client_id, projet.responsable_id, projet.date_debut, projet.date_fin_prevue, projet.statut_sante, projet.avancement_pct, projet.archive, projet.cree_le, projet.modifie_le 
FROM projet 
WHERE projet.archive = false AND projet.client_id = $1::INTEGER
2026-09-09 07:04:15,992 INFO sqlalchemy.engine.Engine [cached since 630.4s ago] (1,)
2026-09-09 07:04:15,995 INFO sqlalchemy.engine.Engine SELECT tache.id, tache.projet_id, tache.titre, tache.description, tache.statut, tache.priorite, tache.echeance, tache.responsable_id, tache.ordre, tache.cree_le, tache.modifie_le 
FROM tache 
WHERE tache.projet_id IN ($4::INTEGER, $5::INTEGER, $6::INTEGER, $7::INTEGER) AND tache.echeance < $1::DATE AND tache.statut != $2::statut_tache 
 LIMIT $3::INTEGER
2026-09-09 07:04:15,995 INFO sqlalchemy.engine.Engine [cached since 630.4s ago] (datetime.date(2026, 9, 9), 'termine', 9, 22, 2, 1, 15)
2026-09-09 07:04:15,997 INFO sqlalchemy.engine.Engine SELECT tache.id, tache.projet_id, tache.titre, tache.description, tache.statut, tache.priorite, tache.echeance, tache.responsable_id, tache.ordre, tache.cree_le, tache.modifie_le 
FROM tache 
WHERE tache.projet_id IN ($5::INTEGER, $6::INTEGER, $7::INTEGER, $8::INTEGER) AND tache.echeance <= $1::DATE AND tache.echeance >= $2::DATE AND tache.statut != $3::statut_tache ORDER BY tache.echeance 
 LIMIT $4::INTEGER
2026-09-09 07:04:15,998 INFO sqlalchemy.engine.Engine [cached since 630.4s ago] (datetime.date(2026, 9, 16), datetime.date(2026, 9, 9), 'termine', 7, 22, 2, 1, 15)
2026-09-09 07:04:16,000 INFO sqlalchemy.engine.Engine ROLLBACK
INFO:     127.0.0.1:1741 - "GET /dashboard/alertes HTTP/1.1" 200 OK
2026-09-09 07:04:23,589 INFO sqlalchemy.engine.Engine BEGIN (implicit)
2026-09-09 07:04:23,590 INFO sqlalchemy.engine.Engine SELECT utilisateur.id, utilisateur.nom, utilisateur.prenom, utilisateur.email, utilisateur.mot_de_passe_hash, utilisateur.role, utilisateur.client_id, utilisateur.metier, utilisateur.actif, utilisateur.cree_le 
FROM utilisateur 
WHERE utilisateur.id = $1::INTEGER
2026-09-09 07:04:23,591 INFO sqlalchemy.engine.Engine [cached since 638.2s ago] (14,)
2026-09-09 07:04:23,607 INFO sqlalchemy.engine.Engine ROLLBACK
INFO:     127.0.0.1:1814 - "GET /auth/me HTTP/1.1" 200 OK
2026-09-09 07:04:23,613 INFO sqlalchemy.engine.Engine BEGIN (implicit)
2026-09-09 07:04:23,614 INFO sqlalchemy.engine.Engine SELECT utilisateur.id, utilisateur.nom, utilisateur.prenom, utilisateur.email, utilisateur.mot_de_passe_hash, utilisateur.role, utilisateur.client_id, utilisateur.metier, utilisateur.actif, utilisateur.cree_le 
FROM utilisateur 
WHERE utilisateur.id = $1::INTEGER
2026-09-09 07:04:23,615 INFO sqlalchemy.engine.Engine [cached since 638.2s ago] (14,)
2026-09-09 07:04:23,632 INFO sqlalchemy.engine.Engine ROLLBACK
INFO:     127.0.0.1:1814 - "GET /auth/me HTTP/1.1" 200 OK
2026-09-09 07:04:23,709 INFO sqlalchemy.engine.Engine BEGIN (implicit)
2026-09-09 07:04:23,710 INFO sqlalchemy.engine.Engine SELECT count(notification.id) AS count_1 
FROM notification 
WHERE notification.destinataire_id = $1::INTEGER AND notification.lu = false
2026-09-09 07:04:23,712 INFO sqlalchemy.engine.Engine [cached since 638.3s ago] (14,)
2026-09-09 07:04:23,713 INFO sqlalchemy.engine.Engine BEGIN (implicit)
2026-09-09 07:04:23,713 INFO sqlalchemy.engine.Engine SELECT projet.id, projet.nom, projet.description, projet.client_id, projet.responsable_id, projet.date_debut, projet.date_fin_prevue, projet.statut_sante, projet.avancement_pct, projet.archive, projet.cree_le, projet.modifie_le 
FROM projet 
WHERE projet.client_id = $1::INTEGER AND projet.archive = false ORDER BY projet.cree_le DESC
2026-09-09 07:04:23,713 INFO sqlalchemy.engine.Engine [cached since 638.2s ago] (1,)
2026-09-09 07:04:23,719 INFO sqlalchemy.engine.Engine ROLLBACK
2026-09-09 07:04:23,720 INFO sqlalchemy.engine.Engine ROLLBACK
INFO:     127.0.0.1:1814 - "GET /notifications/count HTTP/1.1" 200 OK
INFO:     127.0.0.1:7536 - "GET /client/projets HTTP/1.1" 200 OK
2026-09-09 07:04:23,726 INFO sqlalchemy.engine.Engine BEGIN (implicit)
2026-09-09 07:04:23,728 INFO sqlalchemy.engine.Engine SELECT count(notification.id) AS count_1 
FROM notification 
WHERE notification.destinataire_id = $1::INTEGER AND notification.lu = false
2026-09-09 07:04:23,728 INFO sqlalchemy.engine.Engine [cached since 638.3s ago] (14,)
2026-09-09 07:04:23,731 INFO sqlalchemy.engine.Engine BEGIN (implicit)
2026-09-09 07:04:23,731 INFO sqlalchemy.engine.Engine SELECT projet.id, projet.nom, projet.description, projet.client_id, projet.responsable_id, projet.date_debut, projet.date_fin_prevue, projet.statut_sante, projet.avancement_pct, projet.archive, projet.cree_le, projet.modifie_le 
FROM projet 
WHERE projet.client_id = $1::INTEGER AND projet.archive = false ORDER BY projet.cree_le DESC
2026-09-09 07:04:23,731 INFO sqlalchemy.engine.Engine [cached since 638.2s ago] (1,)
2026-09-09 07:04:23,731 INFO sqlalchemy.engine.Engine ROLLBACK
2026-09-09 07:04:23,731 INFO sqlalchemy.engine.Engine ROLLBACK
INFO:     127.0.0.1:7536 - "GET /client/projets HTTP/1.1" 200 OK
INFO:     127.0.0.1:1814 - "GET /notifications/count HTTP/1.1" 200 OK
2026-09-09 07:04:23,743 INFO sqlalchemy.engine.Engine BEGIN (implicit)
2026-09-09 07:04:23,744 INFO sqlalchemy.engine.Engine SELECT projet.id, projet.nom, projet.description, projet.client_id, projet.responsable_id, projet.date_debut, projet.date_fin_prevue, projet.statut_sante, projet.avancement_pct, projet.archive, projet.cree_le, projet.modifie_le 
FROM projet 
WHERE projet.client_id = $1::INTEGER AND projet.archive = false AND projet.id = $2::INTEGER ORDER BY projet.cree_le DESC
2026-09-09 07:04:23,744 INFO sqlalchemy.engine.Engine [cached since 638.2s ago] (1, 22)
2026-09-09 07:04:23,747 INFO sqlalchemy.engine.Engine BEGIN (implicit)
2026-09-09 07:04:23,748 INFO sqlalchemy.engine.Engine SELECT projet.id, projet.nom, projet.description, projet.client_id, projet.responsable_id, projet.date_debut, projet.date_fin_prevue, projet.statut_sante, projet.avancement_pct, projet.archive, projet.cree_le, projet.modifie_le 
FROM projet 
WHERE projet.client_id = $1::INTEGER AND projet.archive = false AND projet.id = $2::INTEGER ORDER BY projet.cree_le DESC
2026-09-09 07:04:23,749 INFO sqlalchemy.engine.Engine [cached since 638.2s ago] (1, 22)
2026-09-09 07:04:23,751 INFO sqlalchemy.engine.Engine BEGIN (implicit)
2026-09-09 07:04:23,751 INFO sqlalchemy.engine.Engine SELECT projet.id, projet.nom, projet.description, projet.client_id, projet.responsable_id, projet.date_debut, projet.date_fin_prevue, projet.statut_sante, projet.avancement_pct, projet.archive, projet.cree_le, projet.modifie_le 
FROM projet 
WHERE projet.archive = false AND projet.client_id = $1::INTEGER
2026-09-09 07:04:23,753 INFO sqlalchemy.engine.Engine [cached since 638.2s ago] (1,)
2026-09-09 07:04:23,756 INFO sqlalchemy.engine.Engine BEGIN (implicit)
2026-09-09 07:04:23,757 INFO sqlalchemy.engine.Engine SELECT projet.id, projet.nom, projet.description, projet.client_id, projet.responsable_id, projet.date_debut, projet.date_fin_prevue, projet.statut_sante, projet.avancement_pct, projet.archive, projet.cree_le, projet.modifie_le 
FROM projet 
WHERE projet.client_id = $1::INTEGER AND projet.archive = false AND projet.id = $2::INTEGER ORDER BY projet.cree_le DESC
2026-09-09 07:04:23,757 INFO sqlalchemy.engine.Engine [cached since 638.2s ago] (1, 22)
2026-09-09 07:04:23,761 INFO sqlalchemy.engine.Engine SELECT tache.id, tache.projet_id, tache.titre, tache.description, tache.statut, tache.priorite, tache.echeance, tache.responsable_id, tache.ordre, tache.cree_le, tache.modifie_le 
FROM tache 
WHERE tache.projet_id IN ($4::INTEGER, $5::INTEGER, $6::INTEGER, $7::INTEGER) AND tache.echeance < $1::DATE AND tache.statut != $2::statut_tache 
 LIMIT $3::INTEGER
2026-09-09 07:04:23,762 INFO sqlalchemy.engine.Engine [cached since 638.2s ago] (datetime.date(2026, 9, 9), 'termine', 9, 22, 2, 1, 15)
2026-09-09 07:04:23,764 INFO sqlalchemy.engine.Engine ROLLBACK
2026-09-09 07:04:23,765 INFO sqlalchemy.engine.Engine SELECT count(tache.id) AS count_1 
FROM tache 
WHERE tache.projet_id = $1::INTEGER AND tache.statut = $2::statut_tache
2026-09-09 07:04:23,766 INFO sqlalchemy.engine.Engine [cached since 638.2s ago] (22, 'a_faire')
2026-09-09 07:04:23,768 INFO sqlalchemy.engine.Engine SELECT tache.id, tache.projet_id, tache.titre, tache.description, tache.statut, tache.priorite, tache.echeance, tache.responsable_id, tache.ordre, tache.cree_le, tache.modifie_le 
FROM tache 
WHERE tache.projet_id IN ($5::INTEGER, $6::INTEGER, $7::INTEGER, $8::INTEGER) AND tache.echeance <= $1::DATE AND tache.echeance >= $2::DATE AND tache.statut != $3::statut_tache ORDER BY tache.echeance 
 LIMIT $4::INTEGER
2026-09-09 07:04:23,768 INFO sqlalchemy.engine.Engine [cached since 638.2s ago] (datetime.date(2026, 9, 16), datetime.date(2026, 9, 9), 'termine', 7, 22, 2, 1, 15)
2026-09-09 07:04:23,770 INFO sqlalchemy.engine.Engine SELECT tache.id, tache.projet_id, tache.titre, tache.description, tache.statut, tache.priorite, tache.echeance, tache.responsable_id, tache.ordre, tache.cree_le, tache.modifie_le 
FROM tache 
WHERE tache.projet_id = $1::INTEGER ORDER BY tache.statut, tache.ordre
2026-09-09 07:04:23,770 INFO sqlalchemy.engine.Engine [cached since 638.1s ago] (22,)
2026-09-09 07:04:23,771 INFO sqlalchemy.engine.Engine ROLLBACK
2026-09-09 07:04:23,774 INFO sqlalchemy.engine.Engine SELECT count(tache.id) AS count_1 
FROM tache 
WHERE tache.projet_id = $1::INTEGER AND tache.statut = $2::statut_tache
2026-09-09 07:04:23,774 INFO sqlalchemy.engine.Engine [cached since 638.2s ago] (22, 'en_cours')
INFO:     127.0.0.1:12788 - "GET /client/mon-projet?projet_id=22 HTTP/1.1" 200 OK
2026-09-09 07:04:23,778 INFO sqlalchemy.engine.Engine ROLLBACK
2026-09-09 07:04:23,779 INFO sqlalchemy.engine.Engine SELECT count(tache.id) AS count_1 
FROM tache 
WHERE tache.projet_id = $1::INTEGER AND tache.statut = $2::statut_tache
2026-09-09 07:04:23,779 INFO sqlalchemy.engine.Engine [cached since 638.2s ago] (22, 'en_revue')
2026-09-09 07:04:23,779 INFO sqlalchemy.engine.Engine BEGIN (implicit)
2026-09-09 07:04:23,779 INFO sqlalchemy.engine.Engine SELECT projet.id, projet.nom, projet.description, projet.client_id, projet.responsable_id, projet.date_debut, projet.date_fin_prevue, projet.statut_sante, projet.avancement_pct, projet.archive, projet.cree_le, projet.modifie_le 
FROM projet 
WHERE projet.client_id = $1::INTEGER AND projet.archive = false AND projet.id = $2::INTEGER ORDER BY projet.cree_le DESC
2026-09-09 07:04:23,779 INFO sqlalchemy.engine.Engine [cached since 638.2s ago] (1, 22)
INFO:     127.0.0.1:7536 - "GET /dashboard/alertes HTTP/1.1" 200 OK
2026-09-09 07:04:23,784 INFO sqlalchemy.engine.Engine SELECT count(tache.id) AS count_1 
FROM tache 
WHERE tache.projet_id = $1::INTEGER AND tache.statut = $2::statut_tache
2026-09-09 07:04:23,784 INFO sqlalchemy.engine.Engine [cached since 638.2s ago] (22, 'termine')
2026-09-09 07:04:23,784 INFO sqlalchemy.engine.Engine ROLLBACK
2026-09-09 07:04:23,788 INFO sqlalchemy.engine.Engine BEGIN (implicit)
2026-09-09 07:04:23,790 INFO sqlalchemy.engine.Engine SELECT projet.id, projet.nom, projet.description, projet.client_id, projet.responsable_id, projet.date_debut, projet.date_fin_prevue, projet.statut_sante, projet.avancement_pct, projet.archive, projet.cree_le, projet.modifie_le 
FROM projet 
WHERE projet.archive = false AND projet.client_id = $1::INTEGER
2026-09-09 07:04:23,791 INFO sqlalchemy.engine.Engine [cached since 638.2s ago] (1,)
INFO:     127.0.0.1:7684 - "GET /client/mon-projet/taches?projet_id=22 HTTP/1.1" 200 OK
2026-09-09 07:04:23,794 INFO sqlalchemy.engine.Engine ROLLBACK
INFO:     127.0.0.1:4580 - "GET /client/mon-projet/avancement?projet_id=22 HTTP/1.1" 200 OK
2026-09-09 07:04:23,798 INFO sqlalchemy.engine.Engine BEGIN (implicit)
2026-09-09 07:04:23,799 INFO sqlalchemy.engine.Engine SELECT projet.id, projet.nom, projet.description, projet.client_id, projet.responsable_id, projet.date_debut, projet.date_fin_prevue, projet.statut_sante, projet.avancement_pct, projet.archive, projet.cree_le, projet.modifie_le 
FROM projet 
WHERE projet.client_id = $1::INTEGER AND projet.archive = false AND projet.id = $2::INTEGER ORDER BY projet.cree_le DESC
2026-09-09 07:04:23,800 INFO sqlalchemy.engine.Engine [cached since 638.2s ago] (1, 22)
2026-09-09 07:04:23,802 INFO sqlalchemy.engine.Engine SELECT tache.id, tache.projet_id, tache.titre, tache.description, tache.statut, tache.priorite, tache.echeance, tache.responsable_id, tache.ordre, tache.cree_le, tache.modifie_le 
FROM tache 
WHERE tache.projet_id IN ($4::INTEGER, $5::INTEGER, $6::INTEGER, $7::INTEGER) AND tache.echeance < $1::DATE AND tache.statut != $2::statut_tache 
 LIMIT $3::INTEGER
2026-09-09 07:04:23,803 INFO sqlalchemy.engine.Engine [cached since 638.2s ago] (datetime.date(2026, 9, 9), 'termine', 9, 22, 2, 1, 15)
2026-09-09 07:04:23,805 INFO sqlalchemy.engine.Engine BEGIN (implicit)
2026-09-09 07:04:23,806 INFO sqlalchemy.engine.Engine SELECT projet.id, projet.nom, projet.description, projet.client_id, projet.responsable_id, projet.date_debut, projet.date_fin_prevue, projet.statut_sante, projet.avancement_pct, projet.archive, projet.cree_le, projet.modifie_le 
FROM projet 
WHERE projet.client_id = $1::INTEGER AND projet.archive = false AND projet.id = $2::INTEGER ORDER BY projet.cree_le DESC
2026-09-09 07:04:23,807 INFO sqlalchemy.engine.Engine [cached since 638.2s ago] (1, 22)
INFO:     127.0.0.1:12788 - "GET /client/mon-projet?projet_id=22 HTTP/1.1" 200 OK
2026-09-09 07:04:23,811 INFO sqlalchemy.engine.Engine SELECT tache.id, tache.projet_id, tache.titre, tache.description, tache.statut, tache.priorite, tache.echeance, tache.responsable_id, tache.ordre, tache.cree_le, tache.modifie_le 
FROM tache 
WHERE tache.projet_id IN ($5::INTEGER, $6::INTEGER, $7::INTEGER, $8::INTEGER) AND tache.echeance <= $1::DATE AND tache.echeance >= $2::DATE AND tache.statut != $3::statut_tache ORDER BY tache.echeance 
 LIMIT $4::INTEGER
2026-09-09 07:04:23,812 INFO sqlalchemy.engine.Engine [cached since 638.2s ago] (datetime.date(2026, 9, 16), datetime.date(2026, 9, 9), 'termine', 7, 22, 2, 1, 15)
2026-09-09 07:04:23,814 INFO sqlalchemy.engine.Engine SELECT tache.id, tache.projet_id, tache.titre, tache.description, tache.statut, tache.priorite, tache.echeance, tache.responsable_id, tache.ordre, tache.cree_le, tache.modifie_le 
FROM tache 
WHERE tache.projet_id = $1::INTEGER ORDER BY tache.statut, tache.ordre
2026-09-09 07:04:23,815 INFO sqlalchemy.engine.Engine [cached since 638.1s ago] (22,)
2026-09-09 07:04:23,816 INFO sqlalchemy.engine.Engine ROLLBACK
2026-09-09 07:04:23,818 INFO sqlalchemy.engine.Engine SELECT count(tache.id) AS count_1 
FROM tache 
WHERE tache.projet_id = $1::INTEGER AND tache.statut = $2::statut_tache
2026-09-09 07:04:23,818 INFO sqlalchemy.engine.Engine [cached since 638.2s ago] (22, 'a_faire')
2026-09-09 07:04:23,821 INFO sqlalchemy.engine.Engine ROLLBACK
2026-09-09 07:04:23,823 INFO sqlalchemy.engine.Engine SELECT count(tache.id) AS count_1 
FROM tache 
WHERE tache.projet_id = $1::INTEGER AND tache.statut = $2::statut_tache
2026-09-09 07:04:23,823 INFO sqlalchemy.engine.Engine [cached since 638.3s ago] (22, 'en_cours')
INFO:     127.0.0.1:7536 - "GET /dashboard/alertes HTTP/1.1" 200 OK
2026-09-09 07:04:23,827 INFO sqlalchemy.engine.Engine SELECT count(tache.id) AS count_1 
FROM tache 
WHERE tache.projet_id = $1::INTEGER AND tache.statut = $2::statut_tache
2026-09-09 07:04:23,828 INFO sqlalchemy.engine.Engine [cached since 638.3s ago] (22, 'en_revue')
INFO:     127.0.0.1:7684 - "GET /client/mon-projet/taches?projet_id=22 HTTP/1.1" 200 OK
2026-09-09 07:04:23,831 INFO sqlalchemy.engine.Engine SELECT count(tache.id) AS count_1 
FROM tache 
WHERE tache.projet_id = $1::INTEGER AND tache.statut = $2::statut_tache
2026-09-09 07:04:23,831 INFO sqlalchemy.engine.Engine [cached since 638.3s ago] (22, 'termine')
2026-09-09 07:04:23,833 INFO sqlalchemy.engine.Engine ROLLBACK
INFO:     127.0.0.1:4580 - "GET /client/mon-projet/avancement?projet_id=22 HTTP/1.1" 200 OK
2026-09-09 07:04:54,527 INFO sqlalchemy.engine.Engine BEGIN (implicit)
2026-09-09 07:04:54,527 INFO sqlalchemy.engine.Engine SELECT count(notification.id) AS count_1 
FROM notification 
WHERE notification.destinataire_id = $1::INTEGER AND notification.lu = false
2026-09-09 07:04:54,527 INFO sqlalchemy.engine.Engine [cached since 669.1s ago] (14,)
2026-09-09 07:04:54,527 INFO sqlalchemy.engine.Engine ROLLBACK
INFO:     127.0.0.1:11293 - "GET /notifications/count HTTP/1.1" 200 OK
2026-09-09 07:05:24,229 INFO sqlalchemy.engine.Engine BEGIN (implicit)
2026-09-09 07:05:24,231 INFO sqlalchemy.engine.Engine SELECT count(notification.id) AS count_1 
FROM notification 
WHERE notification.destinataire_id = $1::INTEGER AND notification.lu = false
2026-09-09 07:05:24,232 INFO sqlalchemy.engine.Engine [cached since 698.8s ago] (14,)
2026-09-09 07:05:24,235 INFO sqlalchemy.engine.Engine ROLLBACK
INFO:     127.0.0.1:4790 - "GET /notifications/count HTTP/1.1" 200 OK
2026-09-09 07:05:54,531 INFO sqlalchemy.engine.Engine BEGIN (implicit)
2026-09-09 07:05:54,531 INFO sqlalchemy.engine.Engine SELECT count(notification.id) AS count_1 
FROM notification 
WHERE notification.destinataire_id = $1::INTEGER AND notification.lu = false
2026-09-09 07:05:54,536 INFO sqlalchemy.engine.Engine [cached since 729.1s ago] (14,)
2026-09-09 07:05:54,537 INFO sqlalchemy.engine.Engine ROLLBACK
INFO:     127.0.0.1:2875 - "GET /notifications/count HTTP/1.1" 200 OK
2026-09-09 07:06:24,220 INFO sqlalchemy.engine.Engine BEGIN (implicit)
2026-09-09 07:06:24,221 INFO sqlalchemy.engine.Engine SELECT count(notification.id) AS count_1 
FROM notification 
WHERE notification.destinataire_id = $1::INTEGER AND notification.lu = false
2026-09-09 07:06:24,222 INFO sqlalchemy.engine.Engine [cached since 758.8s ago] (14,)
2026-09-09 07:06:24,224 INFO sqlalchemy.engine.Engine ROLLBACK
INFO:     127.0.0.1:11123 - "GET /notifications/count HTTP/1.1" 200 OK
INFO:     127.0.0.1:12242 - "GET /health HTTP/1.1" 200 OK
2026-09-09 07:06:54,521 INFO sqlalchemy.engine.Engine BEGIN (implicit)
2026-09-09 07:06:54,522 INFO sqlalchemy.engine.Engine SELECT count(notification.id) AS count_1 
FROM notification 
WHERE notification.destinataire_id = $1::INTEGER AND notification.lu = false
2026-09-09 07:06:54,523 INFO sqlalchemy.engine.Engine [cached since 789.1s ago] (14,)
2026-09-09 07:06:54,525 INFO sqlalchemy.engine.Engine ROLLBACK
INFO:     127.0.0.1:11481 - "GET /notifications/count HTTP/1.1" 200 OK
2026-09-09 07:07:19,447 INFO sqlalchemy.engine.Engine BEGIN (implicit)
2026-09-09 07:07:19,447 INFO sqlalchemy.engine.Engine SELECT utilisateur.id, utilisateur.nom, utilisateur.prenom, utilisateur.email, utilisateur.mot_de_passe_hash, utilisateur.role, utilisateur.client_id, utilisateur.metier, utilisateur.actif, utilisateur.cree_le 
FROM utilisateur 
WHERE utilisateur.id = $1::INTEGER
2026-09-09 07:07:19,447 INFO sqlalchemy.engine.Engine [cached since 814.1s ago] (14,)
2026-09-09 07:07:19,449 INFO sqlalchemy.engine.Engine ROLLBACK
INFO:     127.0.0.1:2735 - "GET /auth/me HTTP/1.1" 200 OK
2026-09-09 07:07:19,452 INFO sqlalchemy.engine.Engine BEGIN (implicit)
2026-09-09 07:07:19,454 INFO sqlalchemy.engine.Engine SELECT utilisateur.id, utilisateur.nom, utilisateur.prenom, utilisateur.email, utilisateur.mot_de_passe_hash, utilisateur.role, utilisateur.client_id, utilisateur.metier, utilisateur.actif, utilisateur.cree_le 
FROM utilisateur 
WHERE utilisateur.id = $1::INTEGER
2026-09-09 07:07:19,454 INFO sqlalchemy.engine.Engine [cached since 814.1s ago] (14,)
2026-09-09 07:07:19,455 INFO sqlalchemy.engine.Engine ROLLBACK
INFO:     127.0.0.1:2735 - "GET /auth/me HTTP/1.1" 200 OK
2026-09-09 07:07:19,476 INFO sqlalchemy.engine.Engine BEGIN (implicit)
2026-09-09 07:07:19,476 INFO sqlalchemy.engine.Engine SELECT count(notification.id) AS count_1 
FROM notification 
WHERE notification.destinataire_id = $1::INTEGER AND notification.lu = false
2026-09-09 07:07:19,476 INFO sqlalchemy.engine.Engine [cached since 814s ago] (14,)
2026-09-09 07:07:19,478 INFO sqlalchemy.engine.Engine ROLLBACK
INFO:     127.0.0.1:2735 - "GET /notifications/count HTTP/1.1" 200 OK
2026-09-09 07:07:19,481 INFO sqlalchemy.engine.Engine BEGIN (implicit)
2026-09-09 07:07:19,483 INFO sqlalchemy.engine.Engine SELECT projet.id, projet.nom, projet.description, projet.client_id, projet.responsable_id, projet.date_debut, projet.date_fin_prevue, projet.statut_sante, projet.avancement_pct, projet.archive, projet.cree_le, projet.modifie_le 
FROM projet 
WHERE projet.client_id = $1::INTEGER AND projet.archive = false ORDER BY projet.cree_le DESC
2026-09-09 07:07:19,483 INFO sqlalchemy.engine.Engine [cached since 814s ago] (1,)
2026-09-09 07:07:19,485 INFO sqlalchemy.engine.Engine ROLLBACK
INFO:     127.0.0.1:2735 - "GET /client/projets HTTP/1.1" 200 OK
2026-09-09 07:07:19,489 INFO sqlalchemy.engine.Engine BEGIN (implicit)
2026-09-09 07:07:19,489 INFO sqlalchemy.engine.Engine SELECT count(notification.id) AS count_1 
FROM notification 
WHERE notification.destinataire_id = $1::INTEGER AND notification.lu = false
2026-09-09 07:07:19,491 INFO sqlalchemy.engine.Engine [cached since 814s ago] (14,)
2026-09-09 07:07:19,491 INFO sqlalchemy.engine.Engine ROLLBACK
INFO:     127.0.0.1:2735 - "GET /notifications/count HTTP/1.1" 200 OK
2026-09-09 07:07:19,495 INFO sqlalchemy.engine.Engine BEGIN (implicit)
2026-09-09 07:07:19,495 INFO sqlalchemy.engine.Engine SELECT projet.id, projet.nom, projet.description, projet.client_id, projet.responsable_id, projet.date_debut, projet.date_fin_prevue, projet.statut_sante, projet.avancement_pct, projet.archive, projet.cree_le, projet.modifie_le 
FROM projet 
WHERE projet.client_id = $1::INTEGER AND projet.archive = false ORDER BY projet.cree_le DESC
2026-09-09 07:07:19,497 INFO sqlalchemy.engine.Engine [cached since 814s ago] (1,)
2026-09-09 07:07:19,499 INFO sqlalchemy.engine.Engine ROLLBACK
INFO:     127.0.0.1:2735 - "GET /client/projets HTTP/1.1" 200 OK
2026-09-09 07:07:19,500 INFO sqlalchemy.engine.Engine BEGIN (implicit)
2026-09-09 07:07:19,502 INFO sqlalchemy.engine.Engine SELECT projet.id, projet.nom, projet.description, projet.client_id, projet.responsable_id, projet.date_debut, projet.date_fin_prevue, projet.statut_sante, projet.avancement_pct, projet.archive, projet.cree_le, projet.modifie_le 
FROM projet 
WHERE projet.client_id = $1::INTEGER AND projet.archive = false AND projet.id = $2::INTEGER ORDER BY projet.cree_le DESC
2026-09-09 07:07:19,502 INFO sqlalchemy.engine.Engine [cached since 813.9s ago] (1, 22)
2026-09-09 07:07:19,504 INFO sqlalchemy.engine.Engine ROLLBACK
INFO:     127.0.0.1:2735 - "GET /client/mon-projet?projet_id=22 HTTP/1.1" 200 OK
2026-09-09 07:07:19,507 INFO sqlalchemy.engine.Engine BEGIN (implicit)
2026-09-09 07:07:19,507 INFO sqlalchemy.engine.Engine SELECT projet.id, projet.nom, projet.description, projet.client_id, projet.responsable_id, projet.date_debut, projet.date_fin_prevue, projet.statut_sante, projet.avancement_pct, projet.archive, projet.cree_le, projet.modifie_le 
FROM projet 
WHERE projet.client_id = $1::INTEGER AND projet.archive = false AND projet.id = $2::INTEGER ORDER BY projet.cree_le DESC
2026-09-09 07:07:19,507 INFO sqlalchemy.engine.Engine [cached since 813.9s ago] (1, 22)
2026-09-09 07:07:19,508 INFO sqlalchemy.engine.Engine SELECT count(tache.id) AS count_1 
FROM tache 
WHERE tache.projet_id = $1::INTEGER AND tache.statut = $2::statut_tache
2026-09-09 07:07:19,510 INFO sqlalchemy.engine.Engine [cached since 813.9s ago] (22, 'a_faire')
2026-09-09 07:07:19,511 INFO sqlalchemy.engine.Engine SELECT count(tache.id) AS count_1 
FROM tache 
WHERE tache.projet_id = $1::INTEGER AND tache.statut = $2::statut_tache
2026-09-09 07:07:19,511 INFO sqlalchemy.engine.Engine [cached since 813.9s ago] (22, 'en_cours')
2026-09-09 07:07:19,511 INFO sqlalchemy.engine.Engine SELECT count(tache.id) AS count_1 
FROM tache 
WHERE tache.projet_id = $1::INTEGER AND tache.statut = $2::statut_tache
2026-09-09 07:07:19,513 INFO sqlalchemy.engine.Engine [cached since 813.9s ago] (22, 'en_revue')
2026-09-09 07:07:19,513 INFO sqlalchemy.engine.Engine SELECT count(tache.id) AS count_1 
FROM tache 
WHERE tache.projet_id = $1::INTEGER AND tache.statut = $2::statut_tache
2026-09-09 07:07:19,513 INFO sqlalchemy.engine.Engine [cached since 813.9s ago] (22, 'termine')
2026-09-09 07:07:19,515 INFO sqlalchemy.engine.Engine ROLLBACK
INFO:     127.0.0.1:2735 - "GET /client/mon-projet/avancement?projet_id=22 HTTP/1.1" 200 OK
2026-09-09 07:07:19,518 INFO sqlalchemy.engine.Engine BEGIN (implicit)
2026-09-09 07:07:19,519 INFO sqlalchemy.engine.Engine SELECT projet.id, projet.nom, projet.description, projet.client_id, projet.responsable_id, projet.date_debut, projet.date_fin_prevue, projet.statut_sante, projet.avancement_pct, projet.archive, projet.cree_le, projet.modifie_le 
FROM projet 
WHERE projet.client_id = $1::INTEGER AND projet.archive = false AND projet.id = $2::INTEGER ORDER BY projet.cree_le DESC
2026-09-09 07:07:19,519 INFO sqlalchemy.engine.Engine [cached since 814s ago] (1, 22)
2026-09-09 07:07:19,522 INFO sqlalchemy.engine.Engine SELECT tache.id, tache.projet_id, tache.titre, tache.description, tache.statut, tache.priorite, tache.echeance, tache.responsable_id, tache.ordre, tache.cree_le, tache.modifie_le 
FROM tache 
WHERE tache.projet_id = $1::INTEGER ORDER BY tache.statut, tache.ordre
2026-09-09 07:07:19,523 INFO sqlalchemy.engine.Engine [cached since 813.9s ago] (22,)
2026-09-09 07:07:19,524 INFO sqlalchemy.engine.Engine ROLLBACK
INFO:     127.0.0.1:2735 - "GET /client/mon-projet/taches?projet_id=22 HTTP/1.1" 200 OK
2026-09-09 07:07:19,528 INFO sqlalchemy.engine.Engine BEGIN (implicit)
2026-09-09 07:07:19,528 INFO sqlalchemy.engine.Engine SELECT projet.id, projet.nom, projet.description, projet.client_id, projet.responsable_id, projet.date_debut, projet.date_fin_prevue, projet.statut_sante, projet.avancement_pct, projet.archive, projet.cree_le, projet.modifie_le 
FROM projet 
WHERE projet.archive = false AND projet.client_id = $1::INTEGER
2026-09-09 07:07:19,529 INFO sqlalchemy.engine.Engine [cached since 814s ago] (1,)
2026-09-09 07:07:19,531 INFO sqlalchemy.engine.Engine SELECT tache.id, tache.projet_id, tache.titre, tache.description, tache.statut, tache.priorite, tache.echeance, tache.responsable_id, tache.ordre, tache.cree_le, tache.modifie_le 
FROM tache 
WHERE tache.projet_id IN ($4::INTEGER, $5::INTEGER, $6::INTEGER, $7::INTEGER) AND tache.echeance < $1::DATE AND tache.statut != $2::statut_tache 
 LIMIT $3::INTEGER
2026-09-09 07:07:19,531 INFO sqlalchemy.engine.Engine [cached since 813.9s ago] (datetime.date(2026, 9, 9), 'termine', 9, 22, 2, 1, 15)
2026-09-09 07:07:19,532 INFO sqlalchemy.engine.Engine SELECT tache.id, tache.projet_id, tache.titre, tache.description, tache.statut, tache.priorite, tache.echeance, tache.responsable_id, tache.ordre, tache.cree_le, tache.modifie_le 
FROM tache 
WHERE tache.projet_id IN ($5::INTEGER, $6::INTEGER, $7::INTEGER, $8::INTEGER) AND tache.echeance <= $1::DATE AND tache.echeance >= $2::DATE AND tache.statut != $3::statut_tache ORDER BY tache.echeance 
 LIMIT $4::INTEGER
2026-09-09 07:07:19,532 INFO sqlalchemy.engine.Engine [cached since 813.9s ago] (datetime.date(2026, 9, 16), datetime.date(2026, 9, 9), 'termine', 7, 22, 2, 1, 15)
2026-09-09 07:07:19,534 INFO sqlalchemy.engine.Engine ROLLBACK
INFO:     127.0.0.1:2735 - "GET /dashboard/alertes HTTP/1.1" 200 OK
2026-09-09 07:07:19,538 INFO sqlalchemy.engine.Engine BEGIN (implicit)
2026-09-09 07:07:19,539 INFO sqlalchemy.engine.Engine SELECT projet.id, projet.nom, projet.description, projet.client_id, projet.responsable_id, projet.date_debut, projet.date_fin_prevue, projet.statut_sante, projet.avancement_pct, projet.archive, projet.cree_le, projet.modifie_le 
FROM projet 
WHERE projet.client_id = $1::INTEGER AND projet.archive = false AND projet.id = $2::INTEGER ORDER BY projet.cree_le DESC
2026-09-09 07:07:19,539 INFO sqlalchemy.engine.Engine [cached since 814s ago] (1, 22)
2026-09-09 07:07:19,541 INFO sqlalchemy.engine.Engine ROLLBACK
INFO:     127.0.0.1:2735 - "GET /client/mon-projet?projet_id=22 HTTP/1.1" 200 OK
2026-09-09 07:07:19,546 INFO sqlalchemy.engine.Engine BEGIN (implicit)
2026-09-09 07:07:19,546 INFO sqlalchemy.engine.Engine SELECT projet.id, projet.nom, projet.description, projet.client_id, projet.responsable_id, projet.date_debut, projet.date_fin_prevue, projet.statut_sante, projet.avancement_pct, projet.archive, projet.cree_le, projet.modifie_le 
FROM projet 
WHERE projet.client_id = $1::INTEGER AND projet.archive = false AND projet.id = $2::INTEGER ORDER BY projet.cree_le DESC
2026-09-09 07:07:19,546 INFO sqlalchemy.engine.Engine [cached since 814s ago] (1, 22)
2026-09-09 07:07:19,547 INFO sqlalchemy.engine.Engine SELECT count(tache.id) AS count_1 
FROM tache 
WHERE tache.projet_id = $1::INTEGER AND tache.statut = $2::statut_tache
2026-09-09 07:07:19,547 INFO sqlalchemy.engine.Engine [cached since 814s ago] (22, 'a_faire')
2026-09-09 07:07:19,549 INFO sqlalchemy.engine.Engine SELECT count(tache.id) AS count_1 
FROM tache 
WHERE tache.projet_id = $1::INTEGER AND tache.statut = $2::statut_tache
2026-09-09 07:07:19,549 INFO sqlalchemy.engine.Engine [cached since 814s ago] (22, 'en_cours')
2026-09-09 07:07:19,551 INFO sqlalchemy.engine.Engine SELECT count(tache.id) AS count_1 
FROM tache 
WHERE tache.projet_id = $1::INTEGER AND tache.statut = $2::statut_tache
2026-09-09 07:07:19,551 INFO sqlalchemy.engine.Engine [cached since 814s ago] (22, 'en_revue')
2026-09-09 07:07:19,552 INFO sqlalchemy.engine.Engine SELECT count(tache.id) AS count_1 
FROM tache 
WHERE tache.projet_id = $1::INTEGER AND tache.statut = $2::statut_tache
2026-09-09 07:07:19,552 INFO sqlalchemy.engine.Engine [cached since 814s ago] (22, 'termine')
2026-09-09 07:07:19,554 INFO sqlalchemy.engine.Engine ROLLBACK
INFO:     127.0.0.1:2735 - "GET /client/mon-projet/avancement?projet_id=22 HTTP/1.1" 200 OK
2026-09-09 07:07:19,557 INFO sqlalchemy.engine.Engine BEGIN (implicit)
2026-09-09 07:07:19,558 INFO sqlalchemy.engine.Engine SELECT projet.id, projet.nom, projet.description, projet.client_id, projet.responsable_id, projet.date_debut, projet.date_fin_prevue, projet.statut_sante, projet.avancement_pct, projet.archive, projet.cree_le, projet.modifie_le 
FROM projet 
WHERE projet.client_id = $1::INTEGER AND projet.archive = false AND projet.id = $2::INTEGER ORDER BY projet.cree_le DESC
2026-09-09 07:07:19,558 INFO sqlalchemy.engine.Engine [cached since 814s ago] (1, 22)
2026-09-09 07:07:19,560 INFO sqlalchemy.engine.Engine SELECT tache.id, tache.projet_id, tache.titre, tache.description, tache.statut, tache.priorite, tache.echeance, tache.responsable_id, tache.ordre, tache.cree_le, tache.modifie_le 
FROM tache 
WHERE tache.projet_id = $1::INTEGER ORDER BY tache.statut, tache.ordre
2026-09-09 07:07:19,560 INFO sqlalchemy.engine.Engine [cached since 813.9s ago] (22,)
2026-09-09 07:07:19,562 INFO sqlalchemy.engine.Engine ROLLBACK
INFO:     127.0.0.1:2735 - "GET /client/mon-projet/taches?projet_id=22 HTTP/1.1" 200 OK
2026-09-09 07:07:19,565 INFO sqlalchemy.engine.Engine BEGIN (implicit)
2026-09-09 07:07:19,565 INFO sqlalchemy.engine.Engine SELECT projet.id, projet.nom, projet.description, projet.client_id, projet.responsable_id, projet.date_debut, projet.date_fin_prevue, projet.statut_sante, projet.avancement_pct, projet.archive, projet.cree_le, projet.modifie_le 
FROM projet 
WHERE projet.archive = false AND projet.client_id = $1::INTEGER
2026-09-09 07:07:19,565 INFO sqlalchemy.engine.Engine [cached since 814s ago] (1,)
2026-09-09 07:07:19,568 INFO sqlalchemy.engine.Engine SELECT tache.id, tache.projet_id, tache.titre, tache.description, tache.statut, tache.priorite, tache.echeance, tache.responsable_id, tache.ordre, tache.cree_le, tache.modifie_le 
FROM tache 
WHERE tache.projet_id IN ($4::INTEGER, $5::INTEGER, $6::INTEGER, $7::INTEGER) AND tache.echeance < $1::DATE AND tache.statut != $2::statut_tache 
 LIMIT $3::INTEGER
2026-09-09 07:07:19,568 INFO sqlalchemy.engine.Engine [cached since 814s ago] (datetime.date(2026, 9, 9), 'termine', 9, 22, 2, 1, 15)
2026-09-09 07:07:19,570 INFO sqlalchemy.engine.Engine SELECT tache.id, tache.projet_id, tache.titre, tache.description, tache.statut, tache.priorite, tache.echeance, tache.responsable_id, tache.ordre, tache.cree_le, tache.modifie_le 
FROM tache 
WHERE tache.projet_id IN ($5::INTEGER, $6::INTEGER, $7::INTEGER, $8::INTEGER) AND tache.echeance <= $1::DATE AND tache.echeance >= $2::DATE AND tache.statut != $3::statut_tache ORDER BY tache.echeance 
 LIMIT $4::INTEGER
2026-09-09 07:07:19,570 INFO sqlalchemy.engine.Engine [cached since 814s ago] (datetime.date(2026, 9, 16), datetime.date(2026, 9, 9), 'termine', 7, 22, 2, 1, 15)
2026-09-09 07:07:19,571 INFO sqlalchemy.engine.Engine ROLLBACK
INFO:     127.0.0.1:2735 - "GET /dashboard/alertes HTTP/1.1" 200 OK
2026-09-09 07:07:27,602 INFO sqlalchemy.engine.Engine BEGIN (implicit)
2026-09-09 07:07:27,603 INFO sqlalchemy.engine.Engine SELECT projet.id, projet.nom, projet.description, projet.client_id, projet.responsable_id, projet.date_debut, projet.date_fin_prevue, projet.statut_sante, projet.avancement_pct, projet.archive, projet.cree_le, projet.modifie_le 
FROM projet 
WHERE projet.client_id = $1::INTEGER AND projet.archive = false ORDER BY projet.cree_le DESC
2026-09-09 07:07:27,604 INFO sqlalchemy.engine.Engine [cached since 822.1s ago] (1,)
2026-09-09 07:07:27,606 INFO sqlalchemy.engine.Engine ROLLBACK
INFO:     127.0.0.1:4215 - "GET /client/projets HTTP/1.1" 200 OK
2026-09-09 07:07:27,613 INFO sqlalchemy.engine.Engine BEGIN (implicit)
2026-09-09 07:07:27,613 INFO sqlalchemy.engine.Engine SELECT projet.id, projet.nom, projet.description, projet.client_id, projet.responsable_id, projet.date_debut, projet.date_fin_prevue, projet.statut_sante, projet.avancement_pct, projet.archive, projet.cree_le, projet.modifie_le 
FROM projet 
WHERE projet.client_id = $1::INTEGER AND projet.archive = false ORDER BY projet.cree_le DESC
2026-09-09 07:07:27,615 INFO sqlalchemy.engine.Engine [cached since 822.1s ago] (1,)
INFO:     127.0.0.1:6295 - "OPTIONS /projets/15/fichiers HTTP/1.1" 200 OK
INFO:     127.0.0.1:4688 - "OPTIONS /projets/22/fichiers HTTP/1.1" 200 OK
INFO:     127.0.0.1:6541 - "OPTIONS /projets/2/fichiers HTTP/1.1" 200 OK
INFO:     127.0.0.1:4822 - "OPTIONS /projets/1/fichiers HTTP/1.1" 200 OK
2026-09-09 07:07:27,618 INFO sqlalchemy.engine.Engine ROLLBACK
2026-09-09 07:07:27,620 INFO sqlalchemy.engine.Engine BEGIN (implicit)
2026-09-09 07:07:27,623 INFO sqlalchemy.engine.Engine SELECT projet.id, projet.nom, projet.description, projet.client_id, projet.responsable_id, projet.date_debut, projet.date_fin_prevue, projet.statut_sante, projet.avancement_pct, projet.archive, projet.cree_le, projet.modifie_le 
FROM projet 
WHERE projet.id = $1::INTEGER
2026-09-09 07:07:27,623 INFO sqlalchemy.engine.Engine [generated in 0.00061s] (15,)
2026-09-09 07:07:27,625 INFO sqlalchemy.engine.Engine BEGIN (implicit)
2026-09-09 07:07:27,625 INFO sqlalchemy.engine.Engine SELECT projet.id, projet.nom, projet.description, projet.client_id, projet.responsable_id, projet.date_debut, projet.date_fin_prevue, projet.statut_sante, projet.avancement_pct, projet.archive, projet.cree_le, projet.modifie_le 
FROM projet 
WHERE projet.id = $1::INTEGER
2026-09-09 07:07:27,625 INFO sqlalchemy.engine.Engine [cached since 0.003128s ago] (22,)
2026-09-09 07:07:27,627 INFO sqlalchemy.engine.Engine BEGIN (implicit)
2026-09-09 07:07:27,627 INFO sqlalchemy.engine.Engine SELECT projet.id, projet.nom, projet.description, projet.client_id, projet.responsable_id, projet.date_debut, projet.date_fin_prevue, projet.statut_sante, projet.avancement_pct, projet.archive, projet.cree_le, projet.modifie_le 
FROM projet 
WHERE projet.id = $1::INTEGER
2026-09-09 07:07:27,627 INFO sqlalchemy.engine.Engine [cached since 0.005858s ago] (1,)
2026-09-09 07:07:27,630 INFO sqlalchemy.engine.Engine BEGIN (implicit)
2026-09-09 07:07:27,630 INFO sqlalchemy.engine.Engine SELECT projet.id, projet.nom, projet.description, projet.client_id, projet.responsable_id, projet.date_debut, projet.date_fin_prevue, projet.statut_sante, projet.avancement_pct, projet.archive, projet.cree_le, projet.modifie_le 
FROM projet 
WHERE projet.id = $1::INTEGER
2026-09-09 07:07:27,630 INFO sqlalchemy.engine.Engine [cached since 0.008302s ago] (2,)
INFO:     127.0.0.1:4215 - "GET /client/projets HTTP/1.1" 200 OK
2026-09-09 07:07:27,637 INFO sqlalchemy.engine.Engine SELECT fichier.id, fichier.projet_id, fichier.nom, fichier.chemin_ou_url, fichier.type_mime, fichier.taille_octets, fichier.televerse_par, fichier.cree_le, utilisateur.id AS id_1, utilisateur.nom AS nom_1, utilisateur.prenom, utilisateur.email, utilisateur.mot_de_passe_hash, utilisateur.role, utilisateur.client_id, utilisateur.metier, utilisateur.actif, utilisateur.cree_le AS cree_le_1 
FROM fichier LEFT OUTER JOIN utilisateur ON utilisateur.id = fichier.televerse_par 
WHERE fichier.projet_id = $1::INTEGER ORDER BY fichier.cree_le DESC
2026-09-09 07:07:27,638 INFO sqlalchemy.engine.Engine [generated in 0.00060s] (15,)
2026-09-09 07:07:27,639 INFO sqlalchemy.engine.Engine SELECT fichier.id, fichier.projet_id, fichier.nom, fichier.chemin_ou_url, fichier.type_mime, fichier.taille_octets, fichier.televerse_par, fichier.cree_le, utilisateur.id AS id_1, utilisateur.nom AS nom_1, utilisateur.prenom, utilisateur.email, utilisateur.mot_de_passe_hash, utilisateur.role, utilisateur.client_id, utilisateur.metier, utilisateur.actif, utilisateur.cree_le AS cree_le_1 
FROM fichier LEFT OUTER JOIN utilisateur ON utilisateur.id = fichier.televerse_par 
WHERE fichier.projet_id = $1::INTEGER ORDER BY fichier.cree_le DESC
2026-09-09 07:07:27,641 INFO sqlalchemy.engine.Engine [cached since 0.003747s ago] (22,)
2026-09-09 07:07:27,643 INFO sqlalchemy.engine.Engine SELECT fichier.id, fichier.projet_id, fichier.nom, fichier.chemin_ou_url, fichier.type_mime, fichier.taille_octets, fichier.televerse_par, fichier.cree_le, utilisateur.id AS id_1, utilisateur.nom AS nom_1, utilisateur.prenom, utilisateur.email, utilisateur.mot_de_passe_hash, utilisateur.role, utilisateur.client_id, utilisateur.metier, utilisateur.actif, utilisateur.cree_le AS cree_le_1 
FROM fichier LEFT OUTER JOIN utilisateur ON utilisateur.id = fichier.televerse_par 
WHERE fichier.projet_id = $1::INTEGER ORDER BY fichier.cree_le DESC
2026-09-09 07:07:27,643 INFO sqlalchemy.engine.Engine [cached since 0.006225s ago] (1,)
2026-09-09 07:07:27,645 INFO sqlalchemy.engine.Engine SELECT fichier.id, fichier.projet_id, fichier.nom, fichier.chemin_ou_url, fichier.type_mime, fichier.taille_octets, fichier.televerse_par, fichier.cree_le, utilisateur.id AS id_1, utilisateur.nom AS nom_1, utilisateur.prenom, utilisateur.email, utilisateur.mot_de_passe_hash, utilisateur.role, utilisateur.client_id, utilisateur.metier, utilisateur.actif, utilisateur.cree_le AS cree_le_1 
FROM fichier LEFT OUTER JOIN utilisateur ON utilisateur.id = fichier.televerse_par 
WHERE fichier.projet_id = $1::INTEGER ORDER BY fichier.cree_le DESC
2026-09-09 07:07:27,645 INFO sqlalchemy.engine.Engine [cached since 0.008112s ago] (2,)
2026-09-09 07:07:27,646 INFO sqlalchemy.engine.Engine ROLLBACK
INFO:     127.0.0.1:4688 - "GET /projets/15/fichiers HTTP/1.1" 200 OK
2026-09-09 07:07:27,648 INFO sqlalchemy.engine.Engine ROLLBACK
2026-09-09 07:07:27,649 INFO sqlalchemy.engine.Engine ROLLBACK
2026-09-09 07:07:27,649 INFO sqlalchemy.engine.Engine ROLLBACK
2026-09-09 07:07:27,652 INFO sqlalchemy.engine.Engine BEGIN (implicit)
2026-09-09 07:07:27,653 INFO sqlalchemy.engine.Engine SELECT projet.id, projet.nom, projet.description, projet.client_id, projet.responsable_id, projet.date_debut, projet.date_fin_prevue, projet.statut_sante, projet.avancement_pct, projet.archive, projet.cree_le, projet.modifie_le 
FROM projet 
WHERE projet.id = $1::INTEGER
2026-09-09 07:07:27,653 INFO sqlalchemy.engine.Engine [cached since 0.03032s ago] (15,)
INFO:     127.0.0.1:6541 - "GET /projets/1/fichiers HTTP/1.1" 200 OK
INFO:     127.0.0.1:6295 - "GET /projets/22/fichiers HTTP/1.1" 200 OK
INFO:     127.0.0.1:4822 - "GET /projets/2/fichiers HTTP/1.1" 200 OK
2026-09-09 07:07:27,657 INFO sqlalchemy.engine.Engine SELECT fichier.id, fichier.projet_id, fichier.nom, fichier.chemin_ou_url, fichier.type_mime, fichier.taille_octets, fichier.televerse_par, fichier.cree_le, utilisateur.id AS id_1, utilisateur.nom AS nom_1, utilisateur.prenom, utilisateur.email, utilisateur.mot_de_passe_hash, utilisateur.role, utilisateur.client_id, utilisateur.metier, utilisateur.actif, utilisateur.cree_le AS cree_le_1 
FROM fichier LEFT OUTER JOIN utilisateur ON utilisateur.id = fichier.televerse_par 
WHERE fichier.projet_id = $1::INTEGER ORDER BY fichier.cree_le DESC
2026-09-09 07:07:27,659 INFO sqlalchemy.engine.Engine [cached since 0.02122s ago] (15,)
2026-09-09 07:07:27,659 INFO sqlalchemy.engine.Engine BEGIN (implicit)
2026-09-09 07:07:27,660 INFO sqlalchemy.engine.Engine SELECT projet.id, projet.nom, projet.description, projet.client_id, projet.responsable_id, projet.date_debut, projet.date_fin_prevue, projet.statut_sante, projet.avancement_pct, projet.archive, projet.cree_le, projet.modifie_le 
FROM projet 
WHERE projet.id = $1::INTEGER
2026-09-09 07:07:27,660 INFO sqlalchemy.engine.Engine [cached since 0.0379s ago] (1,)
2026-09-09 07:07:27,662 INFO sqlalchemy.engine.Engine BEGIN (implicit)
2026-09-09 07:07:27,662 INFO sqlalchemy.engine.Engine SELECT projet.id, projet.nom, projet.description, projet.client_id, projet.responsable_id, projet.date_debut, projet.date_fin_prevue, projet.statut_sante, projet.avancement_pct, projet.archive, projet.cree_le, projet.modifie_le 
FROM projet 
WHERE projet.id = $1::INTEGER
2026-09-09 07:07:27,662 INFO sqlalchemy.engine.Engine [cached since 0.04009s ago] (22,)
2026-09-09 07:07:27,664 INFO sqlalchemy.engine.Engine ROLLBACK
2026-09-09 07:07:27,665 INFO sqlalchemy.engine.Engine BEGIN (implicit)
2026-09-09 07:07:27,665 INFO sqlalchemy.engine.Engine SELECT projet.id, projet.nom, projet.description, projet.client_id, projet.responsable_id, projet.date_debut, projet.date_fin_prevue, projet.statut_sante, projet.avancement_pct, projet.archive, projet.cree_le, projet.modifie_le 
FROM projet 
WHERE projet.id = $1::INTEGER
2026-09-09 07:07:27,666 INFO sqlalchemy.engine.Engine [cached since 0.04287s ago] (2,)
2026-09-09 07:07:27,667 INFO sqlalchemy.engine.Engine SELECT fichier.id, fichier.projet_id, fichier.nom, fichier.chemin_ou_url, fichier.type_mime, fichier.taille_octets, fichier.televerse_par, fichier.cree_le, utilisateur.id AS id_1, utilisateur.nom AS nom_1, utilisateur.prenom, utilisateur.email, utilisateur.mot_de_passe_hash, utilisateur.role, utilisateur.client_id, utilisateur.metier, utilisateur.actif, utilisateur.cree_le AS cree_le_1 
FROM fichier LEFT OUTER JOIN utilisateur ON utilisateur.id = fichier.televerse_par 
WHERE fichier.projet_id = $1::INTEGER ORDER BY fichier.cree_le DESC
2026-09-09 07:07:27,667 INFO sqlalchemy.engine.Engine [cached since 0.03024s ago] (1,)
INFO:     127.0.0.1:4688 - "GET /projets/15/fichiers HTTP/1.1" 200 OK
2026-09-09 07:07:27,669 INFO sqlalchemy.engine.Engine ROLLBACK
2026-09-09 07:07:27,670 INFO sqlalchemy.engine.Engine SELECT fichier.id, fichier.projet_id, fichier.nom, fichier.chemin_ou_url, fichier.type_mime, fichier.taille_octets, fichier.televerse_par, fichier.cree_le, utilisateur.id AS id_1, utilisateur.nom AS nom_1, utilisateur.prenom, utilisateur.email, utilisateur.mot_de_passe_hash, utilisateur.role, utilisateur.client_id, utilisateur.metier, utilisateur.actif, utilisateur.cree_le AS cree_le_1 
FROM fichier LEFT OUTER JOIN utilisateur ON utilisateur.id = fichier.televerse_par 
WHERE fichier.projet_id = $1::INTEGER ORDER BY fichier.cree_le DESC
2026-09-09 07:07:27,670 INFO sqlalchemy.engine.Engine [cached since 0.0335s ago] (22,)
2026-09-09 07:07:27,672 INFO sqlalchemy.engine.Engine SELECT fichier.id, fichier.projet_id, fichier.nom, fichier.chemin_ou_url, fichier.type_mime, fichier.taille_octets, fichier.televerse_par, fichier.cree_le, utilisateur.id AS id_1, utilisateur.nom AS nom_1, utilisateur.prenom, utilisateur.email, utilisateur.mot_de_passe_hash, utilisateur.role, utilisateur.client_id, utilisateur.metier, utilisateur.actif, utilisateur.cree_le AS cree_le_1 
FROM fichier LEFT OUTER JOIN utilisateur ON utilisateur.id = fichier.televerse_par 
WHERE fichier.projet_id = $1::INTEGER ORDER BY fichier.cree_le DESC
2026-09-09 07:07:27,672 INFO sqlalchemy.engine.Engine [cached since 0.03488s ago] (2,)
2026-09-09 07:07:27,672 INFO sqlalchemy.engine.Engine ROLLBACK
2026-09-09 07:07:27,673 INFO sqlalchemy.engine.Engine ROLLBACK
INFO:     127.0.0.1:6541 - "GET /projets/1/fichiers HTTP/1.1" 200 OK
INFO:     127.0.0.1:6295 - "GET /projets/22/fichiers HTTP/1.1" 200 OK
INFO:     127.0.0.1:4822 - "GET /projets/2/fichiers HTTP/1.1" 200 OK
2026-09-09 07:07:40,955 INFO sqlalchemy.engine.Engine BEGIN (implicit)
2026-09-09 07:07:40,965 INFO sqlalchemy.engine.Engine SELECT projet.id, projet.nom, projet.description, projet.client_id, projet.responsable_id, projet.date_debut, projet.date_fin_prevue, projet.statut_sante, projet.avancement_pct, projet.archive, projet.cree_le, projet.modifie_le 
FROM projet 
WHERE projet.client_id = $1::INTEGER AND projet.archive = false ORDER BY projet.cree_le DESC
2026-09-09 07:07:40,967 INFO sqlalchemy.engine.Engine [cached since 835.4s ago] (1,)
2026-09-09 07:07:40,968 INFO sqlalchemy.engine.Engine ROLLBACK
INFO:     127.0.0.1:13563 - "GET /client/projets HTTP/1.1" 200 OK
2026-09-09 07:07:40,976 INFO sqlalchemy.engine.Engine BEGIN (implicit)
2026-09-09 07:07:40,976 INFO sqlalchemy.engine.Engine SELECT projet.id, projet.nom, projet.description, projet.client_id, projet.responsable_id, projet.date_debut, projet.date_fin_prevue, projet.statut_sante, projet.avancement_pct, projet.archive, projet.cree_le, projet.modifie_le 
FROM projet 
WHERE projet.id = $1::INTEGER
2026-09-09 07:07:40,976 INFO sqlalchemy.engine.Engine [cached since 13.36s ago] (22,)
2026-09-09 07:07:40,985 INFO sqlalchemy.engine.Engine SELECT fichier.id, fichier.projet_id, fichier.nom, fichier.chemin_ou_url, fichier.type_mime, fichier.taille_octets, fichier.televerse_par, fichier.cree_le, utilisateur.id AS id_1, utilisateur.nom AS nom_1, utilisateur.prenom, utilisateur.email, utilisateur.mot_de_passe_hash, utilisateur.role, utilisateur.client_id, utilisateur.metier, utilisateur.actif, utilisateur.cree_le AS cree_le_1 
FROM fichier LEFT OUTER JOIN utilisateur ON utilisateur.id = fichier.televerse_par 
WHERE fichier.projet_id = $1::INTEGER ORDER BY fichier.cree_le DESC
2026-09-09 07:07:40,985 INFO sqlalchemy.engine.Engine [cached since 13.35s ago] (22,)
2026-09-09 07:07:40,988 INFO sqlalchemy.engine.Engine ROLLBACK
INFO:     127.0.0.1:13563 - "GET /projets/22/fichiers HTTP/1.1" 200 OK
2026-09-09 07:07:40,993 INFO sqlalchemy.engine.Engine BEGIN (implicit)
2026-09-09 07:07:40,993 INFO sqlalchemy.engine.Engine SELECT projet.id, projet.nom, projet.description, projet.client_id, projet.responsable_id, projet.date_debut, projet.date_fin_prevue, projet.statut_sante, projet.avancement_pct, projet.archive, projet.cree_le, projet.modifie_le 
FROM projet 
WHERE projet.id = $1::INTEGER
2026-09-09 07:07:40,993 INFO sqlalchemy.engine.Engine [cached since 13.37s ago] (15,)
2026-09-09 07:07:40,997 INFO sqlalchemy.engine.Engine SELECT fichier.id, fichier.projet_id, fichier.nom, fichier.chemin_ou_url, fichier.type_mime, fichier.taille_octets, fichier.televerse_par, fichier.cree_le, utilisateur.id AS id_1, utilisateur.nom AS nom_1, utilisateur.prenom, utilisateur.email, utilisateur.mot_de_passe_hash, utilisateur.role, utilisateur.client_id, utilisateur.metier, utilisateur.actif, utilisateur.cree_le AS cree_le_1 
FROM fichier LEFT OUTER JOIN utilisateur ON utilisateur.id = fichier.televerse_par 
WHERE fichier.projet_id = $1::INTEGER ORDER BY fichier.cree_le DESC
2026-09-09 07:07:40,997 INFO sqlalchemy.engine.Engine [cached since 13.36s ago] (15,)
2026-09-09 07:07:41,000 INFO sqlalchemy.engine.Engine ROLLBACK
INFO:     127.0.0.1:13563 - "GET /projets/15/fichiers HTTP/1.1" 200 OK
2026-09-09 07:07:41,002 INFO sqlalchemy.engine.Engine BEGIN (implicit)
2026-09-09 07:07:41,002 INFO sqlalchemy.engine.Engine SELECT projet.id, projet.nom, projet.description, projet.client_id, projet.responsable_id, projet.date_debut, projet.date_fin_prevue, projet.statut_sante, projet.avancement_pct, projet.archive, projet.cree_le, projet.modifie_le 
FROM projet 
WHERE projet.id = $1::INTEGER
2026-09-09 07:07:41,002 INFO sqlalchemy.engine.Engine [cached since 13.38s ago] (2,)
2026-09-09 07:07:41,012 INFO sqlalchemy.engine.Engine SELECT fichier.id, fichier.projet_id, fichier.nom, fichier.chemin_ou_url, fichier.type_mime, fichier.taille_octets, fichier.televerse_par, fichier.cree_le, utilisateur.id AS id_1, utilisateur.nom AS nom_1, utilisateur.prenom, utilisateur.email, utilisateur.mot_de_passe_hash, utilisateur.role, utilisateur.client_id, utilisateur.metier, utilisateur.actif, utilisateur.cree_le AS cree_le_1 
FROM fichier LEFT OUTER JOIN utilisateur ON utilisateur.id = fichier.televerse_par 
WHERE fichier.projet_id = $1::INTEGER ORDER BY fichier.cree_le DESC
2026-09-09 07:07:41,012 INFO sqlalchemy.engine.Engine [cached since 13.37s ago] (2,)
2026-09-09 07:07:41,012 INFO sqlalchemy.engine.Engine ROLLBACK
INFO:     127.0.0.1:13563 - "GET /projets/2/fichiers HTTP/1.1" 200 OK
2026-09-09 07:07:41,018 INFO sqlalchemy.engine.Engine BEGIN (implicit)
2026-09-09 07:07:41,018 INFO sqlalchemy.engine.Engine SELECT projet.id, projet.nom, projet.description, projet.client_id, projet.responsable_id, projet.date_debut, projet.date_fin_prevue, projet.statut_sante, projet.avancement_pct, projet.archive, projet.cree_le, projet.modifie_le 
FROM projet 
WHERE projet.id = $1::INTEGER
2026-09-09 07:07:41,018 INFO sqlalchemy.engine.Engine [cached since 13.4s ago] (1,)
2026-09-09 07:07:41,018 INFO sqlalchemy.engine.Engine SELECT fichier.id, fichier.projet_id, fichier.nom, fichier.chemin_ou_url, fichier.type_mime, fichier.taille_octets, fichier.televerse_par, fichier.cree_le, utilisateur.id AS id_1, utilisateur.nom AS nom_1, utilisateur.prenom, utilisateur.email, utilisateur.mot_de_passe_hash, utilisateur.role, utilisateur.client_id, utilisateur.metier, utilisateur.actif, utilisateur.cree_le AS cree_le_1 
FROM fichier LEFT OUTER JOIN utilisateur ON utilisateur.id = fichier.televerse_par 
WHERE fichier.projet_id = $1::INTEGER ORDER BY fichier.cree_le DESC
2026-09-09 07:07:41,018 INFO sqlalchemy.engine.Engine [cached since 13.39s ago] (1,)
2026-09-09 07:07:41,018 INFO sqlalchemy.engine.Engine ROLLBACK
INFO:     127.0.0.1:13563 - "GET /projets/1/fichiers HTTP/1.1" 200 OK
2026-09-09 07:07:49,486 INFO sqlalchemy.engine.Engine BEGIN (implicit)
2026-09-09 07:07:49,488 INFO sqlalchemy.engine.Engine SELECT count(notification.id) AS count_1 
FROM notification 
WHERE notification.destinataire_id = $1::INTEGER AND notification.lu = false
2026-09-09 07:07:49,488 INFO sqlalchemy.engine.Engine [cached since 844s ago] (14,)
2026-09-09 07:07:49,488 INFO sqlalchemy.engine.Engine ROLLBACK
INFO:     127.0.0.1:6646 - "GET /notifications/count HTTP/1.1" 200 OK
2026-09-09 07:08:20,219 INFO sqlalchemy.engine.Engine BEGIN (implicit)
2026-09-09 07:08:20,219 INFO sqlalchemy.engine.Engine SELECT count(notification.id) AS count_1 
FROM notification 
WHERE notification.destinataire_id = $1::INTEGER AND notification.lu = false
2026-09-09 07:08:20,219 INFO sqlalchemy.engine.Engine [cached since 874.8s ago] (14,)
2026-09-09 07:08:20,219 INFO sqlalchemy.engine.Engine ROLLBACK
INFO:     127.0.0.1:1269 - "GET /notifications/count HTTP/1.1" 200 OK
2026-09-09 07:08:57,701 INFO sqlalchemy.engine.Engine BEGIN (implicit)
2026-09-09 07:08:57,705 INFO sqlalchemy.engine.Engine SELECT utilisateur.id, utilisateur.nom, utilisateur.prenom, utilisateur.email, utilisateur.mot_de_passe_hash, utilisateur.role, utilisateur.client_id, utilisateur.metier, utilisateur.actif, utilisateur.cree_le 
FROM utilisateur 
WHERE utilisateur.email = $1::VARCHAR
2026-09-09 07:08:57,705 INFO sqlalchemy.engine.Engine [generated in 0.00117s] ('bienfe@gmail.com',)
2026-09-09 07:08:58,079 INFO sqlalchemy.engine.Engine ROLLBACK
INFO:     127.0.0.1:7513 - "POST /auth/login HTTP/1.1" 200 OK
2026-09-09 07:08:58,085 INFO sqlalchemy.engine.Engine BEGIN (implicit)
2026-09-09 07:08:58,085 INFO sqlalchemy.engine.Engine SELECT utilisateur.id, utilisateur.nom, utilisateur.prenom, utilisateur.email, utilisateur.mot_de_passe_hash, utilisateur.role, utilisateur.client_id, utilisateur.metier, utilisateur.actif, utilisateur.cree_le 
FROM utilisateur 
WHERE utilisateur.id = $1::INTEGER
2026-09-09 07:08:58,085 INFO sqlalchemy.engine.Engine [cached since 912.7s ago] (66,)
2026-09-09 07:08:58,085 INFO sqlalchemy.engine.Engine ROLLBACK
INFO:     127.0.0.1:7513 - "GET /auth/me HTTP/1.1" 200 OK
INFO:     127.0.0.1:7513 - "OPTIONS /projets/ HTTP/1.1" 200 OK
INFO:     127.0.0.1:5199 - "OPTIONS /projets/ HTTP/1.1" 200 OK
2026-09-09 07:08:58,114 INFO sqlalchemy.engine.Engine BEGIN (implicit)
2026-09-09 07:08:58,116 INFO sqlalchemy.engine.Engine SELECT count(notification.id) AS count_1 
FROM notification 
WHERE notification.destinataire_id = $1::INTEGER AND notification.lu = false
2026-09-09 07:08:58,117 INFO sqlalchemy.engine.Engine [cached since 912.7s ago] (66,)
2026-09-09 07:08:58,118 INFO sqlalchemy.engine.Engine BEGIN (implicit)
2026-09-09 07:08:58,119 INFO sqlalchemy.engine.Engine SELECT projet.id, projet.nom, projet.description, projet.client_id, projet.responsable_id, projet.date_debut, projet.date_fin_prevue, projet.statut_sante, projet.avancement_pct, projet.archive, projet.cree_le, projet.modifie_le 
FROM projet
2026-09-09 07:08:58,120 INFO sqlalchemy.engine.Engine [generated in 0.00056s] ()
2026-09-09 07:08:58,121 INFO sqlalchemy.engine.Engine ROLLBACK
2026-09-09 07:08:58,124 INFO sqlalchemy.engine.Engine ROLLBACK
INFO:     127.0.0.1:7513 - "GET /notifications/count HTTP/1.1" 200 OK
INFO:     127.0.0.1:5199 - "GET /projets/ HTTP/1.1" 200 OK
2026-09-09 07:08:58,128 INFO sqlalchemy.engine.Engine BEGIN (implicit)
2026-09-09 07:08:58,129 INFO sqlalchemy.engine.Engine SELECT count(notification.id) AS count_1 
FROM notification 
WHERE notification.destinataire_id = $1::INTEGER AND notification.lu = false
2026-09-09 07:08:58,129 INFO sqlalchemy.engine.Engine [cached since 912.7s ago] (66,)
2026-09-09 07:08:58,131 INFO sqlalchemy.engine.Engine BEGIN (implicit)
2026-09-09 07:08:58,131 INFO sqlalchemy.engine.Engine SELECT projet.id, projet.nom, projet.description, projet.client_id, projet.responsable_id, projet.date_debut, projet.date_fin_prevue, projet.statut_sante, projet.avancement_pct, projet.archive, projet.cree_le, projet.modifie_le 
FROM projet
2026-09-09 07:08:58,132 INFO sqlalchemy.engine.Engine [cached since 0.01211s ago] ()
2026-09-09 07:08:58,133 INFO sqlalchemy.engine.Engine ROLLBACK
INFO:     127.0.0.1:7513 - "GET /notifications/count HTTP/1.1" 200 OK
2026-09-09 07:08:58,135 INFO sqlalchemy.engine.Engine ROLLBACK
INFO:     127.0.0.1:5199 - "GET /projets/ HTTP/1.1" 200 OK
INFO:     127.0.0.1:1486 - "OPTIONS /clients/ HTTP/1.1" 200 OK
INFO:     127.0.0.1:9401 - "OPTIONS /factures/ HTTP/1.1" 200 OK
INFO:     127.0.0.1:1486 - "OPTIONS /factures/statistiques HTTP/1.1" 200 OK
2026-09-09 07:09:03,316 INFO sqlalchemy.engine.Engine BEGIN (implicit)
2026-09-09 07:09:03,316 INFO sqlalchemy.engine.Engine SELECT projet.id, projet.nom, projet.description, projet.client_id, projet.responsable_id, projet.date_debut, projet.date_fin_prevue, projet.statut_sante, projet.avancement_pct, projet.archive, projet.cree_le, projet.modifie_le 
FROM projet
2026-09-09 07:09:03,316 INFO sqlalchemy.engine.Engine [cached since 5.197s ago] ()
2026-09-09 07:09:03,319 INFO sqlalchemy.engine.Engine BEGIN (implicit)
2026-09-09 07:09:03,320 INFO sqlalchemy.engine.Engine SELECT client.id, client.nom, client.contact, client.email, client.telephone, client.cree_le 
FROM client ORDER BY client.nom
2026-09-09 07:09:03,320 INFO sqlalchemy.engine.Engine [generated in 0.00050s] ()
2026-09-09 07:09:03,323 INFO sqlalchemy.engine.Engine ROLLBACK
2026-09-09 07:09:03,325 INFO sqlalchemy.engine.Engine ROLLBACK
INFO:     127.0.0.1:9401 - "GET /projets/ HTTP/1.1" 200 OK
INFO:     127.0.0.1:1486 - "GET /clients/ HTTP/1.1" 200 OK
2026-09-09 07:09:03,331 INFO sqlalchemy.engine.Engine BEGIN (implicit)
2026-09-09 07:09:03,333 INFO sqlalchemy.engine.Engine SELECT facture.id, facture.numero, facture.client_id, facture.projet_id, facture.statut, facture.date_emission, facture.date_echeance, facture.montant_ht, facture.taux_tva, facture.montant_tva, facture.montant_ttc, facture.notes, facture.cree_par, facture.cree_le, facture.modifie_le, client.nom, projet.nom AS nom_1 
FROM facture JOIN client ON facture.client_id = client.id LEFT OUTER JOIN projet ON facture.projet_id = projet.id ORDER BY facture.date_emission DESC, facture.id DESC
2026-09-09 07:09:03,333 INFO sqlalchemy.engine.Engine [generated in 0.00053s] ()
2026-09-09 07:09:03,335 INFO sqlalchemy.engine.Engine BEGIN (implicit)
2026-09-09 07:09:03,337 INFO sqlalchemy.engine.Engine SELECT count(facture.id) AS count_1 
FROM facture
2026-09-09 07:09:03,337 INFO sqlalchemy.engine.Engine [generated in 0.00052s] ()
2026-09-09 07:09:03,337 INFO sqlalchemy.engine.Engine SELECT coalesce(sum(facture.montant_ttc), $1::INTEGER) AS coalesce_1 
FROM facture 
WHERE facture.statut = $2::statut_facture
2026-09-09 07:09:03,337 INFO sqlalchemy.engine.Engine [generated in 0.00068s] (0, 'payee')
2026-09-09 07:09:03,347 INFO sqlalchemy.engine.Engine ROLLBACK
INFO:     127.0.0.1:9401 - "GET /factures/ HTTP/1.1" 200 OK
2026-09-09 07:09:03,351 INFO sqlalchemy.engine.Engine SELECT coalesce(sum(facture.montant_ttc), $1::INTEGER) AS coalesce_1 
FROM facture 
WHERE facture.statut IN ($2::statut_facture, $3::statut_facture)
2026-09-09 07:09:03,351 INFO sqlalchemy.engine.Engine [generated in 0.00083s] (0, 'envoyee', 'en_retard')
2026-09-09 07:09:03,353 INFO sqlalchemy.engine.Engine BEGIN (implicit)
2026-09-09 07:09:03,353 INFO sqlalchemy.engine.Engine SELECT projet.id, projet.nom, projet.description, projet.client_id, projet.responsable_id, projet.date_debut, projet.date_fin_prevue, projet.statut_sante, projet.avancement_pct, projet.archive, projet.cree_le, projet.modifie_le 
FROM projet
2026-09-09 07:09:03,353 INFO sqlalchemy.engine.Engine [cached since 5.236s ago] ()
2026-09-09 07:09:03,358 INFO sqlalchemy.engine.Engine SELECT count(facture.id) AS count_1 
FROM facture 
WHERE facture.statut = $1::statut_facture
2026-09-09 07:09:03,358 INFO sqlalchemy.engine.Engine [generated in 0.00063s] ('brouillon',)
2026-09-09 07:09:03,358 INFO sqlalchemy.engine.Engine ROLLBACK
2026-09-09 07:09:03,358 INFO sqlalchemy.engine.Engine SELECT count(facture.id) AS count_1 
FROM facture 
WHERE facture.statut IN ($1::statut_facture, $2::statut_facture)
2026-09-09 07:09:03,358 INFO sqlalchemy.engine.Engine [generated in 0.00059s] ('envoyee', 'en_retard')
INFO:     127.0.0.1:9401 - "GET /projets/ HTTP/1.1" 200 OK
2026-09-09 07:09:03,358 INFO sqlalchemy.engine.Engine ROLLBACK
2026-09-09 07:09:03,358 INFO sqlalchemy.engine.Engine BEGIN (implicit)
2026-09-09 07:09:03,367 INFO sqlalchemy.engine.Engine SELECT client.id, client.nom, client.contact, client.email, client.telephone, client.cree_le 
FROM client ORDER BY client.nom
2026-09-09 07:09:03,367 INFO sqlalchemy.engine.Engine [cached since 0.04712s ago] ()
INFO:     127.0.0.1:1486 - "GET /factures/statistiques HTTP/1.1" 200 OK
2026-09-09 07:09:03,368 INFO sqlalchemy.engine.Engine ROLLBACK
2026-09-09 07:09:03,368 INFO sqlalchemy.engine.Engine BEGIN (implicit)
2026-09-09 07:09:03,368 INFO sqlalchemy.engine.Engine SELECT facture.id, facture.numero, facture.client_id, facture.projet_id, facture.statut, facture.date_emission, facture.date_echeance, facture.montant_ht, facture.taux_tva, facture.montant_tva, facture.montant_ttc, facture.notes, facture.cree_par, facture.cree_le, facture.modifie_le, client.nom, projet.nom AS nom_1 
FROM facture JOIN client ON facture.client_id = client.id LEFT OUTER JOIN projet ON facture.projet_id = projet.id ORDER BY facture.date_emission DESC, facture.id DESC
2026-09-09 07:09:03,368 INFO sqlalchemy.engine.Engine [cached since 0.04014s ago] ()
INFO:     127.0.0.1:9401 - "GET /clients/ HTTP/1.1" 200 OK
2026-09-09 07:09:03,368 INFO sqlalchemy.engine.Engine ROLLBACK
2026-09-09 07:09:03,368 INFO sqlalchemy.engine.Engine BEGIN (implicit)
2026-09-09 07:09:03,368 INFO sqlalchemy.engine.Engine SELECT count(facture.id) AS count_1 
FROM facture
2026-09-09 07:09:03,378 INFO sqlalchemy.engine.Engine [cached since 0.04173s ago] ()
INFO:     127.0.0.1:1486 - "GET /factures/ HTTP/1.1" 200 OK
2026-09-09 07:09:03,378 INFO sqlalchemy.engine.Engine SELECT coalesce(sum(facture.montant_ttc), $1::INTEGER) AS coalesce_1 
FROM facture 
WHERE facture.statut = $2::statut_facture
2026-09-09 07:09:03,378 INFO sqlalchemy.engine.Engine [cached since 0.0386s ago] (0, 'payee')
2026-09-09 07:09:03,386 INFO sqlalchemy.engine.Engine SELECT coalesce(sum(facture.montant_ttc), $1::INTEGER) AS coalesce_1 
FROM facture 
WHERE facture.statut IN ($2::statut_facture, $3::statut_facture)
2026-09-09 07:09:03,389 INFO sqlalchemy.engine.Engine [cached since 0.03778s ago] (0, 'envoyee', 'en_retard')
2026-09-09 07:09:03,389 INFO sqlalchemy.engine.Engine SELECT count(facture.id) AS count_1 
FROM facture 
WHERE facture.statut = $1::statut_facture
2026-09-09 07:09:03,389 INFO sqlalchemy.engine.Engine [cached since 0.03466s ago] ('brouillon',)
2026-09-09 07:09:03,389 INFO sqlalchemy.engine.Engine SELECT count(facture.id) AS count_1 
FROM facture 
WHERE facture.statut IN ($1::statut_facture, $2::statut_facture)
2026-09-09 07:09:03,389 INFO sqlalchemy.engine.Engine [cached since 0.03339s ago] ('envoyee', 'en_retard')
2026-09-09 07:09:03,389 INFO sqlalchemy.engine.Engine ROLLBACK
INFO:     127.0.0.1:9401 - "GET /factures/statistiques HTTP/1.1" 200 OK
2026-09-09 07:09:28,220 INFO sqlalchemy.engine.Engine BEGIN (implicit)
2026-09-09 07:09:28,220 INFO sqlalchemy.engine.Engine SELECT count(notification.id) AS count_1 
FROM notification 
WHERE notification.destinataire_id = $1::INTEGER AND notification.lu = false
2026-09-09 07:09:28,220 INFO sqlalchemy.engine.Engine [cached since 942.8s ago] (66,)
2026-09-09 07:09:28,220 INFO sqlalchemy.engine.Engine ROLLBACK
INFO:     127.0.0.1:8211 - "GET /notifications/count HTTP/1.1" 200 OK
2026-09-09 07:09:58,118 INFO sqlalchemy.engine.Engine BEGIN (implicit)
2026-09-09 07:09:58,119 INFO sqlalchemy.engine.Engine SELECT count(notification.id) AS count_1 
FROM notification 
WHERE notification.destinataire_id = $1::INTEGER AND notification.lu = false
2026-09-09 07:09:58,119 INFO sqlalchemy.engine.Engine [cached since 972.7s ago] (66,)
2026-09-09 07:09:58,121 INFO sqlalchemy.engine.Engine ROLLBACK
INFO:     127.0.0.1:6295 - "GET /notifications/count HTTP/1.1" 200 OK
2026-09-09 07:10:28,531 INFO sqlalchemy.engine.Engine BEGIN (implicit)
2026-09-09 07:10:28,531 INFO sqlalchemy.engine.Engine SELECT count(notification.id) AS count_1 
FROM notification 
WHERE notification.destinataire_id = $1::INTEGER AND notification.lu = false
2026-09-09 07:10:28,531 INFO sqlalchemy.engine.Engine [cached since 1003s ago] (66,)
2026-09-09 07:10:28,538 INFO sqlalchemy.engine.Engine ROLLBACK
INFO:     127.0.0.1:7876 - "GET /notifications/count HTTP/1.1" 200 OK
2026-09-09 07:10:58,228 INFO sqlalchemy.engine.Engine BEGIN (implicit)
2026-09-09 07:10:58,228 INFO sqlalchemy.engine.Engine SELECT count(notification.id) AS count_1 
FROM notification 
WHERE notification.destinataire_id = $1::INTEGER AND notification.lu = false
2026-09-09 07:10:58,228 INFO sqlalchemy.engine.Engine [cached since 1033s ago] (66,)
2026-09-09 07:10:58,228 INFO sqlalchemy.engine.Engine ROLLBACK
INFO:     127.0.0.1:5546 - "GET /notifications/count HTTP/1.1" 200 OK
2026-09-09 07:11:28,414 INFO sqlalchemy.engine.Engine BEGIN (implicit)
2026-09-09 07:11:28,414 INFO sqlalchemy.engine.Engine SELECT count(notification.id) AS count_1 
FROM notification 
WHERE notification.destinataire_id = $1::INTEGER AND notification.lu = false
2026-09-09 07:11:28,414 INFO sqlalchemy.engine.Engine [cached since 1063s ago] (66,)
2026-09-09 07:11:28,422 INFO sqlalchemy.engine.Engine ROLLBACK
INFO:     127.0.0.1:8055 - "GET /notifications/count HTTP/1.1" 200 OK
2026-09-09 07:11:58,222 INFO sqlalchemy.engine.Engine BEGIN (implicit)
2026-09-09 07:11:58,223 INFO sqlalchemy.engine.Engine SELECT count(notification.id) AS count_1 
FROM notification 
WHERE notification.destinataire_id = $1::INTEGER AND notification.lu = false
2026-09-09 07:11:58,223 INFO sqlalchemy.engine.Engine [cached since 1093s ago] (66,)
2026-09-09 07:11:58,223 INFO sqlalchemy.engine.Engine ROLLBACK
INFO:     127.0.0.1:11569 - "GET /notifications/count HTTP/1.1" 200 OK
2026-09-09 07:12:28,536 INFO sqlalchemy.engine.Engine BEGIN (implicit)
2026-09-09 07:12:28,539 INFO sqlalchemy.engine.Engine SELECT count(notification.id) AS count_1 
FROM notification 
WHERE notification.destinataire_id = $1::INTEGER AND notification.lu = false
2026-09-09 07:12:28,539 INFO sqlalchemy.engine.Engine [cached since 1123s ago] (66,)
2026-09-09 07:12:28,541 INFO sqlalchemy.engine.Engine ROLLBACK
INFO:     127.0.0.1:12362 - "GET /notifications/count HTTP/1.1" 200 OK
2026-09-09 07:12:58,224 INFO sqlalchemy.engine.Engine BEGIN (implicit)
2026-09-09 07:12:58,225 INFO sqlalchemy.engine.Engine SELECT count(notification.id) AS count_1 
FROM notification 
WHERE notification.destinataire_id = $1::INTEGER AND notification.lu = false
2026-09-09 07:12:58,226 INFO sqlalchemy.engine.Engine [cached since 1153s ago] (66,)
2026-09-09 07:12:58,228 INFO sqlalchemy.engine.Engine ROLLBACK
INFO:     127.0.0.1:3113 - "GET /notifications/count HTTP/1.1" 200 OK
2026-09-09 07:13:28,526 INFO sqlalchemy.engine.Engine BEGIN (implicit)
2026-09-09 07:13:28,527 INFO sqlalchemy.engine.Engine SELECT count(notification.id) AS count_1 
FROM notification 
WHERE notification.destinataire_id = $1::INTEGER AND notification.lu = false
2026-09-09 07:13:28,528 INFO sqlalchemy.engine.Engine [cached since 1183s ago] (66,)
2026-09-09 07:13:28,530 INFO sqlalchemy.engine.Engine ROLLBACK
INFO:     127.0.0.1:13596 - "GET /notifications/count HTTP/1.1" 200 OK
INFO:     127.0.0.1:7091 - "OPTIONS /notifications/count HTTP/1.1" 200 OK
2026-09-09 07:13:58,221 INFO sqlalchemy.engine.Engine BEGIN (implicit)
2026-09-09 07:13:58,222 INFO sqlalchemy.engine.Engine SELECT count(notification.id) AS count_1 
FROM notification 
WHERE notification.destinataire_id = $1::INTEGER AND notification.lu = false
2026-09-09 07:13:58,222 INFO sqlalchemy.engine.Engine [cached since 1213s ago] (66,)
2026-09-09 07:13:58,224 INFO sqlalchemy.engine.Engine ROLLBACK
INFO:     127.0.0.1:7091 - "GET /notifications/count HTTP/1.1" 200 OK
2026-09-09 07:14:28,537 INFO sqlalchemy.engine.Engine BEGIN (implicit)
2026-09-09 07:14:28,538 INFO sqlalchemy.engine.Engine SELECT count(notification.id) AS count_1 
FROM notification 
WHERE notification.destinataire_id = $1::INTEGER AND notification.lu = false
2026-09-09 07:14:28,538 INFO sqlalchemy.engine.Engine [cached since 1243s ago] (66,)
2026-09-09 07:14:28,540 INFO sqlalchemy.engine.Engine ROLLBACK
INFO:     127.0.0.1:7661 - "GET /notifications/count HTTP/1.1" 200 OK
2026-09-09 07:14:58,225 INFO sqlalchemy.engine.Engine BEGIN (implicit)
2026-09-09 07:14:58,226 INFO sqlalchemy.engine.Engine SELECT count(notification.id) AS count_1 
FROM notification 
WHERE notification.destinataire_id = $1::INTEGER AND notification.lu = false
2026-09-09 07:14:58,227 INFO sqlalchemy.engine.Engine [cached since 1273s ago] (66,)
2026-09-09 07:14:58,230 INFO sqlalchemy.engine.Engine ROLLBACK
INFO:     127.0.0.1:12594 - "GET /notifications/count HTTP/1.1" 200 OK
2026-09-09 07:15:28,536 INFO sqlalchemy.engine.Engine BEGIN (implicit)
2026-09-09 07:15:28,537 INFO sqlalchemy.engine.Engine SELECT count(notification.id) AS count_1 
FROM notification 
WHERE notification.destinataire_id = $1::INTEGER AND notification.lu = false
2026-09-09 07:15:28,537 INFO sqlalchemy.engine.Engine [cached since 1303s ago] (66,)
2026-09-09 07:15:28,539 INFO sqlalchemy.engine.Engine ROLLBACK
INFO:     127.0.0.1:3314 - "GET /notifications/count HTTP/1.1" 200 OK
2026-09-09 07:15:58,220 INFO sqlalchemy.engine.Engine BEGIN (implicit)
2026-09-09 07:15:58,222 INFO sqlalchemy.engine.Engine SELECT count(notification.id) AS count_1 
FROM notification 
WHERE notification.destinataire_id = $1::INTEGER AND notification.lu = false
2026-09-09 07:15:58,222 INFO sqlalchemy.engine.Engine [cached since 1333s ago] (66,)
2026-09-09 07:15:58,225 INFO sqlalchemy.engine.Engine ROLLBACK
INFO:     127.0.0.1:14030 - "GET /notifications/count HTTP/1.1" 200 OK
2026-09-09 07:16:28,533 INFO sqlalchemy.engine.Engine BEGIN (implicit)
2026-09-09 07:16:28,534 INFO sqlalchemy.engine.Engine SELECT count(notification.id) AS count_1 
FROM notification 
WHERE notification.destinataire_id = $1::INTEGER AND notification.lu = false
2026-09-09 07:16:28,535 INFO sqlalchemy.engine.Engine [cached since 1363s ago] (66,)
2026-09-09 07:16:28,536 INFO sqlalchemy.engine.Engine ROLLBACK
INFO:     127.0.0.1:4094 - "GET /notifications/count HTTP/1.1" 200 OK
2026-09-09 07:17:49,540 INFO sqlalchemy.engine.Engine BEGIN (implicit)
2026-09-09 07:17:49,541 INFO sqlalchemy.engine.Engine SELECT count(notification.id) AS count_1 
FROM notification 
WHERE notification.destinataire_id = $1::INTEGER AND notification.lu = false
2026-09-09 07:17:49,541 INFO sqlalchemy.engine.Engine [cached since 1444s ago] (66,)
2026-09-09 07:17:49,543 INFO sqlalchemy.engine.Engine ROLLBACK
INFO:     127.0.0.1:5647 - "GET /notifications/count HTTP/1.1" 200 OK
2026-09-09 07:18:49,220 INFO sqlalchemy.engine.Engine BEGIN (implicit)
2026-09-09 07:18:49,220 INFO sqlalchemy.engine.Engine SELECT count(notification.id) AS count_1 
FROM notification 
WHERE notification.destinataire_id = $1::INTEGER AND notification.lu = false
2026-09-09 07:18:49,220 INFO sqlalchemy.engine.Engine [cached since 1504s ago] (66,)
2026-09-09 07:18:49,220 INFO sqlalchemy.engine.Engine ROLLBACK
INFO:     127.0.0.1:5802 - "GET /notifications/count HTTP/1.1" 200 OK
2026-09-09 07:19:49,535 INFO sqlalchemy.engine.Engine BEGIN (implicit)
2026-09-09 07:19:49,535 INFO sqlalchemy.engine.Engine SELECT count(notification.id) AS count_1 
FROM notification 
WHERE notification.destinataire_id = $1::INTEGER AND notification.lu = false
2026-09-09 07:19:49,535 INFO sqlalchemy.engine.Engine [cached since 1564s ago] (66,)
2026-09-09 07:19:49,540 INFO sqlalchemy.engine.Engine ROLLBACK
INFO:     127.0.0.1:2341 - "GET /notifications/count HTTP/1.1" 200 OK
2026-09-09 07:20:49,222 INFO sqlalchemy.engine.Engine BEGIN (implicit)
2026-09-09 07:20:49,222 INFO sqlalchemy.engine.Engine SELECT count(notification.id) AS count_1 
FROM notification 
WHERE notification.destinataire_id = $1::INTEGER AND notification.lu = false
2026-09-09 07:20:49,222 INFO sqlalchemy.engine.Engine [cached since 1624s ago] (66,)
2026-09-09 07:20:49,225 INFO sqlalchemy.engine.Engine ROLLBACK
INFO:     127.0.0.1:6382 - "GET /notifications/count HTTP/1.1" 200 OK
INFO:     127.0.0.1:3784 - "GET /openapi.json HTTP/1.1" 200 OK
2026-09-09 07:21:22,688 INFO sqlalchemy.engine.Engine select pg_catalog.version()
2026-09-09 07:21:22,689 INFO sqlalchemy.engine.Engine [raw sql] ()
2026-09-09 07:21:22,692 INFO sqlalchemy.engine.Engine select current_schema()
2026-09-09 07:21:22,693 INFO sqlalchemy.engine.Engine [raw sql] ()
2026-09-09 07:21:22,695 INFO sqlalchemy.engine.Engine show standard_conforming_strings
2026-09-09 07:21:22,695 INFO sqlalchemy.engine.Engine [raw sql] ()
2026-09-09 07:21:22,697 INFO sqlalchemy.engine.Engine BEGIN (implicit)
2026-09-09 07:21:22,710 INFO sqlalchemy.engine.Engine SELECT pg_catalog.pg_class.relname 
FROM pg_catalog.pg_class JOIN pg_catalog.pg_namespace ON pg_catalog.pg_namespace.oid = pg_catalog.pg_class.relnamespace 
WHERE pg_catalog.pg_class.relname = $1::VARCHAR AND pg_catalog.pg_class.relkind = ANY (ARRAY[$2::VARCHAR, $3::VARCHAR, $4::VARCHAR, $5::VARCHAR, $6::VARCHAR]) AND pg_catalog.pg_table_is_visible(pg_catalog.pg_class.oid) AND pg_catalog.pg_namespace.nspname != $7::VARCHAR
2026-09-09 07:21:22,711 INFO sqlalchemy.engine.Engine [generated in 0.00078s] ('utilisateur', 'r', 'p', 'f', 'v', 'm', 'pg_catalog')
2026-09-09 07:21:22,711 INFO sqlalchemy.engine.Engine SELECT pg_catalog.pg_class.relname 
FROM pg_catalog.pg_class JOIN pg_catalog.pg_namespace ON pg_catalog.pg_namespace.oid = pg_catalog.pg_class.relnamespace 
WHERE pg_catalog.pg_class.relname = $1::VARCHAR AND pg_catalog.pg_class.relkind = ANY (ARRAY[$2::VARCHAR, $3::VARCHAR, $4::VARCHAR, $5::VARCHAR, $6::VARCHAR]) AND pg_catalog.pg_table_is_visible(pg_catalog.pg_class.oid) AND pg_catalog.pg_namespace.nspname != $7::VARCHAR
2026-09-09 07:21:22,711 INFO sqlalchemy.engine.Engine [cached since 0.006412s ago] ('client', 'r', 'p', 'f', 'v', 'm', 'pg_catalog')
2026-09-09 07:21:22,711 INFO sqlalchemy.engine.Engine SELECT pg_catalog.pg_class.relname 
FROM pg_catalog.pg_class JOIN pg_catalog.pg_namespace ON pg_catalog.pg_namespace.oid = pg_catalog.pg_class.relnamespace 
WHERE pg_catalog.pg_class.relname = $1::VARCHAR AND pg_catalog.pg_class.relkind = ANY (ARRAY[$2::VARCHAR, $3::VARCHAR, $4::VARCHAR, $5::VARCHAR, $6::VARCHAR]) AND pg_catalog.pg_table_is_visible(pg_catalog.pg_class.oid) AND pg_catalog.pg_namespace.nspname != $7::VARCHAR
2026-09-09 07:21:22,711 INFO sqlalchemy.engine.Engine [cached since 0.008308s ago] ('projet', 'r', 'p', 'f', 'v', 'm', 'pg_catalog')
2026-09-09 07:21:22,711 INFO sqlalchemy.engine.Engine SELECT pg_catalog.pg_class.relname 
FROM pg_catalog.pg_class JOIN pg_catalog.pg_namespace ON pg_catalog.pg_namespace.oid = pg_catalog.pg_class.relnamespace 
WHERE pg_catalog.pg_class.relname = $1::VARCHAR AND pg_catalog.pg_class.relkind = ANY (ARRAY[$2::VARCHAR, $3::VARCHAR, $4::VARCHAR, $5::VARCHAR, $6::VARCHAR]) AND pg_catalog.pg_table_is_visible(pg_catalog.pg_class.oid) AND pg_catalog.pg_namespace.nspname != $7::VARCHAR
2026-09-09 07:21:22,711 INFO sqlalchemy.engine.Engine [cached since 0.009855s ago] ('projet_membre', 'r', 'p', 'f', 'v', 'm', 'pg_catalog')
2026-09-09 07:21:22,711 INFO sqlalchemy.engine.Engine SELECT pg_catalog.pg_class.relname 
FROM pg_catalog.pg_class JOIN pg_catalog.pg_namespace ON pg_catalog.pg_namespace.oid = pg_catalog.pg_class.relnamespace 
WHERE pg_catalog.pg_class.relname = $1::VARCHAR AND pg_catalog.pg_class.relkind = ANY (ARRAY[$2::VARCHAR, $3::VARCHAR, $4::VARCHAR, $5::VARCHAR, $6::VARCHAR]) AND pg_catalog.pg_table_is_visible(pg_catalog.pg_class.oid) AND pg_catalog.pg_namespace.nspname != $7::VARCHAR
2026-09-09 07:21:22,721 INFO sqlalchemy.engine.Engine [cached since 0.01128s ago] ('tache', 'r', 'p', 'f', 'v', 'm', 'pg_catalog')
2026-09-09 07:21:22,723 INFO sqlalchemy.engine.Engine SELECT pg_catalog.pg_class.relname 
FROM pg_catalog.pg_class JOIN pg_catalog.pg_namespace ON pg_catalog.pg_namespace.oid = pg_catalog.pg_class.relnamespace 
WHERE pg_catalog.pg_class.relname = $1::VARCHAR AND pg_catalog.pg_class.relkind = ANY (ARRAY[$2::VARCHAR, $3::VARCHAR, $4::VARCHAR, $5::VARCHAR, $6::VARCHAR]) AND pg_catalog.pg_table_is_visible(pg_catalog.pg_class.oid) AND pg_catalog.pg_namespace.nspname != $7::VARCHAR
2026-09-09 07:21:22,724 INFO sqlalchemy.engine.Engine [cached since 0.01346s ago] ('commentaire_tache', 'r', 'p', 'f', 'v', 'm', 'pg_catalog')
2026-09-09 07:21:22,724 INFO sqlalchemy.engine.Engine SELECT pg_catalog.pg_class.relname 
FROM pg_catalog.pg_class JOIN pg_catalog.pg_namespace ON pg_catalog.pg_namespace.oid = pg_catalog.pg_class.relnamespace 
WHERE pg_catalog.pg_class.relname = $1::VARCHAR AND pg_catalog.pg_class.relkind = ANY (ARRAY[$2::VARCHAR, $3::VARCHAR, $4::VARCHAR, $5::VARCHAR, $6::VARCHAR]) AND pg_catalog.pg_table_is_visible(pg_catalog.pg_class.oid) AND pg_catalog.pg_namespace.nspname != $7::VARCHAR
2026-09-09 07:21:22,724 INFO sqlalchemy.engine.Engine [cached since 0.01539s ago] ('saisie_temps', 'r', 'p', 'f', 'v', 'm', 'pg_catalog')
2026-09-09 07:21:22,724 INFO sqlalchemy.engine.Engine SELECT pg_catalog.pg_class.relname 
FROM pg_catalog.pg_class JOIN pg_catalog.pg_namespace ON pg_catalog.pg_namespace.oid = pg_catalog.pg_class.relnamespace 
WHERE pg_catalog.pg_class.relname = $1::VARCHAR AND pg_catalog.pg_class.relkind = ANY (ARRAY[$2::VARCHAR, $3::VARCHAR, $4::VARCHAR, $5::VARCHAR, $6::VARCHAR]) AND pg_catalog.pg_table_is_visible(pg_catalog.pg_class.oid) AND pg_catalog.pg_namespace.nspname != $7::VARCHAR
2026-09-09 07:21:22,724 INFO sqlalchemy.engine.Engine [cached since 0.01722s ago] ('jalon', 'r', 'p', 'f', 'v', 'm', 'pg_catalog')
2026-09-09 07:21:22,724 INFO sqlalchemy.engine.Engine SELECT pg_catalog.pg_class.relname 
FROM pg_catalog.pg_class JOIN pg_catalog.pg_namespace ON pg_catalog.pg_namespace.oid = pg_catalog.pg_class.relnamespace 
WHERE pg_catalog.pg_class.relname = $1::VARCHAR AND pg_catalog.pg_class.relkind = ANY (ARRAY[$2::VARCHAR, $3::VARCHAR, $4::VARCHAR, $5::VARCHAR, $6::VARCHAR]) AND pg_catalog.pg_table_is_visible(pg_catalog.pg_class.oid) AND pg_catalog.pg_namespace.nspname != $7::VARCHAR
2026-09-09 07:21:22,724 INFO sqlalchemy.engine.Engine [cached since 0.01872s ago] ('fichier', 'r', 'p', 'f', 'v', 'm', 'pg_catalog')
2026-09-09 07:21:22,724 INFO sqlalchemy.engine.Engine SELECT pg_catalog.pg_class.relname 
FROM pg_catalog.pg_class JOIN pg_catalog.pg_namespace ON pg_catalog.pg_namespace.oid = pg_catalog.pg_class.relnamespace 
WHERE pg_catalog.pg_class.relname = $1::VARCHAR AND pg_catalog.pg_class.relkind = ANY (ARRAY[$2::VARCHAR, $3::VARCHAR, $4::VARCHAR, $5::VARCHAR, $6::VARCHAR]) AND pg_catalog.pg_table_is_visible(pg_catalog.pg_class.oid) AND pg_catalog.pg_namespace.nspname != $7::VARCHAR
2026-09-09 07:21:22,724 INFO sqlalchemy.engine.Engine [cached since 0.02008s ago] ('notification', 'r', 'p', 'f', 'v', 'm', 'pg_catalog')
2026-09-09 07:21:22,724 INFO sqlalchemy.engine.Engine SELECT pg_catalog.pg_class.relname 
FROM pg_catalog.pg_class JOIN pg_catalog.pg_namespace ON pg_catalog.pg_namespace.oid = pg_catalog.pg_class.relnamespace 
WHERE pg_catalog.pg_class.relname = $1::VARCHAR AND pg_catalog.pg_class.relkind = ANY (ARRAY[$2::VARCHAR, $3::VARCHAR, $4::VARCHAR, $5::VARCHAR, $6::VARCHAR]) AND pg_catalog.pg_table_is_visible(pg_catalog.pg_class.oid) AND pg_catalog.pg_namespace.nspname != $7::VARCHAR
2026-09-09 07:21:22,724 INFO sqlalchemy.engine.Engine [cached since 0.02141s ago] ('facture', 'r', 'p', 'f', 'v', 'm', 'pg_catalog')
2026-09-09 07:21:22,732 INFO sqlalchemy.engine.Engine SELECT pg_catalog.pg_class.relname 
FROM pg_catalog.pg_class JOIN pg_catalog.pg_namespace ON pg_catalog.pg_namespace.oid = pg_catalog.pg_class.relnamespace 
WHERE pg_catalog.pg_class.relname = $1::VARCHAR AND pg_catalog.pg_class.relkind = ANY (ARRAY[$2::VARCHAR, $3::VARCHAR, $4::VARCHAR, $5::VARCHAR, $6::VARCHAR]) AND pg_catalog.pg_table_is_visible(pg_catalog.pg_class.oid) AND pg_catalog.pg_namespace.nspname != $7::VARCHAR
2026-09-09 07:21:22,732 INFO sqlalchemy.engine.Engine [cached since 0.02341s ago] ('analyse_ia', 'r', 'p', 'f', 'v', 'm', 'pg_catalog')
2026-09-09 07:21:22,732 INFO sqlalchemy.engine.Engine SELECT pg_catalog.pg_class.relname 
FROM pg_catalog.pg_class JOIN pg_catalog.pg_namespace ON pg_catalog.pg_namespace.oid = pg_catalog.pg_class.relnamespace 
WHERE pg_catalog.pg_class.relname = $1::VARCHAR AND pg_catalog.pg_class.relkind = ANY (ARRAY[$2::VARCHAR, $3::VARCHAR, $4::VARCHAR, $5::VARCHAR, $6::VARCHAR]) AND pg_catalog.pg_table_is_visible(pg_catalog.pg_class.oid) AND pg_catalog.pg_namespace.nspname != $7::VARCHAR
2026-09-09 07:21:22,732 INFO sqlalchemy.engine.Engine [cached since 0.02508s ago] ('suggestion_tache', 'r', 'p', 'f', 'v', 'm', 'pg_catalog')
2026-09-09 07:21:22,736 INFO sqlalchemy.engine.Engine SELECT pg_catalog.pg_class.relname 
FROM pg_catalog.pg_class JOIN pg_catalog.pg_namespace ON pg_catalog.pg_namespace.oid = pg_catalog.pg_class.relnamespace 
WHERE pg_catalog.pg_class.relname = $1::VARCHAR AND pg_catalog.pg_class.relkind = ANY (ARRAY[$2::VARCHAR, $3::VARCHAR, $4::VARCHAR, $5::VARCHAR, $6::VARCHAR]) AND pg_catalog.pg_table_is_visible(pg_catalog.pg_class.oid) AND pg_catalog.pg_namespace.nspname != $7::VARCHAR
2026-09-09 07:21:22,736 INFO sqlalchemy.engine.Engine [cached since 0.02666s ago] ('absence', 'r', 'p', 'f', 'v', 'm', 'pg_catalog')
2026-09-09 07:21:22,741 INFO sqlalchemy.engine.Engine SELECT pg_catalog.pg_type.typname 
FROM pg_catalog.pg_type JOIN pg_catalog.pg_namespace ON pg_catalog.pg_namespace.oid = pg_catalog.pg_type.typnamespace 
WHERE pg_catalog.pg_type.typname = $1::VARCHAR AND pg_catalog.pg_type_is_visible(pg_catalog.pg_type.oid) AND pg_catalog.pg_namespace.nspname != $2::VARCHAR
2026-09-09 07:21:22,741 INFO sqlalchemy.engine.Engine [generated in 0.00079s] ('role_utilisateur', 'pg_catalog')
2026-09-09 07:21:22,745 INFO sqlalchemy.engine.Engine SELECT pg_catalog.pg_type.typname 
FROM pg_catalog.pg_type JOIN pg_catalog.pg_namespace ON pg_catalog.pg_namespace.oid = pg_catalog.pg_type.typnamespace 
WHERE pg_catalog.pg_type.typname = $1::VARCHAR AND pg_catalog.pg_type_is_visible(pg_catalog.pg_type.oid) AND pg_catalog.pg_namespace.nspname != $2::VARCHAR
2026-09-09 07:21:22,745 INFO sqlalchemy.engine.Engine [cached since 0.004451s ago] ('statut_sante', 'pg_catalog')
2026-09-09 07:21:22,748 INFO sqlalchemy.engine.Engine SELECT pg_catalog.pg_type.typname 
FROM pg_catalog.pg_type JOIN pg_catalog.pg_namespace ON pg_catalog.pg_namespace.oid = pg_catalog.pg_type.typnamespace 
WHERE pg_catalog.pg_type.typname = $1::VARCHAR AND pg_catalog.pg_type_is_visible(pg_catalog.pg_type.oid) AND pg_catalog.pg_namespace.nspname != $2::VARCHAR
2026-09-09 07:21:22,748 INFO sqlalchemy.engine.Engine [cached since 0.007136s ago] ('statut_tache', 'pg_catalog')
2026-09-09 07:21:22,750 INFO sqlalchemy.engine.Engine SELECT pg_catalog.pg_type.typname 
FROM pg_catalog.pg_type JOIN pg_catalog.pg_namespace ON pg_catalog.pg_namespace.oid = pg_catalog.pg_type.typnamespace 
WHERE pg_catalog.pg_type.typname = $1::VARCHAR AND pg_catalog.pg_type_is_visible(pg_catalog.pg_type.oid) AND pg_catalog.pg_namespace.nspname != $2::VARCHAR
2026-09-09 07:21:22,751 INFO sqlalchemy.engine.Engine [cached since 0.009762s ago] ('priorite_tache', 'pg_catalog')
2026-09-09 07:21:22,752 INFO sqlalchemy.engine.Engine SELECT pg_catalog.pg_type.typname 
FROM pg_catalog.pg_type JOIN pg_catalog.pg_namespace ON pg_catalog.pg_namespace.oid = pg_catalog.pg_type.typnamespace 
WHERE pg_catalog.pg_type.typname = $1::VARCHAR AND pg_catalog.pg_type_is_visible(pg_catalog.pg_type.oid) AND pg_catalog.pg_namespace.nspname != $2::VARCHAR
2026-09-09 07:21:22,753 INFO sqlalchemy.engine.Engine [cached since 0.01209s ago] ('statut_facture', 'pg_catalog')
2026-09-09 07:21:22,755 INFO sqlalchemy.engine.Engine SELECT pg_catalog.pg_type.typname 
FROM pg_catalog.pg_type JOIN pg_catalog.pg_namespace ON pg_catalog.pg_namespace.oid = pg_catalog.pg_type.typnamespace 
WHERE pg_catalog.pg_type.typname = $1::VARCHAR AND pg_catalog.pg_type_is_visible(pg_catalog.pg_type.oid) AND pg_catalog.pg_namespace.nspname != $2::VARCHAR
2026-09-09 07:21:22,755 INFO sqlalchemy.engine.Engine [cached since 0.01519s ago] ('type_analyse_ia', 'pg_catalog')
2026-09-09 07:21:22,758 INFO sqlalchemy.engine.Engine SELECT pg_catalog.pg_type.typname 
FROM pg_catalog.pg_type JOIN pg_catalog.pg_namespace ON pg_catalog.pg_namespace.oid = pg_catalog.pg_type.typnamespace 
WHERE pg_catalog.pg_type.typname = $1::VARCHAR AND pg_catalog.pg_type_is_visible(pg_catalog.pg_type.oid) AND pg_catalog.pg_namespace.nspname != $2::VARCHAR
2026-09-09 07:21:22,758 INFO sqlalchemy.engine.Engine [cached since 0.01785s ago] ('statut_suggestion', 'pg_catalog')
2026-09-09 07:21:22,760 INFO sqlalchemy.engine.Engine SELECT pg_catalog.pg_type.typname 
FROM pg_catalog.pg_type JOIN pg_catalog.pg_namespace ON pg_catalog.pg_namespace.oid = pg_catalog.pg_type.typnamespace 
WHERE pg_catalog.pg_type.typname = $1::VARCHAR AND pg_catalog.pg_type_is_visible(pg_catalog.pg_type.oid) AND pg_catalog.pg_namespace.nspname != $2::VARCHAR
2026-09-09 07:21:22,760 INFO sqlalchemy.engine.Engine [cached since 0.02009s ago] ('type_absence', 'pg_catalog')
2026-09-09 07:21:22,762 INFO sqlalchemy.engine.Engine SELECT pg_catalog.pg_type.typname 
FROM pg_catalog.pg_type JOIN pg_catalog.pg_namespace ON pg_catalog.pg_namespace.oid = pg_catalog.pg_type.typnamespace 
WHERE pg_catalog.pg_type.typname = $1::VARCHAR AND pg_catalog.pg_type_is_visible(pg_catalog.pg_type.oid) AND pg_catalog.pg_namespace.nspname != $2::VARCHAR
2026-09-09 07:21:22,762 INFO sqlalchemy.engine.Engine [cached since 0.02217s ago] ('statut_absence', 'pg_catalog')
2026-09-09 07:21:22,763 INFO sqlalchemy.engine.Engine COMMIT
2026-09-09 07:21:26,017 INFO sqlalchemy.engine.Engine select pg_catalog.version()
2026-09-09 07:21:26,018 INFO sqlalchemy.engine.Engine [raw sql] ()
2026-09-09 07:21:26,020 INFO sqlalchemy.engine.Engine select current_schema()
2026-09-09 07:21:26,021 INFO sqlalchemy.engine.Engine [raw sql] ()
2026-09-09 07:21:26,024 INFO sqlalchemy.engine.Engine show standard_conforming_strings
2026-09-09 07:21:26,024 INFO sqlalchemy.engine.Engine [raw sql] ()
2026-09-09 07:21:26,026 INFO sqlalchemy.engine.Engine BEGIN (implicit)
2026-09-09 07:21:26,035 INFO sqlalchemy.engine.Engine SELECT pg_catalog.pg_class.relname 
FROM pg_catalog.pg_class JOIN pg_catalog.pg_namespace ON pg_catalog.pg_namespace.oid = pg_catalog.pg_class.relnamespace 
WHERE pg_catalog.pg_class.relname = $1::VARCHAR AND pg_catalog.pg_class.relkind = ANY (ARRAY[$2::VARCHAR, $3::VARCHAR, $4::VARCHAR, $5::VARCHAR, $6::VARCHAR]) AND pg_catalog.pg_table_is_visible(pg_catalog.pg_class.oid) AND pg_catalog.pg_namespace.nspname != $7::VARCHAR
2026-09-09 07:21:26,035 INFO sqlalchemy.engine.Engine [generated in 0.00064s] ('utilisateur', 'r', 'p', 'f', 'v', 'm', 'pg_catalog')
2026-09-09 07:21:26,038 INFO sqlalchemy.engine.Engine SELECT pg_catalog.pg_class.relname 
FROM pg_catalog.pg_class JOIN pg_catalog.pg_namespace ON pg_catalog.pg_namespace.oid = pg_catalog.pg_class.relnamespace 
WHERE pg_catalog.pg_class.relname = $1::VARCHAR AND pg_catalog.pg_class.relkind = ANY (ARRAY[$2::VARCHAR, $3::VARCHAR, $4::VARCHAR, $5::VARCHAR, $6::VARCHAR]) AND pg_catalog.pg_table_is_visible(pg_catalog.pg_class.oid) AND pg_catalog.pg_namespace.nspname != $7::VARCHAR
2026-09-09 07:21:26,039 INFO sqlalchemy.engine.Engine [cached since 0.005012s ago] ('client', 'r', 'p', 'f', 'v', 'm', 'pg_catalog')
2026-09-09 07:21:26,040 INFO sqlalchemy.engine.Engine SELECT pg_catalog.pg_class.relname 
FROM pg_catalog.pg_class JOIN pg_catalog.pg_namespace ON pg_catalog.pg_namespace.oid = pg_catalog.pg_class.relnamespace 
WHERE pg_catalog.pg_class.relname = $1::VARCHAR AND pg_catalog.pg_class.relkind = ANY (ARRAY[$2::VARCHAR, $3::VARCHAR, $4::VARCHAR, $5::VARCHAR, $6::VARCHAR]) AND pg_catalog.pg_table_is_visible(pg_catalog.pg_class.oid) AND pg_catalog.pg_namespace.nspname != $7::VARCHAR
2026-09-09 07:21:26,040 INFO sqlalchemy.engine.Engine [cached since 0.006523s ago] ('projet', 'r', 'p', 'f', 'v', 'm', 'pg_catalog')
2026-09-09 07:21:26,041 INFO sqlalchemy.engine.Engine SELECT pg_catalog.pg_class.relname 
FROM pg_catalog.pg_class JOIN pg_catalog.pg_namespace ON pg_catalog.pg_namespace.oid = pg_catalog.pg_class.relnamespace 
WHERE pg_catalog.pg_class.relname = $1::VARCHAR AND pg_catalog.pg_class.relkind = ANY (ARRAY[$2::VARCHAR, $3::VARCHAR, $4::VARCHAR, $5::VARCHAR, $6::VARCHAR]) AND pg_catalog.pg_table_is_visible(pg_catalog.pg_class.oid) AND pg_catalog.pg_namespace.nspname != $7::VARCHAR
2026-09-09 07:21:26,042 INFO sqlalchemy.engine.Engine [cached since 0.007864s ago] ('projet_membre', 'r', 'p', 'f', 'v', 'm', 'pg_catalog')
2026-09-09 07:21:26,042 INFO sqlalchemy.engine.Engine SELECT pg_catalog.pg_class.relname 
FROM pg_catalog.pg_class JOIN pg_catalog.pg_namespace ON pg_catalog.pg_namespace.oid = pg_catalog.pg_class.relnamespace 
WHERE pg_catalog.pg_class.relname = $1::VARCHAR AND pg_catalog.pg_class.relkind = ANY (ARRAY[$2::VARCHAR, $3::VARCHAR, $4::VARCHAR, $5::VARCHAR, $6::VARCHAR]) AND pg_catalog.pg_table_is_visible(pg_catalog.pg_class.oid) AND pg_catalog.pg_namespace.nspname != $7::VARCHAR
2026-09-09 07:21:26,043 INFO sqlalchemy.engine.Engine [cached since 0.009032s ago] ('tache', 'r', 'p', 'f', 'v', 'm', 'pg_catalog')
2026-09-09 07:21:26,043 INFO sqlalchemy.engine.Engine SELECT pg_catalog.pg_class.relname 
FROM pg_catalog.pg_class JOIN pg_catalog.pg_namespace ON pg_catalog.pg_namespace.oid = pg_catalog.pg_class.relnamespace 
WHERE pg_catalog.pg_class.relname = $1::VARCHAR AND pg_catalog.pg_class.relkind = ANY (ARRAY[$2::VARCHAR, $3::VARCHAR, $4::VARCHAR, $5::VARCHAR, $6::VARCHAR]) AND pg_catalog.pg_table_is_visible(pg_catalog.pg_class.oid) AND pg_catalog.pg_namespace.nspname != $7::VARCHAR
2026-09-09 07:21:26,044 INFO sqlalchemy.engine.Engine [cached since 0.01009s ago] ('commentaire_tache', 'r', 'p', 'f', 'v', 'm', 'pg_catalog')
2026-09-09 07:21:26,044 INFO sqlalchemy.engine.Engine SELECT pg_catalog.pg_class.relname 
FROM pg_catalog.pg_class JOIN pg_catalog.pg_namespace ON pg_catalog.pg_namespace.oid = pg_catalog.pg_class.relnamespace 
WHERE pg_catalog.pg_class.relname = $1::VARCHAR AND pg_catalog.pg_class.relkind = ANY (ARRAY[$2::VARCHAR, $3::VARCHAR, $4::VARCHAR, $5::VARCHAR, $6::VARCHAR]) AND pg_catalog.pg_table_is_visible(pg_catalog.pg_class.oid) AND pg_catalog.pg_namespace.nspname != $7::VARCHAR
2026-09-09 07:21:26,044 INFO sqlalchemy.engine.Engine [cached since 0.01124s ago] ('saisie_temps', 'r', 'p', 'f', 'v', 'm', 'pg_catalog')
2026-09-09 07:21:26,044 INFO sqlalchemy.engine.Engine SELECT pg_catalog.pg_class.relname 
FROM pg_catalog.pg_class JOIN pg_catalog.pg_namespace ON pg_catalog.pg_namespace.oid = pg_catalog.pg_class.relnamespace 
WHERE pg_catalog.pg_class.relname = $1::VARCHAR AND pg_catalog.pg_class.relkind = ANY (ARRAY[$2::VARCHAR, $3::VARCHAR, $4::VARCHAR, $5::VARCHAR, $6::VARCHAR]) AND pg_catalog.pg_table_is_visible(pg_catalog.pg_class.oid) AND pg_catalog.pg_namespace.nspname != $7::VARCHAR
2026-09-09 07:21:26,044 INFO sqlalchemy.engine.Engine [cached since 0.01218s ago] ('jalon', 'r', 'p', 'f', 'v', 'm', 'pg_catalog')
2026-09-09 07:21:26,044 INFO sqlalchemy.engine.Engine SELECT pg_catalog.pg_class.relname 
FROM pg_catalog.pg_class JOIN pg_catalog.pg_namespace ON pg_catalog.pg_namespace.oid = pg_catalog.pg_class.relnamespace 
WHERE pg_catalog.pg_class.relname = $1::VARCHAR AND pg_catalog.pg_class.relkind = ANY (ARRAY[$2::VARCHAR, $3::VARCHAR, $4::VARCHAR, $5::VARCHAR, $6::VARCHAR]) AND pg_catalog.pg_table_is_visible(pg_catalog.pg_class.oid) AND pg_catalog.pg_namespace.nspname != $7::VARCHAR
2026-09-09 07:21:26,044 INFO sqlalchemy.engine.Engine [cached since 0.01304s ago] ('fichier', 'r', 'p', 'f', 'v', 'm', 'pg_catalog')
2026-09-09 07:21:26,044 INFO sqlalchemy.engine.Engine SELECT pg_catalog.pg_class.relname 
FROM pg_catalog.pg_class JOIN pg_catalog.pg_namespace ON pg_catalog.pg_namespace.oid = pg_catalog.pg_class.relnamespace 
WHERE pg_catalog.pg_class.relname = $1::VARCHAR AND pg_catalog.pg_class.relkind = ANY (ARRAY[$2::VARCHAR, $3::VARCHAR, $4::VARCHAR, $5::VARCHAR, $6::VARCHAR]) AND pg_catalog.pg_table_is_visible(pg_catalog.pg_class.oid) AND pg_catalog.pg_namespace.nspname != $7::VARCHAR
2026-09-09 07:21:26,044 INFO sqlalchemy.engine.Engine [cached since 0.01391s ago] ('notification', 'r', 'p', 'f', 'v', 'm', 'pg_catalog')
2026-09-09 07:21:26,044 INFO sqlalchemy.engine.Engine SELECT pg_catalog.pg_class.relname 
FROM pg_catalog.pg_class JOIN pg_catalog.pg_namespace ON pg_catalog.pg_namespace.oid = pg_catalog.pg_class.relnamespace 
WHERE pg_catalog.pg_class.relname = $1::VARCHAR AND pg_catalog.pg_class.relkind = ANY (ARRAY[$2::VARCHAR, $3::VARCHAR, $4::VARCHAR, $5::VARCHAR, $6::VARCHAR]) AND pg_catalog.pg_table_is_visible(pg_catalog.pg_class.oid) AND pg_catalog.pg_namespace.nspname != $7::VARCHAR
2026-09-09 07:21:26,044 INFO sqlalchemy.engine.Engine [cached since 0.0148s ago] ('facture', 'r', 'p', 'f', 'v', 'm', 'pg_catalog')
2026-09-09 07:21:26,044 INFO sqlalchemy.engine.Engine SELECT pg_catalog.pg_class.relname 
FROM pg_catalog.pg_class JOIN pg_catalog.pg_namespace ON pg_catalog.pg_namespace.oid = pg_catalog.pg_class.relnamespace 
WHERE pg_catalog.pg_class.relname = $1::VARCHAR AND pg_catalog.pg_class.relkind = ANY (ARRAY[$2::VARCHAR, $3::VARCHAR, $4::VARCHAR, $5::VARCHAR, $6::VARCHAR]) AND pg_catalog.pg_table_is_visible(pg_catalog.pg_class.oid) AND pg_catalog.pg_namespace.nspname != $7::VARCHAR
2026-09-09 07:21:26,044 INFO sqlalchemy.engine.Engine [cached since 0.01568s ago] ('analyse_ia', 'r', 'p', 'f', 'v', 'm', 'pg_catalog')
2026-09-09 07:21:26,051 INFO sqlalchemy.engine.Engine SELECT pg_catalog.pg_class.relname 
FROM pg_catalog.pg_class JOIN pg_catalog.pg_namespace ON pg_catalog.pg_namespace.oid = pg_catalog.pg_class.relnamespace 
WHERE pg_catalog.pg_class.relname = $1::VARCHAR AND pg_catalog.pg_class.relkind = ANY (ARRAY[$2::VARCHAR, $3::VARCHAR, $4::VARCHAR, $5::VARCHAR, $6::VARCHAR]) AND pg_catalog.pg_table_is_visible(pg_catalog.pg_class.oid) AND pg_catalog.pg_namespace.nspname != $7::VARCHAR
2026-09-09 07:21:26,051 INFO sqlalchemy.engine.Engine [cached since 0.01676s ago] ('suggestion_tache', 'r', 'p', 'f', 'v', 'm', 'pg_catalog')
2026-09-09 07:21:26,051 INFO sqlalchemy.engine.Engine SELECT pg_catalog.pg_class.relname 
FROM pg_catalog.pg_class JOIN pg_catalog.pg_namespace ON pg_catalog.pg_namespace.oid = pg_catalog.pg_class.relnamespace 
WHERE pg_catalog.pg_class.relname = $1::VARCHAR AND pg_catalog.pg_class.relkind = ANY (ARRAY[$2::VARCHAR, $3::VARCHAR, $4::VARCHAR, $5::VARCHAR, $6::VARCHAR]) AND pg_catalog.pg_table_is_visible(pg_catalog.pg_class.oid) AND pg_catalog.pg_namespace.nspname != $7::VARCHAR
2026-09-09 07:21:26,051 INFO sqlalchemy.engine.Engine [cached since 0.01772s ago] ('absence', 'r', 'p', 'f', 'v', 'm', 'pg_catalog')
2026-09-09 07:21:26,051 INFO sqlalchemy.engine.Engine SELECT pg_catalog.pg_type.typname 
FROM pg_catalog.pg_type JOIN pg_catalog.pg_namespace ON pg_catalog.pg_namespace.oid = pg_catalog.pg_type.typnamespace 
WHERE pg_catalog.pg_type.typname = $1::VARCHAR AND pg_catalog.pg_type_is_visible(pg_catalog.pg_type.oid) AND pg_catalog.pg_namespace.nspname != $2::VARCHAR
2026-09-09 07:21:26,051 INFO sqlalchemy.engine.Engine [generated in 0.00051s] ('role_utilisateur', 'pg_catalog')
2026-09-09 07:21:26,056 INFO sqlalchemy.engine.Engine SELECT pg_catalog.pg_type.typname 
FROM pg_catalog.pg_type JOIN pg_catalog.pg_namespace ON pg_catalog.pg_namespace.oid = pg_catalog.pg_type.typnamespace 
WHERE pg_catalog.pg_type.typname = $1::VARCHAR AND pg_catalog.pg_type_is_visible(pg_catalog.pg_type.oid) AND pg_catalog.pg_namespace.nspname != $2::VARCHAR
2026-09-09 07:21:26,056 INFO sqlalchemy.engine.Engine [cached since 0.003001s ago] ('statut_sante', 'pg_catalog')
2026-09-09 07:21:26,056 INFO sqlalchemy.engine.Engine SELECT pg_catalog.pg_type.typname 
FROM pg_catalog.pg_type JOIN pg_catalog.pg_namespace ON pg_catalog.pg_namespace.oid = pg_catalog.pg_type.typnamespace 
WHERE pg_catalog.pg_type.typname = $1::VARCHAR AND pg_catalog.pg_type_is_visible(pg_catalog.pg_type.oid) AND pg_catalog.pg_namespace.nspname != $2::VARCHAR
2026-09-09 07:21:26,056 INFO sqlalchemy.engine.Engine [cached since 0.005211s ago] ('statut_tache', 'pg_catalog')
2026-09-09 07:21:26,056 INFO sqlalchemy.engine.Engine SELECT pg_catalog.pg_type.typname 
FROM pg_catalog.pg_type JOIN pg_catalog.pg_namespace ON pg_catalog.pg_namespace.oid = pg_catalog.pg_type.typnamespace 
WHERE pg_catalog.pg_type.typname = $1::VARCHAR AND pg_catalog.pg_type_is_visible(pg_catalog.pg_type.oid) AND pg_catalog.pg_namespace.nspname != $2::VARCHAR
2026-09-09 07:21:26,061 INFO sqlalchemy.engine.Engine [cached since 0.006883s ago] ('priorite_tache', 'pg_catalog')
2026-09-09 07:21:26,061 INFO sqlalchemy.engine.Engine SELECT pg_catalog.pg_type.typname 
FROM pg_catalog.pg_type JOIN pg_catalog.pg_namespace ON pg_catalog.pg_namespace.oid = pg_catalog.pg_type.typnamespace 
WHERE pg_catalog.pg_type.typname = $1::VARCHAR AND pg_catalog.pg_type_is_visible(pg_catalog.pg_type.oid) AND pg_catalog.pg_namespace.nspname != $2::VARCHAR
2026-09-09 07:21:26,061 INFO sqlalchemy.engine.Engine [cached since 0.008362s ago] ('statut_facture', 'pg_catalog')
2026-09-09 07:21:26,061 INFO sqlalchemy.engine.Engine SELECT pg_catalog.pg_type.typname 
FROM pg_catalog.pg_type JOIN pg_catalog.pg_namespace ON pg_catalog.pg_namespace.oid = pg_catalog.pg_type.typnamespace 
WHERE pg_catalog.pg_type.typname = $1::VARCHAR AND pg_catalog.pg_type_is_visible(pg_catalog.pg_type.oid) AND pg_catalog.pg_namespace.nspname != $2::VARCHAR
2026-09-09 07:21:26,061 INFO sqlalchemy.engine.Engine [cached since 0.00975s ago] ('type_analyse_ia', 'pg_catalog')
2026-09-09 07:21:26,061 INFO sqlalchemy.engine.Engine SELECT pg_catalog.pg_type.typname 
FROM pg_catalog.pg_type JOIN pg_catalog.pg_namespace ON pg_catalog.pg_namespace.oid = pg_catalog.pg_type.typnamespace 
WHERE pg_catalog.pg_type.typname = $1::VARCHAR AND pg_catalog.pg_type_is_visible(pg_catalog.pg_type.oid) AND pg_catalog.pg_namespace.nspname != $2::VARCHAR
2026-09-09 07:21:26,061 INFO sqlalchemy.engine.Engine [cached since 0.01117s ago] ('statut_suggestion', 'pg_catalog')
2026-09-09 07:21:26,061 INFO sqlalchemy.engine.Engine SELECT pg_catalog.pg_type.typname 
FROM pg_catalog.pg_type JOIN pg_catalog.pg_namespace ON pg_catalog.pg_namespace.oid = pg_catalog.pg_type.typnamespace 
WHERE pg_catalog.pg_type.typname = $1::VARCHAR AND pg_catalog.pg_type_is_visible(pg_catalog.pg_type.oid) AND pg_catalog.pg_namespace.nspname != $2::VARCHAR
2026-09-09 07:21:26,061 INFO sqlalchemy.engine.Engine [cached since 0.01246s ago] ('type_absence', 'pg_catalog')
2026-09-09 07:21:26,061 INFO sqlalchemy.engine.Engine SELECT pg_catalog.pg_type.typname 
FROM pg_catalog.pg_type JOIN pg_catalog.pg_namespace ON pg_catalog.pg_namespace.oid = pg_catalog.pg_type.typnamespace 
WHERE pg_catalog.pg_type.typname = $1::VARCHAR AND pg_catalog.pg_type_is_visible(pg_catalog.pg_type.oid) AND pg_catalog.pg_namespace.nspname != $2::VARCHAR
2026-09-09 07:21:26,061 INFO sqlalchemy.engine.Engine [cached since 0.01374s ago] ('statut_absence', 'pg_catalog')
2026-09-09 07:21:26,061 INFO sqlalchemy.engine.Engine COMMIT
INFO:     127.0.0.1:5476 - "GET /openapi.json HTTP/1.1" 200 OK
2026-09-09 07:21:49,530 INFO sqlalchemy.engine.Engine BEGIN (implicit)
2026-09-09 07:21:49,572 INFO sqlalchemy.engine.Engine SELECT count(notification.id) AS count_1 
FROM notification 
WHERE notification.destinataire_id = $1::INTEGER AND notification.lu = false
2026-09-09 07:21:49,573 INFO sqlalchemy.engine.Engine [generated in 0.00094s] (66,)
2026-09-09 07:21:49,576 INFO sqlalchemy.engine.Engine ROLLBACK
INFO:     127.0.0.1:1322 - "GET /notifications/count HTTP/1.1" 200 OK
INFO:     127.0.0.1:4856 - "OPTIONS /auth/me HTTP/1.1" 200 OK
INFO:     127.0.0.1:4856 - "OPTIONS /auth/me HTTP/1.1" 200 OK
2026-09-09 07:22:52,255 INFO sqlalchemy.engine.Engine BEGIN (implicit)
2026-09-09 07:22:52,257 INFO sqlalchemy.engine.Engine SELECT utilisateur.id, utilisateur.nom, utilisateur.prenom, utilisateur.email, utilisateur.mot_de_passe_hash, utilisateur.role, utilisateur.client_id, utilisateur.metier, utilisateur.actif, utilisateur.cree_le 
FROM utilisateur 
WHERE utilisateur.id = $1::INTEGER
2026-09-09 07:22:52,259 INFO sqlalchemy.engine.Engine [generated in 0.00069s] (66,)
2026-09-09 07:22:52,271 INFO sqlalchemy.engine.Engine ROLLBACK
INFO:     127.0.0.1:4856 - "GET /auth/me HTTP/1.1" 200 OK
2026-09-09 07:22:52,278 INFO sqlalchemy.engine.Engine BEGIN (implicit)
2026-09-09 07:22:52,278 INFO sqlalchemy.engine.Engine SELECT utilisateur.id, utilisateur.nom, utilisateur.prenom, utilisateur.email, utilisateur.mot_de_passe_hash, utilisateur.role, utilisateur.client_id, utilisateur.metier, utilisateur.actif, utilisateur.cree_le 
FROM utilisateur 
WHERE utilisateur.id = $1::INTEGER
2026-09-09 07:22:52,278 INFO sqlalchemy.engine.Engine [cached since 0.02201s ago] (66,)
2026-09-09 07:22:52,282 INFO sqlalchemy.engine.Engine ROLLBACK
INFO:     127.0.0.1:4856 - "GET /auth/me HTTP/1.1" 200 OK
INFO:     127.0.0.1:4856 - "OPTIONS /clients/ HTTP/1.1" 200 OK
INFO:     127.0.0.1:4856 - "OPTIONS /projets/ HTTP/1.1" 200 OK
INFO:     127.0.0.1:4856 - "OPTIONS /factures/ HTTP/1.1" 200 OK
2026-09-09 07:22:52,406 INFO sqlalchemy.engine.Engine BEGIN (implicit)
2026-09-09 07:22:52,407 INFO sqlalchemy.engine.Engine SELECT count(notification.id) AS count_1 
FROM notification 
WHERE notification.destinataire_id = $1::INTEGER AND notification.lu = false
2026-09-09 07:22:52,407 INFO sqlalchemy.engine.Engine [cached since 62.84s ago] (66,)
2026-09-09 07:22:52,409 INFO sqlalchemy.engine.Engine ROLLBACK
INFO:     127.0.0.1:4856 - "GET /notifications/count HTTP/1.1" 200 OK
INFO:     127.0.0.1:4856 - "OPTIONS /factures/statistiques HTTP/1.1" 200 OK
INFO:     127.0.0.1:4856 - "OPTIONS /clients/ HTTP/1.1" 200 OK
INFO:     127.0.0.1:4856 - "OPTIONS /projets/ HTTP/1.1" 200 OK
INFO:     127.0.0.1:4856 - "OPTIONS /factures/ HTTP/1.1" 200 OK
INFO:     127.0.0.1:4856 - "OPTIONS /factures/statistiques HTTP/1.1" 200 OK
2026-09-09 07:22:52,424 INFO sqlalchemy.engine.Engine BEGIN (implicit)
2026-09-09 07:22:52,426 INFO sqlalchemy.engine.Engine SELECT client.id, client.nom, client.contact, client.email, client.telephone, client.cree_le 
FROM client ORDER BY client.nom
2026-09-09 07:22:52,426 INFO sqlalchemy.engine.Engine [generated in 0.00052s] ()
2026-09-09 07:22:52,430 INFO sqlalchemy.engine.Engine ROLLBACK
INFO:     127.0.0.1:4856 - "GET /clients/ HTTP/1.1" 200 OK
2026-09-09 07:22:52,438 INFO sqlalchemy.engine.Engine BEGIN (implicit)
2026-09-09 07:22:52,440 INFO sqlalchemy.engine.Engine SELECT projet.id, projet.nom, projet.description, projet.client_id, projet.responsable_id, projet.date_debut, projet.date_fin_prevue, projet.statut_sante, projet.avancement_pct, projet.archive, projet.cree_le, projet.modifie_le 
FROM projet
2026-09-09 07:22:52,441 INFO sqlalchemy.engine.Engine [generated in 0.00058s] ()
2026-09-09 07:22:52,452 INFO sqlalchemy.engine.Engine ROLLBACK
INFO:     127.0.0.1:4856 - "GET /projets/ HTTP/1.1" 200 OK
2026-09-09 07:22:52,458 INFO sqlalchemy.engine.Engine BEGIN (implicit)
2026-09-09 07:22:52,462 INFO sqlalchemy.engine.Engine SELECT facture.id, facture.numero, facture.client_id, facture.projet_id, facture.statut, facture.date_emission, facture.date_echeance, facture.montant_ht, facture.taux_tva, facture.montant_tva, facture.montant_ttc, facture.notes, facture.cree_par, facture.cree_le, facture.modifie_le, client.nom, projet.nom AS nom_1 
FROM facture JOIN client ON facture.client_id = client.id LEFT OUTER JOIN projet ON facture.projet_id = projet.id ORDER BY facture.date_emission DESC, facture.id DESC
2026-09-09 07:22:52,463 INFO sqlalchemy.engine.Engine [generated in 0.00054s] ()
2026-09-09 07:22:52,473 INFO sqlalchemy.engine.Engine ROLLBACK
INFO:     127.0.0.1:4856 - "GET /factures/ HTTP/1.1" 200 OK
2026-09-09 07:22:52,479 INFO sqlalchemy.engine.Engine BEGIN (implicit)
2026-09-09 07:22:52,479 INFO sqlalchemy.engine.Engine SELECT count(notification.id) AS count_1 
FROM notification 
WHERE notification.destinataire_id = $1::INTEGER AND notification.lu = false
2026-09-09 07:22:52,480 INFO sqlalchemy.engine.Engine [cached since 62.91s ago] (66,)
2026-09-09 07:22:52,481 INFO sqlalchemy.engine.Engine ROLLBACK
INFO:     127.0.0.1:4856 - "GET /notifications/count HTTP/1.1" 200 OK
2026-09-09 07:22:52,485 INFO sqlalchemy.engine.Engine BEGIN (implicit)
2026-09-09 07:22:52,486 INFO sqlalchemy.engine.Engine SELECT count(facture.id) AS count_1 
FROM facture
2026-09-09 07:22:52,486 INFO sqlalchemy.engine.Engine [generated in 0.00055s] ()
2026-09-09 07:22:52,488 INFO sqlalchemy.engine.Engine SELECT coalesce(sum(facture.montant_ttc), $1::INTEGER) AS coalesce_1 
FROM facture 
WHERE facture.statut = $2::statut_facture
2026-09-09 07:22:52,488 INFO sqlalchemy.engine.Engine [generated in 0.00063s] (0, 'payee')
2026-09-09 07:22:52,497 INFO sqlalchemy.engine.Engine SELECT coalesce(sum(facture.montant_ttc), $1::INTEGER) AS coalesce_1 
FROM facture 
WHERE facture.statut IN ($2::statut_facture, $3::statut_facture)
2026-09-09 07:22:52,497 INFO sqlalchemy.engine.Engine [generated in 0.00074s] (0, 'envoyee', 'en_retard')
2026-09-09 07:22:52,499 INFO sqlalchemy.engine.Engine SELECT count(facture.id) AS count_1 
FROM facture 
WHERE facture.statut = $1::statut_facture
2026-09-09 07:22:52,499 INFO sqlalchemy.engine.Engine [generated in 0.00046s] ('brouillon',)
2026-09-09 07:22:52,503 INFO sqlalchemy.engine.Engine SELECT count(facture.id) AS count_1 
FROM facture 
WHERE facture.statut IN ($1::statut_facture, $2::statut_facture)
2026-09-09 07:22:52,503 INFO sqlalchemy.engine.Engine [generated in 0.00065s] ('envoyee', 'en_retard')
2026-09-09 07:22:52,505 INFO sqlalchemy.engine.Engine ROLLBACK
INFO:     127.0.0.1:4856 - "GET /factures/statistiques HTTP/1.1" 200 OK
2026-09-09 07:22:52,510 INFO sqlalchemy.engine.Engine BEGIN (implicit)
2026-09-09 07:22:52,510 INFO sqlalchemy.engine.Engine SELECT client.id, client.nom, client.contact, client.email, client.telephone, client.cree_le 
FROM client ORDER BY client.nom
2026-09-09 07:22:52,511 INFO sqlalchemy.engine.Engine [cached since 0.08452s ago] ()
2026-09-09 07:22:52,513 INFO sqlalchemy.engine.Engine ROLLBACK
INFO:     127.0.0.1:4856 - "GET /clients/ HTTP/1.1" 200 OK
2026-09-09 07:22:52,517 INFO sqlalchemy.engine.Engine BEGIN (implicit)
2026-09-09 07:22:52,519 INFO sqlalchemy.engine.Engine SELECT projet.id, projet.nom, projet.description, projet.client_id, projet.responsable_id, projet.date_debut, projet.date_fin_prevue, projet.statut_sante, projet.avancement_pct, projet.archive, projet.cree_le, projet.modifie_le 
FROM projet
2026-09-09 07:22:52,519 INFO sqlalchemy.engine.Engine [cached since 0.07887s ago] ()
2026-09-09 07:22:52,521 INFO sqlalchemy.engine.Engine ROLLBACK
INFO:     127.0.0.1:4856 - "GET /projets/ HTTP/1.1" 200 OK
2026-09-09 07:22:52,526 INFO sqlalchemy.engine.Engine BEGIN (implicit)
2026-09-09 07:22:52,526 INFO sqlalchemy.engine.Engine SELECT facture.id, facture.numero, facture.client_id, facture.projet_id, facture.statut, facture.date_emission, facture.date_echeance, facture.montant_ht, facture.taux_tva, facture.montant_tva, facture.montant_ttc, facture.notes, facture.cree_par, facture.cree_le, facture.modifie_le, client.nom, projet.nom AS nom_1 
FROM facture JOIN client ON facture.client_id = client.id LEFT OUTER JOIN projet ON facture.projet_id = projet.id ORDER BY facture.date_emission DESC, facture.id DESC
2026-09-09 07:22:52,526 INFO sqlalchemy.engine.Engine [cached since 0.06587s ago] ()
2026-09-09 07:22:52,526 INFO sqlalchemy.engine.Engine ROLLBACK
INFO:     127.0.0.1:4856 - "GET /factures/ HTTP/1.1" 200 OK
2026-09-09 07:22:52,533 INFO sqlalchemy.engine.Engine BEGIN (implicit)
2026-09-09 07:22:52,535 INFO sqlalchemy.engine.Engine SELECT count(facture.id) AS count_1 
FROM facture
2026-09-09 07:22:52,535 INFO sqlalchemy.engine.Engine [cached since 0.04913s ago] ()
2026-09-09 07:22:52,537 INFO sqlalchemy.engine.Engine SELECT coalesce(sum(facture.montant_ttc), $1::INTEGER) AS coalesce_1 
FROM facture 
WHERE facture.statut = $2::statut_facture
2026-09-09 07:22:52,538 INFO sqlalchemy.engine.Engine [cached since 0.04491s ago] (0, 'payee')
2026-09-09 07:22:52,540 INFO sqlalchemy.engine.Engine SELECT coalesce(sum(facture.montant_ttc), $1::INTEGER) AS coalesce_1 
FROM facture 
WHERE facture.statut IN ($2::statut_facture, $3::statut_facture)
2026-09-09 07:22:52,540 INFO sqlalchemy.engine.Engine [cached since 0.04295s ago] (0, 'envoyee', 'en_retard')
2026-09-09 07:22:52,542 INFO sqlalchemy.engine.Engine SELECT count(facture.id) AS count_1 
FROM facture 
WHERE facture.statut = $1::statut_facture
2026-09-09 07:22:52,542 INFO sqlalchemy.engine.Engine [cached since 0.0417s ago] ('brouillon',)
2026-09-09 07:22:52,543 INFO sqlalchemy.engine.Engine SELECT count(facture.id) AS count_1 
FROM facture 
WHERE facture.statut IN ($1::statut_facture, $2::statut_facture)
2026-09-09 07:22:52,544 INFO sqlalchemy.engine.Engine [cached since 0.04036s ago] ('envoyee', 'en_retard')
2026-09-09 07:22:52,546 INFO sqlalchemy.engine.Engine ROLLBACK
INFO:     127.0.0.1:4856 - "GET /factures/statistiques HTTP/1.1" 200 OK
2026-09-09 07:23:23,284 INFO sqlalchemy.engine.Engine BEGIN (implicit)
2026-09-09 07:23:23,286 INFO sqlalchemy.engine.Engine SELECT count(notification.id) AS count_1 
FROM notification 
WHERE notification.destinataire_id = $1::INTEGER AND notification.lu = false
2026-09-09 07:23:23,286 INFO sqlalchemy.engine.Engine [cached since 93.71s ago] (66,)
2026-09-09 07:23:23,289 INFO sqlalchemy.engine.Engine ROLLBACK
INFO:     127.0.0.1:3133 - "GET /notifications/count HTTP/1.1" 200 OK
2026-09-09 07:23:53,532 INFO sqlalchemy.engine.Engine BEGIN (implicit)
2026-09-09 07:23:53,532 INFO sqlalchemy.engine.Engine SELECT count(notification.id) AS count_1 
FROM notification 
WHERE notification.destinataire_id = $1::INTEGER AND notification.lu = false
2026-09-09 07:23:53,537 INFO sqlalchemy.engine.Engine [cached since 124s ago] (66,)
2026-09-09 07:23:53,537 INFO sqlalchemy.engine.Engine ROLLBACK
INFO:     127.0.0.1:6088 - "GET /notifications/count HTTP/1.1" 200 OK
INFO:     127.0.0.1:2195 - "OPTIONS /factures/5/statut HTTP/1.1" 200 OK
2026-09-09 07:24:21,136 INFO sqlalchemy.engine.Engine BEGIN (implicit)
2026-09-09 07:24:21,139 INFO sqlalchemy.engine.Engine SELECT facture.id, facture.numero, facture.client_id, facture.projet_id, facture.statut, facture.date_emission, facture.date_echeance, facture.montant_ht, facture.taux_tva, facture.montant_tva, facture.montant_ttc, facture.notes, facture.cree_par, facture.cree_le, facture.modifie_le 
FROM facture 
WHERE facture.id = $1::INTEGER
2026-09-09 07:24:21,139 INFO sqlalchemy.engine.Engine [generated in 0.00072s] (5,)
2026-09-09 07:24:21,147 INFO sqlalchemy.engine.Engine UPDATE facture SET statut=$1::statut_facture, modifie_le=now() WHERE facture.id = $2::INTEGER
2026-09-09 07:24:21,147 INFO sqlalchemy.engine.Engine [generated in 0.00057s] ('payee', 5)
2026-09-09 07:24:21,150 INFO sqlalchemy.engine.Engine SELECT utilisateur.id 
FROM utilisateur 
WHERE utilisateur.role = $1::role_utilisateur AND utilisateur.client_id = $2::INTEGER
2026-09-09 07:24:21,151 INFO sqlalchemy.engine.Engine [generated in 0.00058s] ('client', 1)
2026-09-09 07:24:21,157 INFO sqlalchemy.engine.Engine INSERT INTO notification (destinataire_id, type, message, lien, lu) VALUES ($1::INTEGER, $2::VARCHAR, $3::VARCHAR, $4::VARCHAR, $5::BOOLEAN) RETURNING notification.id, notification.cree_le
2026-09-09 07:24:21,157 INFO sqlalchemy.engine.Engine [generated in 0.00102s] (14, 'facture_payee', 'Votre facture FAC-2026-0003 de 720000.00 EUR a été payée. Téléchargez la facture en PDF.', '/factures/5/pdf', False)
2026-09-09 07:24:21,160 INFO sqlalchemy.engine.Engine COMMIT
2026-09-09 07:24:21,165 INFO sqlalchemy.engine.Engine BEGIN (implicit)
2026-09-09 07:24:21,172 INFO sqlalchemy.engine.Engine SELECT facture.id, facture.numero, facture.client_id, facture.projet_id, facture.statut, facture.date_emission, facture.date_echeance, facture.montant_ht, facture.taux_tva, facture.montant_tva, facture.montant_ttc, facture.notes, facture.cree_par, facture.cree_le, facture.modifie_le 
FROM facture 
WHERE facture.id = $1::INTEGER
2026-09-09 07:24:21,174 INFO sqlalchemy.engine.Engine [generated in 0.00100s] (5,)
2026-09-09 07:24:21,178 INFO sqlalchemy.engine.Engine SELECT client.nom 
FROM client 
WHERE client.id = $1::INTEGER
2026-09-09 07:24:21,179 INFO sqlalchemy.engine.Engine [generated in 0.00095s] (1,)
2026-09-09 07:24:21,182 INFO sqlalchemy.engine.Engine SELECT projet.nom 
FROM projet 
WHERE projet.id = $1::INTEGER
2026-09-09 07:24:21,183 INFO sqlalchemy.engine.Engine [generated in 0.00109s] (24,)
2026-09-09 07:24:21,186 INFO sqlalchemy.engine.Engine ROLLBACK
INFO:     127.0.0.1:2195 - "PATCH /factures/5/statut HTTP/1.1" 200 OK
2026-09-09 07:24:21,194 INFO sqlalchemy.engine.Engine BEGIN (implicit)
2026-09-09 07:24:21,195 INFO sqlalchemy.engine.Engine SELECT facture.id, facture.numero, facture.client_id, facture.projet_id, facture.statut, facture.date_emission, facture.date_echeance, facture.montant_ht, facture.taux_tva, facture.montant_tva, facture.montant_ttc, facture.notes, facture.cree_par, facture.cree_le, facture.modifie_le, client.nom, projet.nom AS nom_1 
FROM facture JOIN client ON facture.client_id = client.id LEFT OUTER JOIN projet ON facture.projet_id = projet.id ORDER BY facture.date_emission DESC, facture.id DESC
2026-09-09 07:24:21,196 INFO sqlalchemy.engine.Engine [cached since 88.73s ago] ()
2026-09-09 07:24:21,197 INFO sqlalchemy.engine.Engine ROLLBACK
INFO:     127.0.0.1:2195 - "GET /factures/ HTTP/1.1" 200 OK
2026-09-09 07:24:21,201 INFO sqlalchemy.engine.Engine BEGIN (implicit)
2026-09-09 07:24:21,201 INFO sqlalchemy.engine.Engine SELECT count(facture.id) AS count_1 
FROM facture
2026-09-09 07:24:21,201 INFO sqlalchemy.engine.Engine [cached since 88.72s ago] ()
2026-09-09 07:24:21,201 INFO sqlalchemy.engine.Engine SELECT coalesce(sum(facture.montant_ttc), $1::INTEGER) AS coalesce_1 
FROM facture 
WHERE facture.statut = $2::statut_facture
2026-09-09 07:24:21,201 INFO sqlalchemy.engine.Engine [cached since 88.71s ago] (0, 'payee')
2026-09-09 07:24:21,201 INFO sqlalchemy.engine.Engine SELECT coalesce(sum(facture.montant_ttc), $1::INTEGER) AS coalesce_1 
FROM facture 
WHERE facture.statut IN ($2::statut_facture, $3::statut_facture)
2026-09-09 07:24:21,201 INFO sqlalchemy.engine.Engine [cached since 88.71s ago] (0, 'envoyee', 'en_retard')
2026-09-09 07:24:21,201 INFO sqlalchemy.engine.Engine SELECT count(facture.id) AS count_1 
FROM facture 
WHERE facture.statut = $1::statut_facture
2026-09-09 07:24:21,201 INFO sqlalchemy.engine.Engine [cached since 88.71s ago] ('brouillon',)
2026-09-09 07:24:21,212 INFO sqlalchemy.engine.Engine SELECT count(facture.id) AS count_1 
FROM facture 
WHERE facture.statut IN ($1::statut_facture, $2::statut_facture)
2026-09-09 07:24:21,212 INFO sqlalchemy.engine.Engine [cached since 88.71s ago] ('envoyee', 'en_retard')
2026-09-09 07:24:21,213 INFO sqlalchemy.engine.Engine ROLLBACK
INFO:     127.0.0.1:2195 - "GET /factures/statistiques HTTP/1.1" 200 OK
INFO:     127.0.0.1:2195 - "OPTIONS /notifications/count HTTP/1.1" 200 OK
2026-09-09 07:24:22,368 INFO sqlalchemy.engine.Engine BEGIN (implicit)
2026-09-09 07:24:22,368 INFO sqlalchemy.engine.Engine SELECT count(notification.id) AS count_1 
FROM notification 
WHERE notification.destinataire_id = $1::INTEGER AND notification.lu = false
2026-09-09 07:24:22,369 INFO sqlalchemy.engine.Engine [cached since 152.8s ago] (66,)
2026-09-09 07:24:22,370 INFO sqlalchemy.engine.Engine ROLLBACK
INFO:     127.0.0.1:2195 - "GET /notifications/count HTTP/1.1" 200 OK
INFO:     127.0.0.1:6947 - "OPTIONS /projets/?archive=false HTTP/1.1" 200 OK
INFO:     127.0.0.1:6947 - "OPTIONS /utilisateurs HTTP/1.1" 200 OK
INFO:     127.0.0.1:6947 - "OPTIONS /projets/?archive=false HTTP/1.1" 200 OK
INFO:     127.0.0.1:6947 - "OPTIONS /utilisateurs HTTP/1.1" 200 OK
2026-09-09 07:24:28,693 INFO sqlalchemy.engine.Engine BEGIN (implicit)
2026-09-09 07:24:28,694 INFO sqlalchemy.engine.Engine SELECT client.id, client.nom, client.contact, client.email, client.telephone, client.cree_le 
FROM client ORDER BY client.nom
2026-09-09 07:24:28,695 INFO sqlalchemy.engine.Engine [cached since 96.27s ago] ()
2026-09-09 07:24:28,697 INFO sqlalchemy.engine.Engine ROLLBACK
INFO:     127.0.0.1:6947 - "GET /clients/ HTTP/1.1" 200 OK
2026-09-09 07:24:28,700 INFO sqlalchemy.engine.Engine BEGIN (implicit)
2026-09-09 07:24:28,701 INFO sqlalchemy.engine.Engine SELECT projet.id, projet.nom, projet.description, projet.client_id, projet.responsable_id, projet.date_debut, projet.date_fin_prevue, projet.statut_sante, projet.avancement_pct, projet.archive, projet.cree_le, projet.modifie_le 
FROM projet 
WHERE projet.archive = false
2026-09-09 07:24:28,702 INFO sqlalchemy.engine.Engine [generated in 0.00050s] ()
2026-09-09 07:24:28,704 INFO sqlalchemy.engine.Engine ROLLBACK
INFO:     127.0.0.1:6947 - "GET /projets/?archive=false HTTP/1.1" 200 OK
INFO:     127.0.0.1:6947 - "GET /utilisateurs HTTP/1.1" 307 Temporary Redirect
2026-09-09 07:24:28,707 INFO sqlalchemy.engine.Engine BEGIN (implicit)
2026-09-09 07:24:28,707 INFO sqlalchemy.engine.Engine SELECT client.id, client.nom, client.contact, client.email, client.telephone, client.cree_le 
FROM client ORDER BY client.nom
2026-09-09 07:24:28,707 INFO sqlalchemy.engine.Engine [cached since 96.29s ago] ()
2026-09-09 07:24:28,707 INFO sqlalchemy.engine.Engine ROLLBACK
INFO:     127.0.0.1:6947 - "GET /clients/ HTTP/1.1" 200 OK
2026-09-09 07:24:28,707 INFO sqlalchemy.engine.Engine BEGIN (implicit)
2026-09-09 07:24:28,707 INFO sqlalchemy.engine.Engine SELECT projet.id, projet.nom, projet.description, projet.client_id, projet.responsable_id, projet.date_debut, projet.date_fin_prevue, projet.statut_sante, projet.avancement_pct, projet.archive, projet.cree_le, projet.modifie_le 
FROM projet 
WHERE projet.archive = false
2026-09-09 07:24:28,707 INFO sqlalchemy.engine.Engine [cached since 0.01556s ago] ()
2026-09-09 07:24:28,718 INFO sqlalchemy.engine.Engine ROLLBACK
INFO:     127.0.0.1:6947 - "GET /projets/?archive=false HTTP/1.1" 200 OK
INFO:     127.0.0.1:6947 - "GET /utilisateurs HTTP/1.1" 307 Temporary Redirect
INFO:     127.0.0.1:6947 - "OPTIONS /utilisateurs/ HTTP/1.1" 200 OK
INFO:     127.0.0.1:6947 - "OPTIONS /utilisateurs/ HTTP/1.1" 200 OK
2026-09-09 07:24:28,722 INFO sqlalchemy.engine.Engine BEGIN (implicit)
2026-09-09 07:24:28,728 INFO sqlalchemy.engine.Engine SELECT utilisateur.id, utilisateur.nom, utilisateur.prenom, utilisateur.email, utilisateur.mot_de_passe_hash, utilisateur.role, utilisateur.client_id, utilisateur.metier, utilisateur.actif, utilisateur.cree_le 
FROM utilisateur
2026-09-09 07:24:28,728 INFO sqlalchemy.engine.Engine [generated in 0.00042s] ()
2026-09-09 07:24:28,728 INFO sqlalchemy.engine.Engine ROLLBACK
INFO:     127.0.0.1:6947 - "GET /utilisateurs/ HTTP/1.1" 200 OK
2026-09-09 07:24:28,728 INFO sqlalchemy.engine.Engine BEGIN (implicit)
2026-09-09 07:24:28,728 INFO sqlalchemy.engine.Engine SELECT utilisateur.id, utilisateur.nom, utilisateur.prenom, utilisateur.email, utilisateur.mot_de_passe_hash, utilisateur.role, utilisateur.client_id, utilisateur.metier, utilisateur.actif, utilisateur.cree_le 
FROM utilisateur
2026-09-09 07:24:28,736 INFO sqlalchemy.engine.Engine [cached since 0.007816s ago] ()
2026-09-09 07:24:28,736 INFO sqlalchemy.engine.Engine ROLLBACK
INFO:     127.0.0.1:6947 - "GET /utilisateurs/ HTTP/1.1" 200 OK
INFO:     127.0.0.1:6853 - "OPTIONS /projets/?archive=true HTTP/1.1" 200 OK
2026-09-09 07:24:36,428 INFO sqlalchemy.engine.Engine BEGIN (implicit)
2026-09-09 07:24:36,428 INFO sqlalchemy.engine.Engine SELECT client.id, client.nom, client.contact, client.email, client.telephone, client.cree_le 
FROM client ORDER BY client.nom
2026-09-09 07:24:36,428 INFO sqlalchemy.engine.Engine [cached since 104s ago] ()
INFO:     127.0.0.1:9219 - "GET /utilisateurs HTTP/1.1" 307 Temporary Redirect
2026-09-09 07:24:36,443 INFO sqlalchemy.engine.Engine ROLLBACK
INFO:     127.0.0.1:7673 - "GET /clients/ HTTP/1.1" 200 OK
2026-09-09 07:24:36,531 INFO sqlalchemy.engine.Engine BEGIN (implicit)
2026-09-09 07:24:36,531 INFO sqlalchemy.engine.Engine SELECT projet.id, projet.nom, projet.description, projet.client_id, projet.responsable_id, projet.date_debut, projet.date_fin_prevue, projet.statut_sante, projet.avancement_pct, projet.archive, projet.cree_le, projet.modifie_le 
FROM projet 
WHERE projet.archive = true
2026-09-09 07:24:36,531 INFO sqlalchemy.engine.Engine [generated in 0.00064s] ()
2026-09-09 07:24:36,531 INFO sqlalchemy.engine.Engine BEGIN (implicit)
2026-09-09 07:24:36,531 INFO sqlalchemy.engine.Engine SELECT utilisateur.id, utilisateur.nom, utilisateur.prenom, utilisateur.email, utilisateur.mot_de_passe_hash, utilisateur.role, utilisateur.client_id, utilisateur.metier, utilisateur.actif, utilisateur.cree_le 
FROM utilisateur
2026-09-09 07:24:36,531 INFO sqlalchemy.engine.Engine [cached since 7.813s ago] ()
2026-09-09 07:24:36,543 INFO sqlalchemy.engine.Engine ROLLBACK
2026-09-09 07:24:36,552 INFO sqlalchemy.engine.Engine ROLLBACK
INFO:     127.0.0.1:6853 - "GET /projets/?archive=true HTTP/1.1" 200 OK
INFO:     127.0.0.1:9219 - "GET /utilisateurs/ HTTP/1.1" 200 OK
INFO:     127.0.0.1:9219 - "OPTIONS /projets/24/desarchiver HTTP/1.1" 200 OK
2026-09-09 07:24:40,098 INFO sqlalchemy.engine.Engine BEGIN (implicit)
2026-09-09 07:24:40,098 INFO sqlalchemy.engine.Engine SELECT projet.id, projet.nom, projet.description, projet.client_id, projet.responsable_id, projet.date_debut, projet.date_fin_prevue, projet.statut_sante, projet.avancement_pct, projet.archive, projet.cree_le, projet.modifie_le 
FROM projet 
WHERE projet.id = $1::INTEGER
2026-09-09 07:24:40,101 INFO sqlalchemy.engine.Engine [generated in 0.00072s] (24,)
2026-09-09 07:24:40,101 INFO sqlalchemy.engine.Engine UPDATE projet SET archive=$1::BOOLEAN, modifie_le=now() WHERE projet.id = $2::INTEGER
2026-09-09 07:24:40,101 INFO sqlalchemy.engine.Engine [generated in 0.00112s] (False, 24)
2026-09-09 07:24:40,111 INFO sqlalchemy.engine.Engine COMMIT
2026-09-09 07:24:40,114 INFO sqlalchemy.engine.Engine BEGIN (implicit)
2026-09-09 07:24:40,116 INFO sqlalchemy.engine.Engine SELECT projet.id, projet.nom, projet.description, projet.client_id, projet.responsable_id, projet.date_debut, projet.date_fin_prevue, projet.statut_sante, projet.avancement_pct, projet.archive, projet.cree_le, projet.modifie_le 
FROM projet 
WHERE projet.id = $1::INTEGER
2026-09-09 07:24:40,117 INFO sqlalchemy.engine.Engine [generated in 0.00094s] (24,)
2026-09-09 07:24:40,121 INFO sqlalchemy.engine.Engine ROLLBACK
INFO:     127.0.0.1:6853 - "POST /projets/24/desarchiver HTTP/1.1" 200 OK
2026-09-09 07:24:40,129 INFO sqlalchemy.engine.Engine BEGIN (implicit)
2026-09-09 07:24:40,129 INFO sqlalchemy.engine.Engine SELECT projet.id, projet.nom, projet.description, projet.client_id, projet.responsable_id, projet.date_debut, projet.date_fin_prevue, projet.statut_sante, projet.avancement_pct, projet.archive, projet.cree_le, projet.modifie_le 
FROM projet 
WHERE projet.archive = true
2026-09-09 07:24:40,129 INFO sqlalchemy.engine.Engine [cached since 3.594s ago] ()
2026-09-09 07:24:40,132 INFO sqlalchemy.engine.Engine BEGIN (implicit)
2026-09-09 07:24:40,132 INFO sqlalchemy.engine.Engine SELECT client.id, client.nom, client.contact, client.email, client.telephone, client.cree_le 
FROM client ORDER BY client.nom
2026-09-09 07:24:40,132 INFO sqlalchemy.engine.Engine [cached since 107.7s ago] ()
INFO:     127.0.0.1:7673 - "GET /utilisateurs HTTP/1.1" 307 Temporary Redirect
2026-09-09 07:24:40,132 INFO sqlalchemy.engine.Engine ROLLBACK
2026-09-09 07:24:40,143 INFO sqlalchemy.engine.Engine BEGIN (implicit)
2026-09-09 07:24:40,143 INFO sqlalchemy.engine.Engine SELECT utilisateur.id, utilisateur.nom, utilisateur.prenom, utilisateur.email, utilisateur.mot_de_passe_hash, utilisateur.role, utilisateur.client_id, utilisateur.metier, utilisateur.actif, utilisateur.cree_le 
FROM utilisateur
2026-09-09 07:24:40,145 INFO sqlalchemy.engine.Engine [cached since 11.42s ago] ()
INFO:     127.0.0.1:9219 - "GET /clients/ HTTP/1.1" 200 OK
2026-09-09 07:24:40,150 INFO sqlalchemy.engine.Engine ROLLBACK
INFO:     127.0.0.1:6853 - "GET /projets/?archive=true HTTP/1.1" 200 OK
2026-09-09 07:24:40,153 INFO sqlalchemy.engine.Engine ROLLBACK
INFO:     127.0.0.1:7673 - "GET /utilisateurs/ HTTP/1.1" 200 OK
2026-09-09 07:24:43,056 INFO sqlalchemy.engine.Engine BEGIN (implicit)
2026-09-09 07:24:43,057 INFO sqlalchemy.engine.Engine SELECT projet.id, projet.nom, projet.description, projet.client_id, projet.responsable_id, projet.date_debut, projet.date_fin_prevue, projet.statut_sante, projet.avancement_pct, projet.archive, projet.cree_le, projet.modifie_le 
FROM projet 
WHERE projet.archive = false
2026-09-09 07:24:43,057 INFO sqlalchemy.engine.Engine [cached since 14.36s ago] ()
2026-09-09 07:24:43,059 INFO sqlalchemy.engine.Engine BEGIN (implicit)
2026-09-09 07:24:43,059 INFO sqlalchemy.engine.Engine SELECT client.id, client.nom, client.contact, client.email, client.telephone, client.cree_le 
FROM client ORDER BY client.nom
2026-09-09 07:24:43,059 INFO sqlalchemy.engine.Engine [cached since 110.6s ago] ()
INFO:     127.0.0.1:9219 - "GET /utilisateurs HTTP/1.1" 307 Temporary Redirect
2026-09-09 07:24:43,059 INFO sqlalchemy.engine.Engine ROLLBACK
2026-09-09 07:24:43,068 INFO sqlalchemy.engine.Engine BEGIN (implicit)
2026-09-09 07:24:43,068 INFO sqlalchemy.engine.Engine SELECT utilisateur.id, utilisateur.nom, utilisateur.prenom, utilisateur.email, utilisateur.mot_de_passe_hash, utilisateur.role, utilisateur.client_id, utilisateur.metier, utilisateur.actif, utilisateur.cree_le 
FROM utilisateur
2026-09-09 07:24:43,069 INFO sqlalchemy.engine.Engine [cached since 14.34s ago] ()
2026-09-09 07:24:43,069 INFO sqlalchemy.engine.Engine ROLLBACK
INFO:     127.0.0.1:7673 - "GET /projets/?archive=false HTTP/1.1" 200 OK
2026-09-09 07:24:43,074 INFO sqlalchemy.engine.Engine ROLLBACK
INFO:     127.0.0.1:6853 - "GET /clients/ HTTP/1.1" 200 OK
INFO:     127.0.0.1:9219 - "GET /utilisateurs/ HTTP/1.1" 200 OK
INFO:     127.0.0.1:9219 - "OPTIONS /projets/24 HTTP/1.1" 200 OK
INFO:     127.0.0.1:7673 - "OPTIONS /projets/24/membres/disponibles HTTP/1.1" 200 OK
INFO:     127.0.0.1:6853 - "OPTIONS /projets/24/membres HTTP/1.1" 200 OK
INFO:     127.0.0.1:14926 - "OPTIONS /projets/24/fichiers HTTP/1.1" 200 OK
INFO:     127.0.0.1:9349 - "OPTIONS /projets/24 HTTP/1.1" 200 OK
2026-09-09 07:24:45,063 INFO sqlalchemy.engine.Engine BEGIN (implicit)
2026-09-09 07:24:45,067 INFO sqlalchemy.engine.Engine SELECT projet.id, projet.nom, projet.description, projet.client_id, projet.responsable_id, projet.date_debut, projet.date_fin_prevue, projet.statut_sante, projet.avancement_pct, projet.archive, projet.cree_le, projet.modifie_le 
FROM projet 
WHERE projet.id = $1::INTEGER
2026-09-09 07:24:45,067 INFO sqlalchemy.engine.Engine [cached since 4.968s ago] (24,)
INFO:     127.0.0.1:7673 - "OPTIONS /projets/24/membres HTTP/1.1" 200 OK
2026-09-09 07:24:45,071 INFO sqlalchemy.engine.Engine BEGIN (implicit)
2026-09-09 07:24:45,072 INFO sqlalchemy.engine.Engine SELECT projet.id, projet.nom, projet.description, projet.client_id, projet.responsable_id, projet.date_debut, projet.date_fin_prevue, projet.statut_sante, projet.avancement_pct, projet.archive, projet.cree_le, projet.modifie_le 
FROM projet 
WHERE projet.id = $1::INTEGER
2026-09-09 07:24:45,073 INFO sqlalchemy.engine.Engine [cached since 4.973s ago] (24,)
2026-09-09 07:24:45,075 INFO sqlalchemy.engine.Engine BEGIN (implicit)
2026-09-09 07:24:45,076 INFO sqlalchemy.engine.Engine SELECT projet.id, projet.nom, projet.description, projet.client_id, projet.responsable_id, projet.date_debut, projet.date_fin_prevue, projet.statut_sante, projet.avancement_pct, projet.archive, projet.cree_le, projet.modifie_le 
FROM projet 
WHERE projet.id = $1::INTEGER
2026-09-09 07:24:45,077 INFO sqlalchemy.engine.Engine [cached since 4.977s ago] (24,)
2026-09-09 07:24:45,083 INFO sqlalchemy.engine.Engine ROLLBACK
2026-09-09 07:24:45,087 INFO sqlalchemy.engine.Engine SELECT projet_membre.utilisateur_id 
FROM projet_membre 
WHERE projet_membre.projet_id = $1::INTEGER
2026-09-09 07:24:45,087 INFO sqlalchemy.engine.Engine [generated in 0.00071s] (24,)
2026-09-09 07:24:45,091 INFO sqlalchemy.engine.Engine SELECT projet_membre.id, projet_membre.projet_id, projet_membre.utilisateur_id, projet_membre.role_dans_projet, utilisateur.id AS id_1, utilisateur.nom, utilisateur.prenom, utilisateur.email, utilisateur.mot_de_passe_hash, utilisateur.role, utilisateur.client_id, utilisateur.metier, utilisateur.actif, utilisateur.cree_le 
FROM projet_membre JOIN utilisateur ON projet_membre.utilisateur_id = utilisateur.id 
WHERE projet_membre.projet_id = $1::INTEGER ORDER BY utilisateur.nom, utilisateur.prenom
2026-09-09 07:24:45,091 INFO sqlalchemy.engine.Engine [generated in 0.00057s] (24,)
INFO:     127.0.0.1:9219 - "GET /projets/24 HTTP/1.1" 200 OK
2026-09-09 07:24:45,097 INFO sqlalchemy.engine.Engine SELECT utilisateur.id, utilisateur.nom, utilisateur.prenom, utilisateur.email, utilisateur.mot_de_passe_hash, utilisateur.role, utilisateur.client_id, utilisateur.metier, utilisateur.actif, utilisateur.cree_le 
FROM utilisateur 
WHERE (utilisateur.id NOT IN ($2::INTEGER, $3::INTEGER)) AND utilisateur.actif = true AND utilisateur.role != $1::role_utilisateur ORDER BY utilisateur.nom, utilisateur.prenom
2026-09-09 07:24:45,098 INFO sqlalchemy.engine.Engine [generated in 0.00097s] ('client', 15, 53)
2026-09-09 07:24:45,101 INFO sqlalchemy.engine.Engine ROLLBACK
2026-09-09 07:24:45,103 INFO sqlalchemy.engine.Engine BEGIN (implicit)
2026-09-09 07:24:45,104 INFO sqlalchemy.engine.Engine SELECT projet.id, projet.nom, projet.description, projet.client_id, projet.responsable_id, projet.date_debut, projet.date_fin_prevue, projet.statut_sante, projet.avancement_pct, projet.archive, projet.cree_le, projet.modifie_le 
FROM projet 
WHERE projet.id = $1::INTEGER
2026-09-09 07:24:45,104 INFO sqlalchemy.engine.Engine [cached since 5.004s ago] (24,)
2026-09-09 07:24:45,107 INFO sqlalchemy.engine.Engine ROLLBACK
INFO:     127.0.0.1:9349 - "GET /projets/24/membres HTTP/1.1" 200 OK
2026-09-09 07:24:45,111 INFO sqlalchemy.engine.Engine ROLLBACK
2026-09-09 07:24:45,113 INFO sqlalchemy.engine.Engine BEGIN (implicit)
2026-09-09 07:24:45,114 INFO sqlalchemy.engine.Engine SELECT projet.id, projet.nom, projet.description, projet.client_id, projet.responsable_id, projet.date_debut, projet.date_fin_prevue, projet.statut_sante, projet.avancement_pct, projet.archive, projet.cree_le, projet.modifie_le 
FROM projet 
WHERE projet.id = $1::INTEGER
2026-09-09 07:24:45,115 INFO sqlalchemy.engine.Engine [cached since 5.016s ago] (24,)
INFO:     127.0.0.1:6853 - "GET /projets/24/membres/disponibles HTTP/1.1" 200 OK
INFO:     127.0.0.1:9219 - "GET /projets/24 HTTP/1.1" 200 OK
2026-09-09 07:24:45,156 INFO sqlalchemy.engine.Engine SELECT projet_membre.id, projet_membre.projet_id, projet_membre.utilisateur_id, projet_membre.role_dans_projet, utilisateur.id AS id_1, utilisateur.nom, utilisateur.prenom, utilisateur.email, utilisateur.mot_de_passe_hash, utilisateur.role, utilisateur.client_id, utilisateur.metier, utilisateur.actif, utilisateur.cree_le 
FROM projet_membre JOIN utilisateur ON projet_membre.utilisateur_id = utilisateur.id 
WHERE projet_membre.projet_id = $1::INTEGER ORDER BY utilisateur.nom, utilisateur.prenom
2026-09-09 07:24:45,156 INFO sqlalchemy.engine.Engine [cached since 0.06518s ago] (24,)
2026-09-09 07:24:45,158 INFO sqlalchemy.engine.Engine BEGIN (implicit)
2026-09-09 07:24:45,159 INFO sqlalchemy.engine.Engine SELECT projet.id, projet.nom, projet.description, projet.client_id, projet.responsable_id, projet.date_debut, projet.date_fin_prevue, projet.statut_sante, projet.avancement_pct, projet.archive, projet.cree_le, projet.modifie_le 
FROM projet 
WHERE projet.id = $1::INTEGER
2026-09-09 07:24:45,159 INFO sqlalchemy.engine.Engine [cached since 5.059s ago] (24,)
2026-09-09 07:24:45,162 INFO sqlalchemy.engine.Engine ROLLBACK
2026-09-09 07:24:45,165 INFO sqlalchemy.engine.Engine SELECT projet_membre.utilisateur_id 
FROM projet_membre 
WHERE projet_membre.projet_id = $1::INTEGER
2026-09-09 07:24:45,165 INFO sqlalchemy.engine.Engine [cached since 0.07916s ago] (24,)
INFO:     127.0.0.1:9349 - "GET /projets/24/membres HTTP/1.1" 200 OK
2026-09-09 07:24:45,169 INFO sqlalchemy.engine.Engine SELECT utilisateur.id, utilisateur.nom, utilisateur.prenom, utilisateur.email, utilisateur.mot_de_passe_hash, utilisateur.role, utilisateur.client_id, utilisateur.metier, utilisateur.actif, utilisateur.cree_le 
FROM utilisateur 
WHERE (utilisateur.id NOT IN ($2::INTEGER, $3::INTEGER)) AND utilisateur.actif = true AND utilisateur.role != $1::role_utilisateur ORDER BY utilisateur.nom, utilisateur.prenom
2026-09-09 07:24:45,170 INFO sqlalchemy.engine.Engine [cached since 0.07378s ago] ('client', 15, 53)
2026-09-09 07:24:45,172 INFO sqlalchemy.engine.Engine ROLLBACK
2026-09-09 07:24:45,174 INFO sqlalchemy.engine.Engine BEGIN (implicit)
2026-09-09 07:24:45,174 INFO sqlalchemy.engine.Engine SELECT projet.id, projet.nom, projet.description, projet.client_id, projet.responsable_id, projet.date_debut, projet.date_fin_prevue, projet.statut_sante, projet.avancement_pct, projet.archive, projet.cree_le, projet.modifie_le 
FROM projet 
WHERE projet.id = $1::INTEGER
2026-09-09 07:24:45,175 INFO sqlalchemy.engine.Engine [cached since 5.075s ago] (24,)
INFO:     127.0.0.1:6853 - "GET /projets/24/membres/disponibles HTTP/1.1" 200 OK
2026-09-09 07:24:45,189 INFO sqlalchemy.engine.Engine SELECT fichier.id, fichier.projet_id, fichier.nom, fichier.chemin_ou_url, fichier.type_mime, fichier.taille_octets, fichier.televerse_par, fichier.cree_le, utilisateur.id AS id_1, utilisateur.nom AS nom_1, utilisateur.prenom, utilisateur.email, utilisateur.mot_de_passe_hash, utilisateur.role, utilisateur.client_id, utilisateur.metier, utilisateur.actif, utilisateur.cree_le AS cree_le_1 
FROM fichier LEFT OUTER JOIN utilisateur ON utilisateur.id = fichier.televerse_par 
WHERE fichier.projet_id = $1::INTEGER ORDER BY fichier.cree_le DESC
2026-09-09 07:24:45,189 INFO sqlalchemy.engine.Engine [generated in 0.00104s] (24,)
2026-09-09 07:24:45,198 INFO sqlalchemy.engine.Engine ROLLBACK
INFO:     127.0.0.1:14926 - "GET /projets/24/fichiers HTTP/1.1" 200 OK
2026-09-09 07:24:45,201 INFO sqlalchemy.engine.Engine BEGIN (implicit)
2026-09-09 07:24:45,203 INFO sqlalchemy.engine.Engine SELECT projet.id, projet.nom, projet.description, projet.client_id, projet.responsable_id, projet.date_debut, projet.date_fin_prevue, projet.statut_sante, projet.avancement_pct, projet.archive, projet.cree_le, projet.modifie_le 
FROM projet 
WHERE projet.id = $1::INTEGER
2026-09-09 07:24:45,203 INFO sqlalchemy.engine.Engine [cached since 5.104s ago] (24,)
2026-09-09 07:24:45,205 INFO sqlalchemy.engine.Engine SELECT fichier.id, fichier.projet_id, fichier.nom, fichier.chemin_ou_url, fichier.type_mime, fichier.taille_octets, fichier.televerse_par, fichier.cree_le, utilisateur.id AS id_1, utilisateur.nom AS nom_1, utilisateur.prenom, utilisateur.email, utilisateur.mot_de_passe_hash, utilisateur.role, utilisateur.client_id, utilisateur.metier, utilisateur.actif, utilisateur.cree_le AS cree_le_1 
FROM fichier LEFT OUTER JOIN utilisateur ON utilisateur.id = fichier.televerse_par 
WHERE fichier.projet_id = $1::INTEGER ORDER BY fichier.cree_le DESC
2026-09-09 07:24:45,206 INFO sqlalchemy.engine.Engine [cached since 0.01699s ago] (24,)
2026-09-09 07:24:45,209 INFO sqlalchemy.engine.Engine ROLLBACK
INFO:     127.0.0.1:14926 - "GET /projets/24/fichiers HTTP/1.1" 200 OK
2026-09-09 07:24:52,360 INFO sqlalchemy.engine.Engine BEGIN (implicit)
2026-09-09 07:24:52,360 INFO sqlalchemy.engine.Engine SELECT count(notification.id) AS count_1 
FROM notification 
WHERE notification.destinataire_id = $1::INTEGER AND notification.lu = false
2026-09-09 07:24:52,360 INFO sqlalchemy.engine.Engine [cached since 182.8s ago] (66,)
2026-09-09 07:24:52,373 INFO sqlalchemy.engine.Engine ROLLBACK
INFO:     127.0.0.1:8613 - "GET /notifications/count HTTP/1.1" 200 OK
2026-09-09 07:24:52,718 INFO sqlalchemy.engine.Engine BEGIN (implicit)
2026-09-09 07:24:52,718 INFO sqlalchemy.engine.Engine SELECT client.id, client.nom, client.contact, client.email, client.telephone, client.cree_le 
FROM client ORDER BY client.nom
2026-09-09 07:24:52,718 INFO sqlalchemy.engine.Engine [cached since 120.3s ago] ()
2026-09-09 07:24:52,728 INFO sqlalchemy.engine.Engine ROLLBACK
INFO:     127.0.0.1:8613 - "GET /clients/ HTTP/1.1" 200 OK
INFO:     127.0.0.1:8613 - "GET /utilisateurs HTTP/1.1" 307 Temporary Redirect
2026-09-09 07:24:52,734 INFO sqlalchemy.engine.Engine BEGIN (implicit)
2026-09-09 07:24:52,734 INFO sqlalchemy.engine.Engine SELECT client.id, client.nom, client.contact, client.email, client.telephone, client.cree_le 
FROM client ORDER BY client.nom
2026-09-09 07:24:52,735 INFO sqlalchemy.engine.Engine [cached since 120.3s ago] ()
2026-09-09 07:24:52,738 INFO sqlalchemy.engine.Engine ROLLBACK
INFO:     127.0.0.1:8613 - "GET /clients/ HTTP/1.1" 200 OK
INFO:     127.0.0.1:8613 - "GET /utilisateurs HTTP/1.1" 307 Temporary Redirect
2026-09-09 07:24:52,742 INFO sqlalchemy.engine.Engine BEGIN (implicit)
2026-09-09 07:24:52,743 INFO sqlalchemy.engine.Engine SELECT utilisateur.id, utilisateur.nom, utilisateur.prenom, utilisateur.email, utilisateur.mot_de_passe_hash, utilisateur.role, utilisateur.client_id, utilisateur.metier, utilisateur.actif, utilisateur.cree_le 
FROM utilisateur
2026-09-09 07:24:52,743 INFO sqlalchemy.engine.Engine [cached since 24.02s ago] ()
2026-09-09 07:24:52,744 INFO sqlalchemy.engine.Engine ROLLBACK
INFO:     127.0.0.1:8613 - "GET /utilisateurs/ HTTP/1.1" 200 OK
2026-09-09 07:24:52,748 INFO sqlalchemy.engine.Engine BEGIN (implicit)
2026-09-09 07:24:52,748 INFO sqlalchemy.engine.Engine SELECT utilisateur.id, utilisateur.nom, utilisateur.prenom, utilisateur.email, utilisateur.mot_de_passe_hash, utilisateur.role, utilisateur.client_id, utilisateur.metier, utilisateur.actif, utilisateur.cree_le 
FROM utilisateur
2026-09-09 07:24:52,748 INFO sqlalchemy.engine.Engine [cached since 24.02s ago] ()
2026-09-09 07:24:52,749 INFO sqlalchemy.engine.Engine ROLLBACK
INFO:     127.0.0.1:8613 - "GET /utilisateurs/ HTTP/1.1" 200 OK
2026-09-09 07:24:56,514 INFO sqlalchemy.engine.Engine BEGIN (implicit)
2026-09-09 07:24:56,515 INFO sqlalchemy.engine.Engine SELECT projet.id, projet.nom, projet.description, projet.client_id, projet.responsable_id, projet.date_debut, projet.date_fin_prevue, projet.statut_sante, projet.avancement_pct, projet.archive, projet.cree_le, projet.modifie_le 
FROM projet 
WHERE projet.archive = false
2026-09-09 07:24:56,516 INFO sqlalchemy.engine.Engine [cached since 27.81s ago] ()
INFO:     127.0.0.1:10124 - "GET /utilisateurs HTTP/1.1" 307 Temporary Redirect
2026-09-09 07:24:56,521 INFO sqlalchemy.engine.Engine BEGIN (implicit)
2026-09-09 07:24:56,521 INFO sqlalchemy.engine.Engine SELECT client.id, client.nom, client.contact, client.email, client.telephone, client.cree_le 
FROM client ORDER BY client.nom
2026-09-09 07:24:56,521 INFO sqlalchemy.engine.Engine [cached since 124.1s ago] ()
INFO:     127.0.0.1:10124 - "GET /utilisateurs HTTP/1.1" 307 Temporary Redirect
2026-09-09 07:24:56,523 INFO sqlalchemy.engine.Engine BEGIN (implicit)
2026-09-09 07:24:56,523 INFO sqlalchemy.engine.Engine SELECT utilisateur.id, utilisateur.nom, utilisateur.prenom, utilisateur.email, utilisateur.mot_de_passe_hash, utilisateur.role, utilisateur.client_id, utilisateur.metier, utilisateur.actif, utilisateur.cree_le 
FROM utilisateur
2026-09-09 07:24:56,523 INFO sqlalchemy.engine.Engine [cached since 27.8s ago] ()
2026-09-09 07:24:56,531 INFO sqlalchemy.engine.Engine ROLLBACK
2026-09-09 07:24:56,534 INFO sqlalchemy.engine.Engine ROLLBACK
2026-09-09 07:24:56,536 INFO sqlalchemy.engine.Engine ROLLBACK
INFO:     127.0.0.1:6793 - "GET /clients/ HTTP/1.1" 200 OK
INFO:     127.0.0.1:8613 - "GET /projets/?archive=false HTTP/1.1" 200 OK
INFO:     127.0.0.1:3412 - "GET /utilisateurs/ HTTP/1.1" 200 OK
2026-09-09 07:24:56,545 INFO sqlalchemy.engine.Engine BEGIN (implicit)
2026-09-09 07:24:56,545 INFO sqlalchemy.engine.Engine SELECT client.id, client.nom, client.contact, client.email, client.telephone, client.cree_le 
FROM client ORDER BY client.nom
2026-09-09 07:24:56,546 INFO sqlalchemy.engine.Engine [cached since 124.1s ago] ()
2026-09-09 07:24:56,547 INFO sqlalchemy.engine.Engine BEGIN (implicit)
2026-09-09 07:24:56,547 INFO sqlalchemy.engine.Engine SELECT projet.id, projet.nom, projet.description, projet.client_id, projet.responsable_id, projet.date_debut, projet.date_fin_prevue, projet.statut_sante, projet.avancement_pct, projet.archive, projet.cree_le, projet.modifie_le 
FROM projet 
WHERE projet.archive = false
2026-09-09 07:24:56,547 INFO sqlalchemy.engine.Engine [cached since 27.85s ago] ()
2026-09-09 07:24:56,547 INFO sqlalchemy.engine.Engine BEGIN (implicit)
2026-09-09 07:24:56,547 INFO sqlalchemy.engine.Engine SELECT utilisateur.id, utilisateur.nom, utilisateur.prenom, utilisateur.email, utilisateur.mot_de_passe_hash, utilisateur.role, utilisateur.client_id, utilisateur.metier, utilisateur.actif, utilisateur.cree_le 
FROM utilisateur
2026-09-09 07:24:56,553 INFO sqlalchemy.engine.Engine [cached since 27.82s ago] ()
2026-09-09 07:24:56,554 INFO sqlalchemy.engine.Engine ROLLBACK
2026-09-09 07:24:56,554 INFO sqlalchemy.engine.Engine ROLLBACK
2026-09-09 07:24:56,554 INFO sqlalchemy.engine.Engine ROLLBACK
INFO:     127.0.0.1:6793 - "GET /clients/ HTTP/1.1" 200 OK
INFO:     127.0.0.1:3412 - "GET /utilisateurs/ HTTP/1.1" 200 OK
INFO:     127.0.0.1:8613 - "GET /projets/?archive=false HTTP/1.1" 200 OK
2026-09-09 07:25:31,416 INFO sqlalchemy.engine.Engine BEGIN (implicit)
2026-09-09 07:25:31,416 INFO sqlalchemy.engine.Engine SELECT utilisateur.id, utilisateur.nom, utilisateur.prenom, utilisateur.email, utilisateur.mot_de_passe_hash, utilisateur.role, utilisateur.client_id, utilisateur.metier, utilisateur.actif, utilisateur.cree_le 
FROM utilisateur 
WHERE utilisateur.email = $1::VARCHAR
2026-09-09 07:25:31,416 INFO sqlalchemy.engine.Engine [generated in 0.00060s] ('luciarasoanirina8@gmail.com',)
2026-09-09 07:25:31,775 INFO sqlalchemy.engine.Engine ROLLBACK
INFO:     127.0.0.1:5871 - "POST /auth/login HTTP/1.1" 200 OK
2026-09-09 07:25:31,789 INFO sqlalchemy.engine.Engine BEGIN (implicit)
2026-09-09 07:25:31,789 INFO sqlalchemy.engine.Engine SELECT utilisateur.id, utilisateur.nom, utilisateur.prenom, utilisateur.email, utilisateur.mot_de_passe_hash, utilisateur.role, utilisateur.client_id, utilisateur.metier, utilisateur.actif, utilisateur.cree_le 
FROM utilisateur 
WHERE utilisateur.id = $1::INTEGER
2026-09-09 07:25:31,789 INFO sqlalchemy.engine.Engine [cached since 159.5s ago] (14,)
2026-09-09 07:25:31,796 INFO sqlalchemy.engine.Engine ROLLBACK
INFO:     127.0.0.1:5871 - "GET /auth/me HTTP/1.1" 200 OK
INFO:     127.0.0.1:5871 - "OPTIONS /client/projets HTTP/1.1" 200 OK
INFO:     127.0.0.1:5871 - "OPTIONS /client/projets HTTP/1.1" 200 OK
2026-09-09 07:25:31,817 INFO sqlalchemy.engine.Engine BEGIN (implicit)
2026-09-09 07:25:31,817 INFO sqlalchemy.engine.Engine SELECT count(notification.id) AS count_1 
FROM notification 
WHERE notification.destinataire_id = $1::INTEGER AND notification.lu = false
2026-09-09 07:25:31,817 INFO sqlalchemy.engine.Engine [cached since 222.2s ago] (14,)
2026-09-09 07:25:31,825 INFO sqlalchemy.engine.Engine ROLLBACK
INFO:     127.0.0.1:5871 - "GET /notifications/count HTTP/1.1" 200 OK
2026-09-09 07:25:31,829 INFO sqlalchemy.engine.Engine BEGIN (implicit)
2026-09-09 07:25:31,832 INFO sqlalchemy.engine.Engine SELECT projet.id, projet.nom, projet.description, projet.client_id, projet.responsable_id, projet.date_debut, projet.date_fin_prevue, projet.statut_sante, projet.avancement_pct, projet.archive, projet.cree_le, projet.modifie_le 
FROM projet 
WHERE projet.client_id = $1::INTEGER AND projet.archive = false ORDER BY projet.cree_le DESC
2026-09-09 07:25:31,832 INFO sqlalchemy.engine.Engine [generated in 0.00040s] (1,)
2026-09-09 07:25:31,835 INFO sqlalchemy.engine.Engine ROLLBACK
INFO:     127.0.0.1:5871 - "GET /client/projets HTTP/1.1" 200 OK
2026-09-09 07:25:31,840 INFO sqlalchemy.engine.Engine BEGIN (implicit)
2026-09-09 07:25:31,840 INFO sqlalchemy.engine.Engine SELECT count(notification.id) AS count_1 
FROM notification 
WHERE notification.destinataire_id = $1::INTEGER AND notification.lu = false
2026-09-09 07:25:31,841 INFO sqlalchemy.engine.Engine [cached since 222.3s ago] (14,)
2026-09-09 07:25:31,843 INFO sqlalchemy.engine.Engine ROLLBACK
INFO:     127.0.0.1:5871 - "GET /notifications/count HTTP/1.1" 200 OK
2026-09-09 07:25:31,848 INFO sqlalchemy.engine.Engine BEGIN (implicit)
2026-09-09 07:25:31,849 INFO sqlalchemy.engine.Engine SELECT projet.id, projet.nom, projet.description, projet.client_id, projet.responsable_id, projet.date_debut, projet.date_fin_prevue, projet.statut_sante, projet.avancement_pct, projet.archive, projet.cree_le, projet.modifie_le 
FROM projet 
WHERE projet.client_id = $1::INTEGER AND projet.archive = false ORDER BY projet.cree_le DESC
2026-09-09 07:25:31,849 INFO sqlalchemy.engine.Engine [cached since 0.01837s ago] (1,)
2026-09-09 07:25:31,849 INFO sqlalchemy.engine.Engine ROLLBACK
INFO:     127.0.0.1:5871 - "GET /client/projets HTTP/1.1" 200 OK
INFO:     127.0.0.1:5871 - "OPTIONS /client/mon-projet?projet_id=24 HTTP/1.1" 200 OK
INFO:     127.0.0.1:5871 - "OPTIONS /client/mon-projet/avancement?projet_id=24 HTTP/1.1" 200 OK
INFO:     127.0.0.1:5871 - "OPTIONS /client/mon-projet/taches?projet_id=24 HTTP/1.1" 200 OK
INFO:     127.0.0.1:5871 - "OPTIONS /dashboard/alertes HTTP/1.1" 200 OK
2026-09-09 07:25:31,859 INFO sqlalchemy.engine.Engine BEGIN (implicit)
2026-09-09 07:25:31,859 INFO sqlalchemy.engine.Engine SELECT projet.id, projet.nom, projet.description, projet.client_id, projet.responsable_id, projet.date_debut, projet.date_fin_prevue, projet.statut_sante, projet.avancement_pct, projet.archive, projet.cree_le, projet.modifie_le 
FROM projet 
WHERE projet.client_id = $1::INTEGER AND projet.archive = false AND projet.id = $2::INTEGER ORDER BY projet.cree_le DESC
2026-09-09 07:25:31,859 INFO sqlalchemy.engine.Engine [generated in 0.00046s] (1, 24)
2026-09-09 07:25:31,859 INFO sqlalchemy.engine.Engine ROLLBACK
INFO:     127.0.0.1:5871 - "GET /client/mon-projet?projet_id=24 HTTP/1.1" 200 OK
INFO:     127.0.0.1:5871 - "OPTIONS /client/mon-projet/avancement?projet_id=24 HTTP/1.1" 200 OK
INFO:     127.0.0.1:5871 - "OPTIONS /client/mon-projet/taches?projet_id=24 HTTP/1.1" 200 OK
INFO:     127.0.0.1:5871 - "OPTIONS /dashboard/alertes HTTP/1.1" 200 OK
2026-09-09 07:25:31,873 INFO sqlalchemy.engine.Engine BEGIN (implicit)
2026-09-09 07:25:31,873 INFO sqlalchemy.engine.Engine SELECT projet.id, projet.nom, projet.description, projet.client_id, projet.responsable_id, projet.date_debut, projet.date_fin_prevue, projet.statut_sante, projet.avancement_pct, projet.archive, projet.cree_le, projet.modifie_le 
FROM projet 
WHERE projet.client_id = $1::INTEGER AND projet.archive = false AND projet.id = $2::INTEGER ORDER BY projet.cree_le DESC
2026-09-09 07:25:31,873 INFO sqlalchemy.engine.Engine [cached since 0.01131s ago] (1, 24)
2026-09-09 07:25:31,873 INFO sqlalchemy.engine.Engine SELECT count(tache.id) AS count_1 
FROM tache 
WHERE tache.projet_id = $1::INTEGER AND tache.statut = $2::statut_tache
2026-09-09 07:25:31,873 INFO sqlalchemy.engine.Engine [generated in 0.00050s] (24, 'a_faire')
2026-09-09 07:25:31,887 INFO sqlalchemy.engine.Engine SELECT count(tache.id) AS count_1 
FROM tache 
WHERE tache.projet_id = $1::INTEGER AND tache.statut = $2::statut_tache
2026-09-09 07:25:31,887 INFO sqlalchemy.engine.Engine [cached since 0.008273s ago] (24, 'en_cours')
2026-09-09 07:25:31,889 INFO sqlalchemy.engine.Engine SELECT count(tache.id) AS count_1 
FROM tache 
WHERE tache.projet_id = $1::INTEGER AND tache.statut = $2::statut_tache
2026-09-09 07:25:31,889 INFO sqlalchemy.engine.Engine [cached since 0.01052s ago] (24, 'en_revue')
2026-09-09 07:25:31,891 INFO sqlalchemy.engine.Engine SELECT count(tache.id) AS count_1 
FROM tache 
WHERE tache.projet_id = $1::INTEGER AND tache.statut = $2::statut_tache
2026-09-09 07:25:31,891 INFO sqlalchemy.engine.Engine [cached since 0.01275s ago] (24, 'termine')
2026-09-09 07:25:31,893 INFO sqlalchemy.engine.Engine ROLLBACK
INFO:     127.0.0.1:5871 - "GET /client/mon-projet/avancement?projet_id=24 HTTP/1.1" 200 OK
2026-09-09 07:25:31,896 INFO sqlalchemy.engine.Engine BEGIN (implicit)
2026-09-09 07:25:31,896 INFO sqlalchemy.engine.Engine SELECT projet.id, projet.nom, projet.description, projet.client_id, projet.responsable_id, projet.date_debut, projet.date_fin_prevue, projet.statut_sante, projet.avancement_pct, projet.archive, projet.cree_le, projet.modifie_le 
FROM projet 
WHERE projet.client_id = $1::INTEGER AND projet.archive = false AND projet.id = $2::INTEGER ORDER BY projet.cree_le DESC
2026-09-09 07:25:31,896 INFO sqlalchemy.engine.Engine [cached since 0.0338s ago] (1, 24)
2026-09-09 07:25:31,901 INFO sqlalchemy.engine.Engine SELECT tache.id, tache.projet_id, tache.titre, tache.description, tache.statut, tache.priorite, tache.echeance, tache.responsable_id, tache.ordre, tache.cree_le, tache.modifie_le 
FROM tache 
WHERE tache.projet_id = $1::INTEGER ORDER BY tache.statut, tache.ordre
2026-09-09 07:25:31,901 INFO sqlalchemy.engine.Engine [generated in 0.00048s] (24,)
2026-09-09 07:25:31,906 INFO sqlalchemy.engine.Engine ROLLBACK
INFO:     127.0.0.1:5871 - "GET /client/mon-projet/taches?projet_id=24 HTTP/1.1" 200 OK
2026-09-09 07:25:31,914 INFO sqlalchemy.engine.Engine BEGIN (implicit)
2026-09-09 07:25:31,915 INFO sqlalchemy.engine.Engine SELECT projet.id, projet.nom, projet.description, projet.client_id, projet.responsable_id, projet.date_debut, projet.date_fin_prevue, projet.statut_sante, projet.avancement_pct, projet.archive, projet.cree_le, projet.modifie_le 
FROM projet 
WHERE projet.archive = false AND projet.client_id = $1::INTEGER
2026-09-09 07:25:31,916 INFO sqlalchemy.engine.Engine [generated in 0.00046s] (1,)
2026-09-09 07:25:31,918 INFO sqlalchemy.engine.Engine SELECT tache.id, tache.projet_id, tache.titre, tache.description, tache.statut, tache.priorite, tache.echeance, tache.responsable_id, tache.ordre, tache.cree_le, tache.modifie_le 
FROM tache 
WHERE tache.projet_id IN ($4::INTEGER, $5::INTEGER, $6::INTEGER, $7::INTEGER, $8::INTEGER) AND tache.echeance < $1::DATE AND tache.statut != $2::statut_tache 
 LIMIT $3::INTEGER
2026-09-09 07:25:31,918 INFO sqlalchemy.engine.Engine [generated in 0.00044s] (datetime.date(2026, 9, 9), 'termine', 9, 22, 2, 1, 24, 15)
2026-09-09 07:25:31,929 INFO sqlalchemy.engine.Engine SELECT tache.id, tache.projet_id, tache.titre, tache.description, tache.statut, tache.priorite, tache.echeance, tache.responsable_id, tache.ordre, tache.cree_le, tache.modifie_le 
FROM tache 
WHERE tache.projet_id IN ($5::INTEGER, $6::INTEGER, $7::INTEGER, $8::INTEGER, $9::INTEGER) AND tache.echeance <= $1::DATE AND tache.echeance >= $2::DATE AND tache.statut != $3::statut_tache ORDER BY tache.echeance 
 LIMIT $4::INTEGER
2026-09-09 07:25:31,930 INFO sqlalchemy.engine.Engine [generated in 0.00074s] (datetime.date(2026, 9, 16), datetime.date(2026, 9, 9), 'termine', 7, 22, 2, 1, 24, 15)
2026-09-09 07:25:31,932 INFO sqlalchemy.engine.Engine ROLLBACK
INFO:     127.0.0.1:5871 - "GET /dashboard/alertes HTTP/1.1" 200 OK
2026-09-09 07:25:31,936 INFO sqlalchemy.engine.Engine BEGIN (implicit)
2026-09-09 07:25:31,936 INFO sqlalchemy.engine.Engine SELECT projet.id, projet.nom, projet.description, projet.client_id, projet.responsable_id, projet.date_debut, projet.date_fin_prevue, projet.statut_sante, projet.avancement_pct, projet.archive, projet.cree_le, projet.modifie_le 
FROM projet 
WHERE projet.client_id = $1::INTEGER AND projet.archive = false AND projet.id = $2::INTEGER ORDER BY projet.cree_le DESC
2026-09-09 07:25:31,937 INFO sqlalchemy.engine.Engine [cached since 0.07249s ago] (1, 24)
2026-09-09 07:25:31,939 INFO sqlalchemy.engine.Engine ROLLBACK
INFO:     127.0.0.1:5871 - "GET /client/mon-projet?projet_id=24 HTTP/1.1" 200 OK
2026-09-09 07:25:31,943 INFO sqlalchemy.engine.Engine BEGIN (implicit)
2026-09-09 07:25:31,944 INFO sqlalchemy.engine.Engine SELECT projet.id, projet.nom, projet.description, projet.client_id, projet.responsable_id, projet.date_debut, projet.date_fin_prevue, projet.statut_sante, projet.avancement_pct, projet.archive, projet.cree_le, projet.modifie_le 
FROM projet 
WHERE projet.client_id = $1::INTEGER AND projet.archive = false AND projet.id = $2::INTEGER ORDER BY projet.cree_le DESC
2026-09-09 07:25:31,944 INFO sqlalchemy.engine.Engine [cached since 0.07925s ago] (1, 24)
2026-09-09 07:25:31,946 INFO sqlalchemy.engine.Engine SELECT count(tache.id) AS count_1 
FROM tache 
WHERE tache.projet_id = $1::INTEGER AND tache.statut = $2::statut_tache
2026-09-09 07:25:31,946 INFO sqlalchemy.engine.Engine [cached since 0.0669s ago] (24, 'a_faire')
2026-09-09 07:25:31,947 INFO sqlalchemy.engine.Engine SELECT count(tache.id) AS count_1 
FROM tache 
WHERE tache.projet_id = $1::INTEGER AND tache.statut = $2::statut_tache
2026-09-09 07:25:31,948 INFO sqlalchemy.engine.Engine [cached since 0.06861s ago] (24, 'en_cours')
2026-09-09 07:25:31,949 INFO sqlalchemy.engine.Engine SELECT count(tache.id) AS count_1 
FROM tache 
WHERE tache.projet_id = $1::INTEGER AND tache.statut = $2::statut_tache
2026-09-09 07:25:31,949 INFO sqlalchemy.engine.Engine [cached since 0.0705s ago] (24, 'en_revue')
2026-09-09 07:25:31,950 INFO sqlalchemy.engine.Engine SELECT count(tache.id) AS count_1 
FROM tache 
WHERE tache.projet_id = $1::INTEGER AND tache.statut = $2::statut_tache
2026-09-09 07:25:31,951 INFO sqlalchemy.engine.Engine [cached since 0.072s ago] (24, 'termine')
2026-09-09 07:25:31,952 INFO sqlalchemy.engine.Engine ROLLBACK
INFO:     127.0.0.1:5871 - "GET /client/mon-projet/avancement?projet_id=24 HTTP/1.1" 200 OK
2026-09-09 07:25:31,955 INFO sqlalchemy.engine.Engine BEGIN (implicit)
2026-09-09 07:25:31,956 INFO sqlalchemy.engine.Engine SELECT projet.id, projet.nom, projet.description, projet.client_id, projet.responsable_id, projet.date_debut, projet.date_fin_prevue, projet.statut_sante, projet.avancement_pct, projet.archive, projet.cree_le, projet.modifie_le 
FROM projet 
WHERE projet.client_id = $1::INTEGER AND projet.archive = false AND projet.id = $2::INTEGER ORDER BY projet.cree_le DESC
2026-09-09 07:25:31,956 INFO sqlalchemy.engine.Engine [cached since 0.09158s ago] (1, 24)
2026-09-09 07:25:31,957 INFO sqlalchemy.engine.Engine SELECT tache.id, tache.projet_id, tache.titre, tache.description, tache.statut, tache.priorite, tache.echeance, tache.responsable_id, tache.ordre, tache.cree_le, tache.modifie_le 
FROM tache 
WHERE tache.projet_id = $1::INTEGER ORDER BY tache.statut, tache.ordre
2026-09-09 07:25:31,959 INFO sqlalchemy.engine.Engine [cached since 0.05688s ago] (24,)
2026-09-09 07:25:31,960 INFO sqlalchemy.engine.Engine ROLLBACK
INFO:     127.0.0.1:5871 - "GET /client/mon-projet/taches?projet_id=24 HTTP/1.1" 200 OK
2026-09-09 07:25:31,964 INFO sqlalchemy.engine.Engine BEGIN (implicit)
2026-09-09 07:25:31,964 INFO sqlalchemy.engine.Engine SELECT projet.id, projet.nom, projet.description, projet.client_id, projet.responsable_id, projet.date_debut, projet.date_fin_prevue, projet.statut_sante, projet.avancement_pct, projet.archive, projet.cree_le, projet.modifie_le 
FROM projet 
WHERE projet.archive = false AND projet.client_id = $1::INTEGER
2026-09-09 07:25:31,965 INFO sqlalchemy.engine.Engine [cached since 0.05015s ago] (1,)
2026-09-09 07:25:31,965 INFO sqlalchemy.engine.Engine SELECT tache.id, tache.projet_id, tache.titre, tache.description, tache.statut, tache.priorite, tache.echeance, tache.responsable_id, tache.ordre, tache.cree_le, tache.modifie_le 
FROM tache 
WHERE tache.projet_id IN ($4::INTEGER, $5::INTEGER, $6::INTEGER, $7::INTEGER, $8::INTEGER) AND tache.echeance < $1::DATE AND tache.statut != $2::statut_tache 
 LIMIT $3::INTEGER
2026-09-09 07:25:31,965 INFO sqlalchemy.engine.Engine [cached since 0.04933s ago] (datetime.date(2026, 9, 9), 'termine', 9, 22, 2, 1, 24, 15)
2026-09-09 07:25:31,965 INFO sqlalchemy.engine.Engine SELECT tache.id, tache.projet_id, tache.titre, tache.description, tache.statut, tache.priorite, tache.echeance, tache.responsable_id, tache.ordre, tache.cree_le, tache.modifie_le 
FROM tache 
WHERE tache.projet_id IN ($5::INTEGER, $6::INTEGER, $7::INTEGER, $8::INTEGER, $9::INTEGER) AND tache.echeance <= $1::DATE AND tache.echeance >= $2::DATE AND tache.statut != $3::statut_tache ORDER BY tache.echeance 
 LIMIT $4::INTEGER
2026-09-09 07:25:31,965 INFO sqlalchemy.engine.Engine [cached since 0.04069s ago] (datetime.date(2026, 9, 16), datetime.date(2026, 9, 9), 'termine', 7, 22, 2, 1, 24, 15)
2026-09-09 07:25:31,965 INFO sqlalchemy.engine.Engine ROLLBACK
INFO:     127.0.0.1:5871 - "GET /dashboard/alertes HTTP/1.1" 200 OK
INFO:     127.0.0.1:5871 - "OPTIONS /notifications/ HTTP/1.1" 200 OK
2026-09-09 07:25:34,668 INFO sqlalchemy.engine.Engine BEGIN (implicit)
2026-09-09 07:25:34,668 INFO sqlalchemy.engine.Engine SELECT notification.id, notification.destinataire_id, notification.type, notification.message, notification.lien, notification.lu, notification.cree_le 
FROM notification 
WHERE notification.destinataire_id = $1::INTEGER ORDER BY notification.cree_le DESC 
 LIMIT $2::INTEGER
2026-09-09 07:25:34,668 INFO sqlalchemy.engine.Engine [generated in 0.00093s] (14, 50)
2026-09-09 07:25:34,674 INFO sqlalchemy.engine.Engine ROLLBACK
INFO:     127.0.0.1:5871 - "GET /notifications/ HTTP/1.1" 200 OK
INFO:     127.0.0.1:5871 - "OPTIONS /notifications/83/lue HTTP/1.1" 200 OK
2026-09-09 07:25:39,456 INFO sqlalchemy.engine.Engine BEGIN (implicit)
2026-09-09 07:25:39,458 INFO sqlalchemy.engine.Engine SELECT notification.id, notification.destinataire_id, notification.type, notification.message, notification.lien, notification.lu, notification.cree_le 
FROM notification 
WHERE notification.id = $1::INTEGER
2026-09-09 07:25:39,459 INFO sqlalchemy.engine.Engine [generated in 0.00065s] (83,)
2026-09-09 07:25:39,465 INFO sqlalchemy.engine.Engine UPDATE notification SET lu=$1::BOOLEAN WHERE notification.id = $2::INTEGER
2026-09-09 07:25:39,466 INFO sqlalchemy.engine.Engine [generated in 0.00102s] (True, 83)
2026-09-09 07:25:39,468 INFO sqlalchemy.engine.Engine COMMIT
2026-09-09 07:25:39,469 INFO sqlalchemy.engine.Engine BEGIN (implicit)
2026-09-09 07:25:39,469 INFO sqlalchemy.engine.Engine SELECT notification.id, notification.destinataire_id, notification.type, notification.message, notification.lien, notification.lu, notification.cree_le 
FROM notification 
WHERE notification.id = $1::INTEGER
2026-09-09 07:25:39,469 INFO sqlalchemy.engine.Engine [generated in 0.00084s] (83,)
2026-09-09 07:25:39,469 INFO sqlalchemy.engine.Engine ROLLBACK
INFO:     127.0.0.1:5871 - "PATCH /notifications/83/lue HTTP/1.1" 200 OK
INFO:     127.0.0.1:5871 - "OPTIONS /factures/5/pdf HTTP/1.1" 200 OK
2026-09-09 07:25:39,486 INFO sqlalchemy.engine.Engine BEGIN (implicit)
2026-09-09 07:25:39,486 INFO sqlalchemy.engine.Engine SELECT count(notification.id) AS count_1 
FROM notification 
WHERE notification.destinataire_id = $1::INTEGER AND notification.lu = false
2026-09-09 07:25:39,486 INFO sqlalchemy.engine.Engine [cached since 229.9s ago] (14,)
2026-09-09 07:25:39,489 INFO sqlalchemy.engine.Engine BEGIN (implicit)
2026-09-09 07:25:39,489 INFO sqlalchemy.engine.Engine SELECT facture.id, facture.numero, facture.client_id, facture.projet_id, facture.statut, facture.date_emission, facture.date_echeance, facture.montant_ht, facture.taux_tva, facture.montant_tva, facture.montant_ttc, facture.notes, facture.cree_par, facture.cree_le, facture.modifie_le 
FROM facture 
WHERE facture.id = $1::INTEGER
2026-09-09 07:25:39,489 INFO sqlalchemy.engine.Engine [cached since 78.36s ago] (5,)
2026-09-09 07:25:39,489 INFO sqlalchemy.engine.Engine ROLLBACK
INFO:     127.0.0.1:11405 - "GET /notifications/count HTTP/1.1" 200 OK
2026-09-09 07:25:39,504 INFO sqlalchemy.engine.Engine SELECT utilisateur.id, utilisateur.nom, utilisateur.prenom, utilisateur.email, utilisateur.mot_de_passe_hash, utilisateur.role, utilisateur.client_id, utilisateur.metier, utilisateur.actif, utilisateur.cree_le 
FROM utilisateur 
WHERE utilisateur.id = $1::INTEGER
2026-09-09 07:25:39,504 INFO sqlalchemy.engine.Engine [cached since 167.2s ago] (14,)
2026-09-09 07:25:39,504 INFO sqlalchemy.engine.Engine SELECT client.nom 
FROM client 
WHERE client.id = $1::INTEGER
2026-09-09 07:25:39,504 INFO sqlalchemy.engine.Engine [cached since 78.33s ago] (1,)
2026-09-09 07:25:39,511 INFO sqlalchemy.engine.Engine SELECT projet.nom 
FROM projet 
WHERE projet.id = $1::INTEGER
2026-09-09 07:25:39,511 INFO sqlalchemy.engine.Engine [cached since 78.33s ago] (24,)
2026-09-09 07:25:39,511 INFO sqlalchemy.engine.Engine ROLLBACK
INFO:     127.0.0.1:5871 - "GET /factures/5/pdf HTTP/1.1" 200 OK
2026-09-09 07:25:44,012 INFO sqlalchemy.engine.Engine BEGIN (implicit)
2026-09-09 07:25:44,018 INFO sqlalchemy.engine.Engine SELECT projet.id, projet.nom, projet.description, projet.client_id, projet.responsable_id, projet.date_debut, projet.date_fin_prevue, projet.statut_sante, projet.avancement_pct, projet.archive, projet.cree_le, projet.modifie_le 
FROM projet 
WHERE projet.client_id = $1::INTEGER AND projet.archive = false ORDER BY projet.cree_le DESC
2026-09-09 07:25:44,018 INFO sqlalchemy.engine.Engine [cached since 12.19s ago] (1,)
2026-09-09 07:25:44,018 INFO sqlalchemy.engine.Engine ROLLBACK
INFO:     127.0.0.1:5871 - "GET /client/projets HTTP/1.1" 200 OK
2026-09-09 07:25:44,027 INFO sqlalchemy.engine.Engine BEGIN (implicit)
2026-09-09 07:25:44,027 INFO sqlalchemy.engine.Engine SELECT projet.id, projet.nom, projet.description, projet.client_id, projet.responsable_id, projet.date_debut, projet.date_fin_prevue, projet.statut_sante, projet.avancement_pct, projet.archive, projet.cree_le, projet.modifie_le 
FROM projet 
WHERE projet.client_id = $1::INTEGER AND projet.archive = false ORDER BY projet.cree_le DESC
2026-09-09 07:25:44,027 INFO sqlalchemy.engine.Engine [cached since 12.2s ago] (1,)
INFO:     127.0.0.1:11405 - "OPTIONS /projets/22/fichiers HTTP/1.1" 200 OK
INFO:     127.0.0.1:14225 - "OPTIONS /projets/2/fichiers HTTP/1.1" 200 OK
INFO:     127.0.0.1:5472 - "OPTIONS /projets/15/fichiers HTTP/1.1" 200 OK
INFO:     127.0.0.1:1262 - "OPTIONS /projets/1/fichiers HTTP/1.1" 200 OK
2026-09-09 07:25:44,032 INFO sqlalchemy.engine.Engine BEGIN (implicit)
2026-09-09 07:25:44,032 INFO sqlalchemy.engine.Engine SELECT projet.id, projet.nom, projet.description, projet.client_id, projet.responsable_id, projet.date_debut, projet.date_fin_prevue, projet.statut_sante, projet.avancement_pct, projet.archive, projet.cree_le, projet.modifie_le 
FROM projet 
WHERE projet.id = $1::INTEGER
2026-09-09 07:25:44,034 INFO sqlalchemy.engine.Engine [cached since 63.93s ago] (24,)
2026-09-09 07:25:44,035 INFO sqlalchemy.engine.Engine BEGIN (implicit)
2026-09-09 07:25:44,035 INFO sqlalchemy.engine.Engine SELECT projet.id, projet.nom, projet.description, projet.client_id, projet.responsable_id, projet.date_debut, projet.date_fin_prevue, projet.statut_sante, projet.avancement_pct, projet.archive, projet.cree_le, projet.modifie_le 
FROM projet 
WHERE projet.id = $1::INTEGER
2026-09-09 07:25:44,036 INFO sqlalchemy.engine.Engine [cached since 63.94s ago] (22,)
2026-09-09 07:25:44,037 INFO sqlalchemy.engine.Engine BEGIN (implicit)
2026-09-09 07:25:44,037 INFO sqlalchemy.engine.Engine SELECT projet.id, projet.nom, projet.description, projet.client_id, projet.responsable_id, projet.date_debut, projet.date_fin_prevue, projet.statut_sante, projet.avancement_pct, projet.archive, projet.cree_le, projet.modifie_le 
FROM projet 
WHERE projet.id = $1::INTEGER
2026-09-09 07:25:44,037 INFO sqlalchemy.engine.Engine [cached since 63.94s ago] (1,)
2026-09-09 07:25:44,043 INFO sqlalchemy.engine.Engine SELECT fichier.id, fichier.projet_id, fichier.nom, fichier.chemin_ou_url, fichier.type_mime, fichier.taille_octets, fichier.televerse_par, fichier.cree_le, utilisateur.id AS id_1, utilisateur.nom AS nom_1, utilisateur.prenom, utilisateur.email, utilisateur.mot_de_passe_hash, utilisateur.role, utilisateur.client_id, utilisateur.metier, utilisateur.actif, utilisateur.cree_le AS cree_le_1 
FROM fichier LEFT OUTER JOIN utilisateur ON utilisateur.id = fichier.televerse_par 
WHERE fichier.projet_id = $1::INTEGER ORDER BY fichier.cree_le DESC
2026-09-09 07:25:44,044 INFO sqlalchemy.engine.Engine [cached since 58.85s ago] (24,)
2026-09-09 07:25:44,047 INFO sqlalchemy.engine.Engine SELECT fichier.id, fichier.projet_id, fichier.nom, fichier.chemin_ou_url, fichier.type_mime, fichier.taille_octets, fichier.televerse_par, fichier.cree_le, utilisateur.id AS id_1, utilisateur.nom AS nom_1, utilisateur.prenom, utilisateur.email, utilisateur.mot_de_passe_hash, utilisateur.role, utilisateur.client_id, utilisateur.metier, utilisateur.actif, utilisateur.cree_le AS cree_le_1 
FROM fichier LEFT OUTER JOIN utilisateur ON utilisateur.id = fichier.televerse_par 
WHERE fichier.projet_id = $1::INTEGER ORDER BY fichier.cree_le DESC
2026-09-09 07:25:44,048 INFO sqlalchemy.engine.Engine [cached since 58.86s ago] (22,)
2026-09-09 07:25:44,050 INFO sqlalchemy.engine.Engine ROLLBACK
2026-09-09 07:25:44,050 INFO sqlalchemy.engine.Engine SELECT fichier.id, fichier.projet_id, fichier.nom, fichier.chemin_ou_url, fichier.type_mime, fichier.taille_octets, fichier.televerse_par, fichier.cree_le, utilisateur.id AS id_1, utilisateur.nom AS nom_1, utilisateur.prenom, utilisateur.email, utilisateur.mot_de_passe_hash, utilisateur.role, utilisateur.client_id, utilisateur.metier, utilisateur.actif, utilisateur.cree_le AS cree_le_1 
FROM fichier LEFT OUTER JOIN utilisateur ON utilisateur.id = fichier.televerse_par 
WHERE fichier.projet_id = $1::INTEGER ORDER BY fichier.cree_le DESC
2026-09-09 07:25:44,050 INFO sqlalchemy.engine.Engine [cached since 58.86s ago] (1,)
2026-09-09 07:25:44,050 INFO sqlalchemy.engine.Engine ROLLBACK
2026-09-09 07:25:44,050 INFO sqlalchemy.engine.Engine ROLLBACK
2026-09-09 07:25:44,050 INFO sqlalchemy.engine.Engine ROLLBACK
INFO:     127.0.0.1:5871 - "GET /client/projets HTTP/1.1" 200 OK
INFO:     127.0.0.1:7211 - "GET /projets/24/fichiers HTTP/1.1" 200 OK
INFO:     127.0.0.1:1262 - "GET /projets/1/fichiers HTTP/1.1" 200 OK
INFO:     127.0.0.1:11405 - "GET /projets/22/fichiers HTTP/1.1" 200 OK
2026-09-09 07:25:44,060 INFO sqlalchemy.engine.Engine BEGIN (implicit)
2026-09-09 07:25:44,062 INFO sqlalchemy.engine.Engine SELECT projet.id, projet.nom, projet.description, projet.client_id, projet.responsable_id, projet.date_debut, projet.date_fin_prevue, projet.statut_sante, projet.avancement_pct, projet.archive, projet.cree_le, projet.modifie_le 
FROM projet 
WHERE projet.id = $1::INTEGER
2026-09-09 07:25:44,062 INFO sqlalchemy.engine.Engine [cached since 63.96s ago] (24,)
2026-09-09 07:25:44,063 INFO sqlalchemy.engine.Engine BEGIN (implicit)
2026-09-09 07:25:44,063 INFO sqlalchemy.engine.Engine SELECT projet.id, projet.nom, projet.description, projet.client_id, projet.responsable_id, projet.date_debut, projet.date_fin_prevue, projet.statut_sante, projet.avancement_pct, projet.archive, projet.cree_le, projet.modifie_le 
FROM projet 
WHERE projet.id = $1::INTEGER
2026-09-09 07:25:44,063 INFO sqlalchemy.engine.Engine [cached since 63.96s ago] (22,)
2026-09-09 07:25:44,063 INFO sqlalchemy.engine.Engine BEGIN (implicit)
2026-09-09 07:25:44,063 INFO sqlalchemy.engine.Engine SELECT projet.id, projet.nom, projet.description, projet.client_id, projet.responsable_id, projet.date_debut, projet.date_fin_prevue, projet.statut_sante, projet.avancement_pct, projet.archive, projet.cree_le, projet.modifie_le 
FROM projet 
WHERE projet.id = $1::INTEGER
2026-09-09 07:25:44,063 INFO sqlalchemy.engine.Engine [cached since 63.97s ago] (1,)
2026-09-09 07:25:44,063 INFO sqlalchemy.engine.Engine SELECT fichier.id, fichier.projet_id, fichier.nom, fichier.chemin_ou_url, fichier.type_mime, fichier.taille_octets, fichier.televerse_par, fichier.cree_le, utilisateur.id AS id_1, utilisateur.nom AS nom_1, utilisateur.prenom, utilisateur.email, utilisateur.mot_de_passe_hash, utilisateur.role, utilisateur.client_id, utilisateur.metier, utilisateur.actif, utilisateur.cree_le AS cree_le_1 
FROM fichier LEFT OUTER JOIN utilisateur ON utilisateur.id = fichier.televerse_par 
WHERE fichier.projet_id = $1::INTEGER ORDER BY fichier.cree_le DESC
2026-09-09 07:25:44,063 INFO sqlalchemy.engine.Engine [cached since 58.88s ago] (24,)
2026-09-09 07:25:44,063 INFO sqlalchemy.engine.Engine SELECT fichier.id, fichier.projet_id, fichier.nom, fichier.chemin_ou_url, fichier.type_mime, fichier.taille_octets, fichier.televerse_par, fichier.cree_le, utilisateur.id AS id_1, utilisateur.nom AS nom_1, utilisateur.prenom, utilisateur.email, utilisateur.mot_de_passe_hash, utilisateur.role, utilisateur.client_id, utilisateur.metier, utilisateur.actif, utilisateur.cree_le AS cree_le_1 
FROM fichier LEFT OUTER JOIN utilisateur ON utilisateur.id = fichier.televerse_par 
WHERE fichier.projet_id = $1::INTEGER ORDER BY fichier.cree_le DESC
2026-09-09 07:25:44,070 INFO sqlalchemy.engine.Engine [cached since 58.88s ago] (22,)
2026-09-09 07:25:44,070 INFO sqlalchemy.engine.Engine SELECT fichier.id, fichier.projet_id, fichier.nom, fichier.chemin_ou_url, fichier.type_mime, fichier.taille_octets, fichier.televerse_par, fichier.cree_le, utilisateur.id AS id_1, utilisateur.nom AS nom_1, utilisateur.prenom, utilisateur.email, utilisateur.mot_de_passe_hash, utilisateur.role, utilisateur.client_id, utilisateur.metier, utilisateur.actif, utilisateur.cree_le AS cree_le_1 
FROM fichier LEFT OUTER JOIN utilisateur ON utilisateur.id = fichier.televerse_par 
WHERE fichier.projet_id = $1::INTEGER ORDER BY fichier.cree_le DESC
2026-09-09 07:25:44,070 INFO sqlalchemy.engine.Engine [cached since 58.88s ago] (1,)
2026-09-09 07:25:44,070 INFO sqlalchemy.engine.Engine ROLLBACK
2026-09-09 07:25:44,070 INFO sqlalchemy.engine.Engine ROLLBACK
2026-09-09 07:25:44,070 INFO sqlalchemy.engine.Engine ROLLBACK
INFO:     127.0.0.1:11405 - "GET /projets/22/fichiers HTTP/1.1" 200 OK
INFO:     127.0.0.1:1262 - "GET /projets/24/fichiers HTTP/1.1" 200 OK
INFO:     127.0.0.1:7211 - "GET /projets/1/fichiers HTTP/1.1" 200 OK
2026-09-09 07:25:44,112 INFO sqlalchemy.engine.Engine BEGIN (implicit)
2026-09-09 07:25:44,113 INFO sqlalchemy.engine.Engine SELECT projet.id, projet.nom, projet.description, projet.client_id, projet.responsable_id, projet.date_debut, projet.date_fin_prevue, projet.statut_sante, projet.avancement_pct, projet.archive, projet.cree_le, projet.modifie_le 
FROM projet 
WHERE projet.id = $1::INTEGER
2026-09-09 07:25:44,114 INFO sqlalchemy.engine.Engine [cached since 64.01s ago] (15,)
2026-09-09 07:25:44,123 INFO sqlalchemy.engine.Engine SELECT fichier.id, fichier.projet_id, fichier.nom, fichier.chemin_ou_url, fichier.type_mime, fichier.taille_octets, fichier.televerse_par, fichier.cree_le, utilisateur.id AS id_1, utilisateur.nom AS nom_1, utilisateur.prenom, utilisateur.email, utilisateur.mot_de_passe_hash, utilisateur.role, utilisateur.client_id, utilisateur.metier, utilisateur.actif, utilisateur.cree_le AS cree_le_1 
FROM fichier LEFT OUTER JOIN utilisateur ON utilisateur.id = fichier.televerse_par 
WHERE fichier.projet_id = $1::INTEGER ORDER BY fichier.cree_le DESC
2026-09-09 07:25:44,123 INFO sqlalchemy.engine.Engine [cached since 58.94s ago] (15,)
2026-09-09 07:25:44,131 INFO sqlalchemy.engine.Engine ROLLBACK
INFO:     127.0.0.1:5472 - "GET /projets/15/fichiers HTTP/1.1" 200 OK
2026-09-09 07:25:44,133 INFO sqlalchemy.engine.Engine BEGIN (implicit)
2026-09-09 07:25:44,133 INFO sqlalchemy.engine.Engine SELECT projet.id, projet.nom, projet.description, projet.client_id, projet.responsable_id, projet.date_debut, projet.date_fin_prevue, projet.statut_sante, projet.avancement_pct, projet.archive, projet.cree_le, projet.modifie_le 
FROM projet 
WHERE projet.id = $1::INTEGER
2026-09-09 07:25:44,133 INFO sqlalchemy.engine.Engine [cached since 64.04s ago] (15,)
2026-09-09 07:25:44,133 INFO sqlalchemy.engine.Engine SELECT fichier.id, fichier.projet_id, fichier.nom, fichier.chemin_ou_url, fichier.type_mime, fichier.taille_octets, fichier.televerse_par, fichier.cree_le, utilisateur.id AS id_1, utilisateur.nom AS nom_1, utilisateur.prenom, utilisateur.email, utilisateur.mot_de_passe_hash, utilisateur.role, utilisateur.client_id, utilisateur.metier, utilisateur.actif, utilisateur.cree_le AS cree_le_1 
FROM fichier LEFT OUTER JOIN utilisateur ON utilisateur.id = fichier.televerse_par 
WHERE fichier.projet_id = $1::INTEGER ORDER BY fichier.cree_le DESC
2026-09-09 07:25:44,133 INFO sqlalchemy.engine.Engine [cached since 58.95s ago] (15,)
2026-09-09 07:25:44,133 INFO sqlalchemy.engine.Engine ROLLBACK
INFO:     127.0.0.1:5472 - "GET /projets/15/fichiers HTTP/1.1" 200 OK
2026-09-09 07:25:44,236 INFO sqlalchemy.engine.Engine BEGIN (implicit)
2026-09-09 07:25:44,239 INFO sqlalchemy.engine.Engine SELECT projet.id, projet.nom, projet.description, projet.client_id, projet.responsable_id, projet.date_debut, projet.date_fin_prevue, projet.statut_sante, projet.avancement_pct, projet.archive, projet.cree_le, projet.modifie_le 
FROM projet 
WHERE projet.id = $1::INTEGER
2026-09-09 07:25:44,240 INFO sqlalchemy.engine.Engine [cached since 64.14s ago] (2,)
2026-09-09 07:25:44,252 INFO sqlalchemy.engine.Engine SELECT fichier.id, fichier.projet_id, fichier.nom, fichier.chemin_ou_url, fichier.type_mime, fichier.taille_octets, fichier.televerse_par, fichier.cree_le, utilisateur.id AS id_1, utilisateur.nom AS nom_1, utilisateur.prenom, utilisateur.email, utilisateur.mot_de_passe_hash, utilisateur.role, utilisateur.client_id, utilisateur.metier, utilisateur.actif, utilisateur.cree_le AS cree_le_1 
FROM fichier LEFT OUTER JOIN utilisateur ON utilisateur.id = fichier.televerse_par 
WHERE fichier.projet_id = $1::INTEGER ORDER BY fichier.cree_le DESC
2026-09-09 07:25:44,252 INFO sqlalchemy.engine.Engine [cached since 59.07s ago] (2,)
2026-09-09 07:25:44,263 INFO sqlalchemy.engine.Engine ROLLBACK
INFO:     127.0.0.1:14225 - "GET /projets/2/fichiers HTTP/1.1" 200 OK
2026-09-09 07:25:44,270 INFO sqlalchemy.engine.Engine BEGIN (implicit)
2026-09-09 07:25:44,270 INFO sqlalchemy.engine.Engine SELECT projet.id, projet.nom, projet.description, projet.client_id, projet.responsable_id, projet.date_debut, projet.date_fin_prevue, projet.statut_sante, projet.avancement_pct, projet.archive, projet.cree_le, projet.modifie_le 
FROM projet 
WHERE projet.id = $1::INTEGER
2026-09-09 07:25:44,270 INFO sqlalchemy.engine.Engine [cached since 64.17s ago] (2,)
2026-09-09 07:25:44,270 INFO sqlalchemy.engine.Engine SELECT fichier.id, fichier.projet_id, fichier.nom, fichier.chemin_ou_url, fichier.type_mime, fichier.taille_octets, fichier.televerse_par, fichier.cree_le, utilisateur.id AS id_1, utilisateur.nom AS nom_1, utilisateur.prenom, utilisateur.email, utilisateur.mot_de_passe_hash, utilisateur.role, utilisateur.client_id, utilisateur.metier, utilisateur.actif, utilisateur.cree_le AS cree_le_1 
FROM fichier LEFT OUTER JOIN utilisateur ON utilisateur.id = fichier.televerse_par 
WHERE fichier.projet_id = $1::INTEGER ORDER BY fichier.cree_le DESC
2026-09-09 07:25:44,270 INFO sqlalchemy.engine.Engine [cached since 59.09s ago] (2,)
2026-09-09 07:25:44,270 INFO sqlalchemy.engine.Engine ROLLBACK
INFO:     127.0.0.1:14225 - "GET /projets/2/fichiers HTTP/1.1" 200 OK
2026-09-09 07:26:02,535 INFO sqlalchemy.engine.Engine BEGIN (implicit)
2026-09-09 07:26:02,535 INFO sqlalchemy.engine.Engine SELECT count(notification.id) AS count_1 
FROM notification 
WHERE notification.destinataire_id = $1::INTEGER AND notification.lu = false
2026-09-09 07:26:02,535 INFO sqlalchemy.engine.Engine [cached since 253s ago] (14,)
2026-09-09 07:26:02,535 INFO sqlalchemy.engine.Engine ROLLBACK
INFO:     127.0.0.1:8917 - "GET /notifications/count HTTP/1.1" 200 OK
2026-09-09 07:26:32,225 INFO sqlalchemy.engine.Engine BEGIN (implicit)
2026-09-09 07:26:32,225 INFO sqlalchemy.engine.Engine SELECT count(notification.id) AS count_1 
FROM notification 
WHERE notification.destinataire_id = $1::INTEGER AND notification.lu = false
2026-09-09 07:26:32,225 INFO sqlalchemy.engine.Engine [cached since 282.7s ago] (14,)
2026-09-09 07:26:32,225 INFO sqlalchemy.engine.Engine ROLLBACK
INFO:     127.0.0.1:7144 - "GET /notifications/count HTTP/1.1" 200 OK
2026-09-09 07:27:02,535 INFO sqlalchemy.engine.Engine BEGIN (implicit)
2026-09-09 07:27:02,535 INFO sqlalchemy.engine.Engine SELECT count(notification.id) AS count_1 
FROM notification 
WHERE notification.destinataire_id = $1::INTEGER AND notification.lu = false
2026-09-09 07:27:02,536 INFO sqlalchemy.engine.Engine [cached since 313s ago] (14,)
2026-09-09 07:27:02,538 INFO sqlalchemy.engine.Engine ROLLBACK
INFO:     127.0.0.1:2933 - "GET /notifications/count HTTP/1.1" 200 OK
2026-09-09 07:27:32,228 INFO sqlalchemy.engine.Engine BEGIN (implicit)
2026-09-09 07:27:32,229 INFO sqlalchemy.engine.Engine SELECT count(notification.id) AS count_1 
FROM notification 
WHERE notification.destinataire_id = $1::INTEGER AND notification.lu = false
2026-09-09 07:27:32,229 INFO sqlalchemy.engine.Engine [cached since 342.7s ago] (14,)
2026-09-09 07:27:32,231 INFO sqlalchemy.engine.Engine ROLLBACK
INFO:     127.0.0.1:14894 - "GET /notifications/count HTTP/1.1" 200 OK
2026-09-09 07:28:02,535 INFO sqlalchemy.engine.Engine BEGIN (implicit)
2026-09-09 07:28:02,535 INFO sqlalchemy.engine.Engine SELECT count(notification.id) AS count_1 
FROM notification 
WHERE notification.destinataire_id = $1::INTEGER AND notification.lu = false
2026-09-09 07:28:02,535 INFO sqlalchemy.engine.Engine [cached since 373s ago] (14,)
2026-09-09 07:28:02,535 INFO sqlalchemy.engine.Engine ROLLBACK
INFO:     127.0.0.1:3253 - "GET /notifications/count HTTP/1.1" 200 OK
2026-09-09 07:28:32,228 INFO sqlalchemy.engine.Engine BEGIN (implicit)
2026-09-09 07:28:32,228 INFO sqlalchemy.engine.Engine SELECT count(notification.id) AS count_1 
FROM notification 
WHERE notification.destinataire_id = $1::INTEGER AND notification.lu = false
2026-09-09 07:28:32,228 INFO sqlalchemy.engine.Engine [cached since 402.7s ago] (14,)
2026-09-09 07:28:32,228 INFO sqlalchemy.engine.Engine ROLLBACK
INFO:     127.0.0.1:3429 - "GET /notifications/count HTTP/1.1" 200 OK
2026-09-09 07:29:49,543 INFO sqlalchemy.engine.Engine BEGIN (implicit)
2026-09-09 07:29:49,546 INFO sqlalchemy.engine.Engine SELECT count(notification.id) AS count_1 
FROM notification 
WHERE notification.destinataire_id = $1::INTEGER AND notification.lu = false
2026-09-09 07:29:49,546 INFO sqlalchemy.engine.Engine [cached since 480s ago] (14,)
2026-09-09 07:29:49,546 INFO sqlalchemy.engine.Engine ROLLBACK
INFO:     127.0.0.1:1121 - "GET /notifications/count HTTP/1.1" 200 OK
2026-09-09 07:30:49,226 INFO sqlalchemy.engine.Engine BEGIN (implicit)
2026-09-09 07:30:49,228 INFO sqlalchemy.engine.Engine SELECT count(notification.id) AS count_1 
FROM notification 
WHERE notification.destinataire_id = $1::INTEGER AND notification.lu = false
2026-09-09 07:30:49,228 INFO sqlalchemy.engine.Engine [cached since 539.7s ago] (14,)
2026-09-09 07:30:49,231 INFO sqlalchemy.engine.Engine ROLLBACK
INFO:     127.0.0.1:12332 - "GET /notifications/count HTTP/1.1" 200 OK
2026-09-09 07:31:49,527 INFO sqlalchemy.engine.Engine BEGIN (implicit)
2026-09-09 07:31:49,527 INFO sqlalchemy.engine.Engine SELECT count(notification.id) AS count_1 
FROM notification 
WHERE notification.destinataire_id = $1::INTEGER AND notification.lu = false
2026-09-09 07:31:49,527 INFO sqlalchemy.engine.Engine [cached since 600s ago] (14,)
2026-09-09 07:31:49,537 INFO sqlalchemy.engine.Engine ROLLBACK
INFO:     127.0.0.1:3193 - "GET /notifications/count HTTP/1.1" 200 OK
2026-09-09 07:32:49,221 INFO sqlalchemy.engine.Engine BEGIN (implicit)
2026-09-09 07:32:49,222 INFO sqlalchemy.engine.Engine SELECT count(notification.id) AS count_1 
FROM notification 
WHERE notification.destinataire_id = $1::INTEGER AND notification.lu = false
2026-09-09 07:32:49,223 INFO sqlalchemy.engine.Engine [cached since 659.7s ago] (14,)
2026-09-09 07:32:49,224 INFO sqlalchemy.engine.Engine ROLLBACK
INFO:     127.0.0.1:10850 - "GET /notifications/count HTTP/1.1" 200 OK
2026-09-09 07:33:49,533 INFO sqlalchemy.engine.Engine BEGIN (implicit)
2026-09-09 07:33:49,534 INFO sqlalchemy.engine.Engine SELECT count(notification.id) AS count_1 
FROM notification 
WHERE notification.destinataire_id = $1::INTEGER AND notification.lu = false
2026-09-09 07:33:49,534 INFO sqlalchemy.engine.Engine [cached since 720s ago] (14,)
2026-09-09 07:33:49,536 INFO sqlalchemy.engine.Engine ROLLBACK
INFO:     127.0.0.1:6985 - "GET /notifications/count HTTP/1.1" 200 OK
INFO:     127.0.0.1:3684 - "OPTIONS /notifications/count HTTP/1.1" 200 OK
INFO:     127.0.0.1:3684 - "OPTIONS /auth/me HTTP/1.1" 200 OK
INFO:     127.0.0.1:3684 - "OPTIONS /auth/me HTTP/1.1" 200 OK
2026-09-09 07:35:18,323 INFO sqlalchemy.engine.Engine BEGIN (implicit)
2026-09-09 07:35:18,323 INFO sqlalchemy.engine.Engine SELECT utilisateur.id, utilisateur.nom, utilisateur.prenom, utilisateur.email, utilisateur.mot_de_passe_hash, utilisateur.role, utilisateur.client_id, utilisateur.metier, utilisateur.actif, utilisateur.cree_le 
FROM utilisateur 
WHERE utilisateur.id = $1::INTEGER
2026-09-09 07:35:18,323 INFO sqlalchemy.engine.Engine [cached since 746.1s ago] (14,)
2026-09-09 07:35:18,331 INFO sqlalchemy.engine.Engine ROLLBACK
INFO:     127.0.0.1:3684 - "GET /auth/me HTTP/1.1" 200 OK
2026-09-09 07:35:18,338 INFO sqlalchemy.engine.Engine BEGIN (implicit)
2026-09-09 07:35:18,338 INFO sqlalchemy.engine.Engine SELECT utilisateur.id, utilisateur.nom, utilisateur.prenom, utilisateur.email, utilisateur.mot_de_passe_hash, utilisateur.role, utilisateur.client_id, utilisateur.metier, utilisateur.actif, utilisateur.cree_le 
FROM utilisateur 
WHERE utilisateur.id = $1::INTEGER
2026-09-09 07:35:18,338 INFO sqlalchemy.engine.Engine [cached since 746.1s ago] (14,)
2026-09-09 07:35:18,342 INFO sqlalchemy.engine.Engine ROLLBACK
INFO:     127.0.0.1:3684 - "GET /auth/me HTTP/1.1" 200 OK
2026-09-09 07:35:18,390 INFO sqlalchemy.engine.Engine BEGIN (implicit)
2026-09-09 07:35:18,398 INFO sqlalchemy.engine.Engine SELECT count(notification.id) AS count_1 
FROM notification 
WHERE notification.destinataire_id = $1::INTEGER AND notification.lu = false
2026-09-09 07:35:18,398 INFO sqlalchemy.engine.Engine [cached since 808.8s ago] (14,)
2026-09-09 07:35:18,401 INFO sqlalchemy.engine.Engine ROLLBACK
INFO:     127.0.0.1:3684 - "GET /notifications/count HTTP/1.1" 200 OK
2026-09-09 07:35:18,405 INFO sqlalchemy.engine.Engine BEGIN (implicit)
2026-09-09 07:35:18,405 INFO sqlalchemy.engine.Engine SELECT projet.id, projet.nom, projet.description, projet.client_id, projet.responsable_id, projet.date_debut, projet.date_fin_prevue, projet.statut_sante, projet.avancement_pct, projet.archive, projet.cree_le, projet.modifie_le 
FROM projet 
WHERE projet.client_id = $1::INTEGER AND projet.archive = false ORDER BY projet.cree_le DESC
2026-09-09 07:35:18,406 INFO sqlalchemy.engine.Engine [cached since 586.6s ago] (1,)
2026-09-09 07:35:18,408 INFO sqlalchemy.engine.Engine ROLLBACK
INFO:     127.0.0.1:3684 - "GET /client/projets HTTP/1.1" 200 OK
2026-09-09 07:35:18,411 INFO sqlalchemy.engine.Engine BEGIN (implicit)
2026-09-09 07:35:18,411 INFO sqlalchemy.engine.Engine SELECT count(notification.id) AS count_1 
FROM notification 
WHERE notification.destinataire_id = $1::INTEGER AND notification.lu = false
2026-09-09 07:35:18,411 INFO sqlalchemy.engine.Engine [cached since 808.8s ago] (14,)
2026-09-09 07:35:18,411 INFO sqlalchemy.engine.Engine ROLLBACK
INFO:     127.0.0.1:3684 - "GET /notifications/count HTTP/1.1" 200 OK
2026-09-09 07:35:18,417 INFO sqlalchemy.engine.Engine BEGIN (implicit)
2026-09-09 07:35:18,417 INFO sqlalchemy.engine.Engine SELECT projet.id, projet.nom, projet.description, projet.client_id, projet.responsable_id, projet.date_debut, projet.date_fin_prevue, projet.statut_sante, projet.avancement_pct, projet.archive, projet.cree_le, projet.modifie_le 
FROM projet 
WHERE projet.client_id = $1::INTEGER AND projet.archive = false ORDER BY projet.cree_le DESC
2026-09-09 07:35:18,417 INFO sqlalchemy.engine.Engine [cached since 586.6s ago] (1,)
2026-09-09 07:35:18,417 INFO sqlalchemy.engine.Engine ROLLBACK
INFO:     127.0.0.1:3684 - "GET /client/projets HTTP/1.1" 200 OK
INFO:     127.0.0.1:3684 - "OPTIONS /projets/24/fichiers HTTP/1.1" 200 OK
2026-09-09 07:35:18,423 INFO sqlalchemy.engine.Engine BEGIN (implicit)
2026-09-09 07:35:18,423 INFO sqlalchemy.engine.Engine SELECT projet.id, projet.nom, projet.description, projet.client_id, projet.responsable_id, projet.date_debut, projet.date_fin_prevue, projet.statut_sante, projet.avancement_pct, projet.archive, projet.cree_le, projet.modifie_le 
FROM projet 
WHERE projet.id = $1::INTEGER
2026-09-09 07:35:18,423 INFO sqlalchemy.engine.Engine [cached since 638.3s ago] (22,)
2026-09-09 07:35:18,427 INFO sqlalchemy.engine.Engine SELECT fichier.id, fichier.projet_id, fichier.nom, fichier.chemin_ou_url, fichier.type_mime, fichier.taille_octets, fichier.televerse_par, fichier.cree_le, utilisateur.id AS id_1, utilisateur.nom AS nom_1, utilisateur.prenom, utilisateur.email, utilisateur.mot_de_passe_hash, utilisateur.role, utilisateur.client_id, utilisateur.metier, utilisateur.actif, utilisateur.cree_le AS cree_le_1 
FROM fichier LEFT OUTER JOIN utilisateur ON utilisateur.id = fichier.televerse_par 
WHERE fichier.projet_id = $1::INTEGER ORDER BY fichier.cree_le DESC
2026-09-09 07:35:18,427 INFO sqlalchemy.engine.Engine [cached since 633.2s ago] (22,)
2026-09-09 07:35:18,427 INFO sqlalchemy.engine.Engine ROLLBACK
INFO:     127.0.0.1:3684 - "GET /projets/22/fichiers HTTP/1.1" 200 OK
2026-09-09 07:35:18,427 INFO sqlalchemy.engine.Engine BEGIN (implicit)
2026-09-09 07:35:18,432 INFO sqlalchemy.engine.Engine SELECT projet.id, projet.nom, projet.description, projet.client_id, projet.responsable_id, projet.date_debut, projet.date_fin_prevue, projet.statut_sante, projet.avancement_pct, projet.archive, projet.cree_le, projet.modifie_le 
FROM projet 
WHERE projet.id = $1::INTEGER
2026-09-09 07:35:18,432 INFO sqlalchemy.engine.Engine [cached since 638.3s ago] (15,)
2026-09-09 07:35:18,432 INFO sqlalchemy.engine.Engine SELECT fichier.id, fichier.projet_id, fichier.nom, fichier.chemin_ou_url, fichier.type_mime, fichier.taille_octets, fichier.televerse_par, fichier.cree_le, utilisateur.id AS id_1, utilisateur.nom AS nom_1, utilisateur.prenom, utilisateur.email, utilisateur.mot_de_passe_hash, utilisateur.role, utilisateur.client_id, utilisateur.metier, utilisateur.actif, utilisateur.cree_le AS cree_le_1 
FROM fichier LEFT OUTER JOIN utilisateur ON utilisateur.id = fichier.televerse_par 
WHERE fichier.projet_id = $1::INTEGER ORDER BY fichier.cree_le DESC
2026-09-09 07:35:18,432 INFO sqlalchemy.engine.Engine [cached since 633.2s ago] (15,)
2026-09-09 07:35:18,432 INFO sqlalchemy.engine.Engine ROLLBACK
INFO:     127.0.0.1:3684 - "GET /projets/15/fichiers HTTP/1.1" 200 OK
2026-09-09 07:35:18,432 INFO sqlalchemy.engine.Engine BEGIN (implicit)
2026-09-09 07:35:18,438 INFO sqlalchemy.engine.Engine SELECT projet.id, projet.nom, projet.description, projet.client_id, projet.responsable_id, projet.date_debut, projet.date_fin_prevue, projet.statut_sante, projet.avancement_pct, projet.archive, projet.cree_le, projet.modifie_le 
FROM projet 
WHERE projet.id = $1::INTEGER
2026-09-09 07:35:18,438 INFO sqlalchemy.engine.Engine [cached since 638.3s ago] (2,)
2026-09-09 07:35:18,439 INFO sqlalchemy.engine.Engine SELECT fichier.id, fichier.projet_id, fichier.nom, fichier.chemin_ou_url, fichier.type_mime, fichier.taille_octets, fichier.televerse_par, fichier.cree_le, utilisateur.id AS id_1, utilisateur.nom AS nom_1, utilisateur.prenom, utilisateur.email, utilisateur.mot_de_passe_hash, utilisateur.role, utilisateur.client_id, utilisateur.metier, utilisateur.actif, utilisateur.cree_le AS cree_le_1 
FROM fichier LEFT OUTER JOIN utilisateur ON utilisateur.id = fichier.televerse_par 
WHERE fichier.projet_id = $1::INTEGER ORDER BY fichier.cree_le DESC
2026-09-09 07:35:18,439 INFO sqlalchemy.engine.Engine [cached since 633.3s ago] (2,)
2026-09-09 07:35:18,439 INFO sqlalchemy.engine.Engine ROLLBACK
INFO:     127.0.0.1:3684 - "GET /projets/2/fichiers HTTP/1.1" 200 OK
2026-09-09 07:35:18,442 INFO sqlalchemy.engine.Engine BEGIN (implicit)
2026-09-09 07:35:18,442 INFO sqlalchemy.engine.Engine SELECT projet.id, projet.nom, projet.description, projet.client_id, projet.responsable_id, projet.date_debut, projet.date_fin_prevue, projet.statut_sante, projet.avancement_pct, projet.archive, projet.cree_le, projet.modifie_le 
FROM projet 
WHERE projet.id = $1::INTEGER
2026-09-09 07:35:18,442 INFO sqlalchemy.engine.Engine [cached since 638.3s ago] (1,)
2026-09-09 07:35:18,442 INFO sqlalchemy.engine.Engine SELECT fichier.id, fichier.projet_id, fichier.nom, fichier.chemin_ou_url, fichier.type_mime, fichier.taille_octets, fichier.televerse_par, fichier.cree_le, utilisateur.id AS id_1, utilisateur.nom AS nom_1, utilisateur.prenom, utilisateur.email, utilisateur.mot_de_passe_hash, utilisateur.role, utilisateur.client_id, utilisateur.metier, utilisateur.actif, utilisateur.cree_le AS cree_le_1 
FROM fichier LEFT OUTER JOIN utilisateur ON utilisateur.id = fichier.televerse_par 
WHERE fichier.projet_id = $1::INTEGER ORDER BY fichier.cree_le DESC
2026-09-09 07:35:18,442 INFO sqlalchemy.engine.Engine [cached since 633.3s ago] (1,)
2026-09-09 07:35:18,442 INFO sqlalchemy.engine.Engine ROLLBACK
INFO:     127.0.0.1:3684 - "GET /projets/1/fichiers HTTP/1.1" 200 OK
2026-09-09 07:35:18,442 INFO sqlalchemy.engine.Engine BEGIN (implicit)
2026-09-09 07:35:18,442 INFO sqlalchemy.engine.Engine SELECT projet.id, projet.nom, projet.description, projet.client_id, projet.responsable_id, projet.date_debut, projet.date_fin_prevue, projet.statut_sante, projet.avancement_pct, projet.archive, projet.cree_le, projet.modifie_le 
FROM projet 
WHERE projet.id = $1::INTEGER
2026-09-09 07:35:18,442 INFO sqlalchemy.engine.Engine [cached since 638.4s ago] (24,)
2026-09-09 07:35:18,453 INFO sqlalchemy.engine.Engine SELECT fichier.id, fichier.projet_id, fichier.nom, fichier.chemin_ou_url, fichier.type_mime, fichier.taille_octets, fichier.televerse_par, fichier.cree_le, utilisateur.id AS id_1, utilisateur.nom AS nom_1, utilisateur.prenom, utilisateur.email, utilisateur.mot_de_passe_hash, utilisateur.role, utilisateur.client_id, utilisateur.metier, utilisateur.actif, utilisateur.cree_le AS cree_le_1 
FROM fichier LEFT OUTER JOIN utilisateur ON utilisateur.id = fichier.televerse_par 
WHERE fichier.projet_id = $1::INTEGER ORDER BY fichier.cree_le DESC
2026-09-09 07:35:18,453 INFO sqlalchemy.engine.Engine [cached since 633.3s ago] (24,)
2026-09-09 07:35:18,455 INFO sqlalchemy.engine.Engine ROLLBACK
INFO:     127.0.0.1:3684 - "GET /projets/24/fichiers HTTP/1.1" 200 OK
2026-09-09 07:35:18,456 INFO sqlalchemy.engine.Engine BEGIN (implicit)
2026-09-09 07:35:18,456 INFO sqlalchemy.engine.Engine SELECT projet.id, projet.nom, projet.description, projet.client_id, projet.responsable_id, projet.date_debut, projet.date_fin_prevue, projet.statut_sante, projet.avancement_pct, projet.archive, projet.cree_le, projet.modifie_le 
FROM projet 
WHERE projet.id = $1::INTEGER
2026-09-09 07:35:18,456 INFO sqlalchemy.engine.Engine [cached since 638.4s ago] (22,)
2026-09-09 07:35:18,456 INFO sqlalchemy.engine.Engine SELECT fichier.id, fichier.projet_id, fichier.nom, fichier.chemin_ou_url, fichier.type_mime, fichier.taille_octets, fichier.televerse_par, fichier.cree_le, utilisateur.id AS id_1, utilisateur.nom AS nom_1, utilisateur.prenom, utilisateur.email, utilisateur.mot_de_passe_hash, utilisateur.role, utilisateur.client_id, utilisateur.metier, utilisateur.actif, utilisateur.cree_le AS cree_le_1 
FROM fichier LEFT OUTER JOIN utilisateur ON utilisateur.id = fichier.televerse_par 
WHERE fichier.projet_id = $1::INTEGER ORDER BY fichier.cree_le DESC
2026-09-09 07:35:18,456 INFO sqlalchemy.engine.Engine [cached since 633.3s ago] (22,)
2026-09-09 07:35:18,456 INFO sqlalchemy.engine.Engine ROLLBACK
INFO:     127.0.0.1:3684 - "GET /projets/22/fichiers HTTP/1.1" 200 OK
2026-09-09 07:35:18,463 INFO sqlalchemy.engine.Engine BEGIN (implicit)
2026-09-09 07:35:18,463 INFO sqlalchemy.engine.Engine SELECT projet.id, projet.nom, projet.description, projet.client_id, projet.responsable_id, projet.date_debut, projet.date_fin_prevue, projet.statut_sante, projet.avancement_pct, projet.archive, projet.cree_le, projet.modifie_le 
FROM projet 
WHERE projet.id = $1::INTEGER
2026-09-09 07:35:18,463 INFO sqlalchemy.engine.Engine [cached since 638.4s ago] (15,)
2026-09-09 07:35:18,463 INFO sqlalchemy.engine.Engine SELECT fichier.id, fichier.projet_id, fichier.nom, fichier.chemin_ou_url, fichier.type_mime, fichier.taille_octets, fichier.televerse_par, fichier.cree_le, utilisateur.id AS id_1, utilisateur.nom AS nom_1, utilisateur.prenom, utilisateur.email, utilisateur.mot_de_passe_hash, utilisateur.role, utilisateur.client_id, utilisateur.metier, utilisateur.actif, utilisateur.cree_le AS cree_le_1 
FROM fichier LEFT OUTER JOIN utilisateur ON utilisateur.id = fichier.televerse_par 
WHERE fichier.projet_id = $1::INTEGER ORDER BY fichier.cree_le DESC
2026-09-09 07:35:18,463 INFO sqlalchemy.engine.Engine [cached since 633.3s ago] (15,)
2026-09-09 07:35:18,463 INFO sqlalchemy.engine.Engine ROLLBACK
INFO:     127.0.0.1:3684 - "GET /projets/15/fichiers HTTP/1.1" 200 OK
2026-09-09 07:35:18,467 INFO sqlalchemy.engine.Engine BEGIN (implicit)
2026-09-09 07:35:18,467 INFO sqlalchemy.engine.Engine SELECT projet.id, projet.nom, projet.description, projet.client_id, projet.responsable_id, projet.date_debut, projet.date_fin_prevue, projet.statut_sante, projet.avancement_pct, projet.archive, projet.cree_le, projet.modifie_le 
FROM projet 
WHERE projet.id = $1::INTEGER
2026-09-09 07:35:18,467 INFO sqlalchemy.engine.Engine [cached since 638.4s ago] (2,)
2026-09-09 07:35:18,467 INFO sqlalchemy.engine.Engine SELECT fichier.id, fichier.projet_id, fichier.nom, fichier.chemin_ou_url, fichier.type_mime, fichier.taille_octets, fichier.televerse_par, fichier.cree_le, utilisateur.id AS id_1, utilisateur.nom AS nom_1, utilisateur.prenom, utilisateur.email, utilisateur.mot_de_passe_hash, utilisateur.role, utilisateur.client_id, utilisateur.metier, utilisateur.actif, utilisateur.cree_le AS cree_le_1 
FROM fichier LEFT OUTER JOIN utilisateur ON utilisateur.id = fichier.televerse_par 
WHERE fichier.projet_id = $1::INTEGER ORDER BY fichier.cree_le DESC
2026-09-09 07:35:18,472 INFO sqlalchemy.engine.Engine [cached since 633.3s ago] (2,)
2026-09-09 07:35:18,473 INFO sqlalchemy.engine.Engine ROLLBACK
INFO:     127.0.0.1:3684 - "GET /projets/2/fichiers HTTP/1.1" 200 OK
2026-09-09 07:35:18,474 INFO sqlalchemy.engine.Engine BEGIN (implicit)
2026-09-09 07:35:18,474 INFO sqlalchemy.engine.Engine SELECT projet.id, projet.nom, projet.description, projet.client_id, projet.responsable_id, projet.date_debut, projet.date_fin_prevue, projet.statut_sante, projet.avancement_pct, projet.archive, projet.cree_le, projet.modifie_le 
FROM projet 
WHERE projet.id = $1::INTEGER
2026-09-09 07:35:18,474 INFO sqlalchemy.engine.Engine [cached since 638.4s ago] (1,)
2026-09-09 07:35:18,474 INFO sqlalchemy.engine.Engine SELECT fichier.id, fichier.projet_id, fichier.nom, fichier.chemin_ou_url, fichier.type_mime, fichier.taille_octets, fichier.televerse_par, fichier.cree_le, utilisateur.id AS id_1, utilisateur.nom AS nom_1, utilisateur.prenom, utilisateur.email, utilisateur.mot_de_passe_hash, utilisateur.role, utilisateur.client_id, utilisateur.metier, utilisateur.actif, utilisateur.cree_le AS cree_le_1 
FROM fichier LEFT OUTER JOIN utilisateur ON utilisateur.id = fichier.televerse_par 
WHERE fichier.projet_id = $1::INTEGER ORDER BY fichier.cree_le DESC
2026-09-09 07:35:18,474 INFO sqlalchemy.engine.Engine [cached since 633.3s ago] (1,)
2026-09-09 07:35:18,474 INFO sqlalchemy.engine.Engine ROLLBACK
INFO:     127.0.0.1:3684 - "GET /projets/1/fichiers HTTP/1.1" 200 OK
2026-09-09 07:35:18,474 INFO sqlalchemy.engine.Engine BEGIN (implicit)
2026-09-09 07:35:18,474 INFO sqlalchemy.engine.Engine SELECT projet.id, projet.nom, projet.description, projet.client_id, projet.responsable_id, projet.date_debut, projet.date_fin_prevue, projet.statut_sante, projet.avancement_pct, projet.archive, projet.cree_le, projet.modifie_le 
FROM projet 
WHERE projet.id = $1::INTEGER
2026-09-09 07:35:18,474 INFO sqlalchemy.engine.Engine [cached since 638.4s ago] (24,)
2026-09-09 07:35:18,474 INFO sqlalchemy.engine.Engine SELECT fichier.id, fichier.projet_id, fichier.nom, fichier.chemin_ou_url, fichier.type_mime, fichier.taille_octets, fichier.televerse_par, fichier.cree_le, utilisateur.id AS id_1, utilisateur.nom AS nom_1, utilisateur.prenom, utilisateur.email, utilisateur.mot_de_passe_hash, utilisateur.role, utilisateur.client_id, utilisateur.metier, utilisateur.actif, utilisateur.cree_le AS cree_le_1 
FROM fichier LEFT OUTER JOIN utilisateur ON utilisateur.id = fichier.televerse_par 
WHERE fichier.projet_id = $1::INTEGER ORDER BY fichier.cree_le DESC
2026-09-09 07:35:18,474 INFO sqlalchemy.engine.Engine [cached since 633.3s ago] (24,)
2026-09-09 07:35:18,474 INFO sqlalchemy.engine.Engine ROLLBACK
INFO:     127.0.0.1:3684 - "GET /projets/24/fichiers HTTP/1.1" 200 OK
2026-09-09 07:35:49,219 INFO sqlalchemy.engine.Engine BEGIN (implicit)
2026-09-09 07:35:49,221 INFO sqlalchemy.engine.Engine SELECT count(notification.id) AS count_1 
FROM notification 
WHERE notification.destinataire_id = $1::INTEGER AND notification.lu = false
2026-09-09 07:35:49,221 INFO sqlalchemy.engine.Engine [cached since 839.6s ago] (14,)
2026-09-09 07:35:49,223 INFO sqlalchemy.engine.Engine ROLLBACK
INFO:     127.0.0.1:4255 - "GET /notifications/count HTTP/1.1" 200 OK
2026-09-09 07:36:19,527 INFO sqlalchemy.engine.Engine BEGIN (implicit)
2026-09-09 07:36:19,527 INFO sqlalchemy.engine.Engine SELECT count(notification.id) AS count_1 
FROM notification 
WHERE notification.destinataire_id = $1::INTEGER AND notification.lu = false
2026-09-09 07:36:19,527 INFO sqlalchemy.engine.Engine [cached since 870s ago] (14,)
2026-09-09 07:36:19,530 INFO sqlalchemy.engine.Engine ROLLBACK
INFO:     127.0.0.1:5524 - "GET /notifications/count HTTP/1.1" 200 OK
2026-09-09 07:36:49,223 INFO sqlalchemy.engine.Engine BEGIN (implicit)
2026-09-09 07:36:49,225 INFO sqlalchemy.engine.Engine SELECT count(notification.id) AS count_1 
FROM notification 
WHERE notification.destinataire_id = $1::INTEGER AND notification.lu = false
2026-09-09 07:36:49,225 INFO sqlalchemy.engine.Engine [cached since 899.7s ago] (14,)
2026-09-09 07:36:49,225 INFO sqlalchemy.engine.Engine ROLLBACK
INFO:     127.0.0.1:11300 - "GET /notifications/count HTTP/1.1" 200 OK
2026-09-09 07:37:19,536 INFO sqlalchemy.engine.Engine BEGIN (implicit)
2026-09-09 07:37:19,537 INFO sqlalchemy.engine.Engine SELECT count(notification.id) AS count_1 
FROM notification 
WHERE notification.destinataire_id = $1::INTEGER AND notification.lu = false
2026-09-09 07:37:19,538 INFO sqlalchemy.engine.Engine [cached since 930s ago] (14,)
2026-09-09 07:37:19,539 INFO sqlalchemy.engine.Engine ROLLBACK
INFO:     127.0.0.1:7335 - "GET /notifications/count HTTP/1.1" 200 OK
2026-09-09 07:37:49,225 INFO sqlalchemy.engine.Engine BEGIN (implicit)
2026-09-09 07:37:49,227 INFO sqlalchemy.engine.Engine SELECT count(notification.id) AS count_1 
FROM notification 
WHERE notification.destinataire_id = $1::INTEGER AND notification.lu = false
2026-09-09 07:37:49,227 INFO sqlalchemy.engine.Engine [cached since 959.7s ago] (14,)
2026-09-09 07:37:49,231 INFO sqlalchemy.engine.Engine ROLLBACK
INFO:     127.0.0.1:13899 - "GET /notifications/count HTTP/1.1" 200 OK
2026-09-09 07:38:19,524 INFO sqlalchemy.engine.Engine BEGIN (implicit)
2026-09-09 07:38:19,524 INFO sqlalchemy.engine.Engine SELECT count(notification.id) AS count_1 
FROM notification 
WHERE notification.destinataire_id = $1::INTEGER AND notification.lu = false
2026-09-09 07:38:19,533 INFO sqlalchemy.engine.Engine [cached since 990s ago] (14,)
2026-09-09 07:38:19,537 INFO sqlalchemy.engine.Engine ROLLBACK
INFO:     127.0.0.1:13415 - "GET /notifications/count HTTP/1.1" 200 OK
2026-09-09 07:38:49,235 INFO sqlalchemy.engine.Engine BEGIN (implicit)
2026-09-09 07:38:49,235 INFO sqlalchemy.engine.Engine SELECT count(notification.id) AS count_1 
FROM notification 
WHERE notification.destinataire_id = $1::INTEGER AND notification.lu = false
2026-09-09 07:38:49,235 INFO sqlalchemy.engine.Engine [cached since 1020s ago] (14,)
2026-09-09 07:38:49,235 INFO sqlalchemy.engine.Engine ROLLBACK
INFO:     127.0.0.1:11815 - "GET /notifications/count HTTP/1.1" 200 OK
INFO:     127.0.0.1:9894 - "OPTIONS /notifications/count HTTP/1.1" 200 OK
2026-09-09 07:55:58,291 INFO sqlalchemy.engine.Engine BEGIN (implicit)
2026-09-09 07:55:58,291 INFO sqlalchemy.engine.Engine SELECT count(notification.id) AS count_1 
FROM notification 
WHERE notification.destinataire_id = $1::INTEGER AND notification.lu = false
2026-09-09 07:55:58,292 INFO sqlalchemy.engine.Engine [cached since 2049s ago] (14,)
2026-09-09 07:55:58,293 INFO sqlalchemy.engine.Engine ROLLBACK
INFO:     127.0.0.1:9894 - "GET /notifications/count HTTP/1.1" 200 OK
INFO:     127.0.0.1:9894 - "OPTIONS /auth/me HTTP/1.1" 200 OK
2026-09-09 07:55:58,700 INFO sqlalchemy.engine.Engine BEGIN (implicit)
2026-09-09 07:55:58,702 INFO sqlalchemy.engine.Engine SELECT utilisateur.id, utilisateur.nom, utilisateur.prenom, utilisateur.email, utilisateur.mot_de_passe_hash, utilisateur.role, utilisateur.client_id, utilisateur.metier, utilisateur.actif, utilisateur.cree_le 
FROM utilisateur 
WHERE utilisateur.id = $1::INTEGER
2026-09-09 07:55:58,702 INFO sqlalchemy.engine.Engine [cached since 1986s ago] (14,)
2026-09-09 07:55:58,704 INFO sqlalchemy.engine.Engine ROLLBACK
INFO:     127.0.0.1:9894 - "GET /auth/me HTTP/1.1" 200 OK
2026-09-09 07:55:58,730 INFO sqlalchemy.engine.Engine BEGIN (implicit)
2026-09-09 07:55:58,730 INFO sqlalchemy.engine.Engine SELECT utilisateur.id, utilisateur.nom, utilisateur.prenom, utilisateur.email, utilisateur.mot_de_passe_hash, utilisateur.role, utilisateur.client_id, utilisateur.metier, utilisateur.actif, utilisateur.cree_le 
FROM utilisateur 
WHERE utilisateur.id = $1::INTEGER
2026-09-09 07:55:58,730 INFO sqlalchemy.engine.Engine [cached since 1986s ago] (14,)
2026-09-09 07:55:58,733 INFO sqlalchemy.engine.Engine ROLLBACK
INFO:     127.0.0.1:9894 - "GET /auth/me HTTP/1.1" 200 OK
2026-09-09 07:55:58,809 INFO sqlalchemy.engine.Engine BEGIN (implicit)
2026-09-09 07:55:58,811 INFO sqlalchemy.engine.Engine SELECT count(notification.id) AS count_1 
FROM notification 
WHERE notification.destinataire_id = $1::INTEGER AND notification.lu = false
2026-09-09 07:55:58,811 INFO sqlalchemy.engine.Engine [cached since 2049s ago] (14,)
INFO:     127.0.0.1:8484 - "OPTIONS /client/projets HTTP/1.1" 200 OK
2026-09-09 07:55:58,813 INFO sqlalchemy.engine.Engine ROLLBACK
INFO:     127.0.0.1:8484 - "OPTIONS /client/projets HTTP/1.1" 200 OK
INFO:     127.0.0.1:9894 - "GET /notifications/count HTTP/1.1" 200 OK
2026-09-09 07:55:58,819 INFO sqlalchemy.engine.Engine BEGIN (implicit)
2026-09-09 07:55:58,819 INFO sqlalchemy.engine.Engine SELECT projet.id, projet.nom, projet.description, projet.client_id, projet.responsable_id, projet.date_debut, projet.date_fin_prevue, projet.statut_sante, projet.avancement_pct, projet.archive, projet.cree_le, projet.modifie_le 
FROM projet 
WHERE projet.client_id = $1::INTEGER AND projet.archive = false ORDER BY projet.cree_le DESC
2026-09-09 07:55:58,819 INFO sqlalchemy.engine.Engine [cached since 1827s ago] (1,)
2026-09-09 07:55:58,821 INFO sqlalchemy.engine.Engine BEGIN (implicit)
2026-09-09 07:55:58,823 INFO sqlalchemy.engine.Engine SELECT count(notification.id) AS count_1 
FROM notification 
WHERE notification.destinataire_id = $1::INTEGER AND notification.lu = false
2026-09-09 07:55:58,823 INFO sqlalchemy.engine.Engine [cached since 2049s ago] (14,)
2026-09-09 07:55:58,825 INFO sqlalchemy.engine.Engine ROLLBACK
INFO:     127.0.0.1:9894 - "GET /notifications/count HTTP/1.1" 200 OK
2026-09-09 07:55:58,829 INFO sqlalchemy.engine.Engine ROLLBACK
INFO:     127.0.0.1:8484 - "GET /client/projets HTTP/1.1" 200 OK
2026-09-09 07:55:58,833 INFO sqlalchemy.engine.Engine BEGIN (implicit)
2026-09-09 07:55:58,833 INFO sqlalchemy.engine.Engine SELECT projet.id, projet.nom, projet.description, projet.client_id, projet.responsable_id, projet.date_debut, projet.date_fin_prevue, projet.statut_sante, projet.avancement_pct, projet.archive, projet.cree_le, projet.modifie_le 
FROM projet 
WHERE projet.client_id = $1::INTEGER AND projet.archive = false ORDER BY projet.cree_le DESC
2026-09-09 07:55:58,834 INFO sqlalchemy.engine.Engine [cached since 1827s ago] (1,)
2026-09-09 07:55:58,835 INFO sqlalchemy.engine.Engine ROLLBACK
INFO:     127.0.0.1:8484 - "GET /client/projets HTTP/1.1" 200 OK
INFO:     127.0.0.1:8484 - "OPTIONS /projets/24/fichiers HTTP/1.1" 200 OK
INFO:     127.0.0.1:9894 - "OPTIONS /projets/22/fichiers HTTP/1.1" 200 OK
2026-09-09 07:55:58,843 INFO sqlalchemy.engine.Engine BEGIN (implicit)
2026-09-09 07:55:58,845 INFO sqlalchemy.engine.Engine SELECT projet.id, projet.nom, projet.description, projet.client_id, projet.responsable_id, projet.date_debut, projet.date_fin_prevue, projet.statut_sante, projet.avancement_pct, projet.archive, projet.cree_le, projet.modifie_le 
FROM projet 
WHERE projet.id = $1::INTEGER
2026-09-09 07:55:58,845 INFO sqlalchemy.engine.Engine [cached since 1879s ago] (24,)
2026-09-09 07:55:58,847 INFO sqlalchemy.engine.Engine BEGIN (implicit)
2026-09-09 07:55:58,847 INFO sqlalchemy.engine.Engine SELECT projet.id, projet.nom, projet.description, projet.client_id, projet.responsable_id, projet.date_debut, projet.date_fin_prevue, projet.statut_sante, projet.avancement_pct, projet.archive, projet.cree_le, projet.modifie_le 
FROM projet 
WHERE projet.id = $1::INTEGER
2026-09-09 07:55:58,847 INFO sqlalchemy.engine.Engine [cached since 1879s ago] (22,)
2026-09-09 07:55:58,851 INFO sqlalchemy.engine.Engine SELECT fichier.id, fichier.projet_id, fichier.nom, fichier.chemin_ou_url, fichier.type_mime, fichier.taille_octets, fichier.televerse_par, fichier.cree_le, utilisateur.id AS id_1, utilisateur.nom AS nom_1, utilisateur.prenom, utilisateur.email, utilisateur.mot_de_passe_hash, utilisateur.role, utilisateur.client_id, utilisateur.metier, utilisateur.actif, utilisateur.cree_le AS cree_le_1 
FROM fichier LEFT OUTER JOIN utilisateur ON utilisateur.id = fichier.televerse_par 
WHERE fichier.projet_id = $1::INTEGER ORDER BY fichier.cree_le DESC
2026-09-09 07:55:58,852 INFO sqlalchemy.engine.Engine [cached since 1874s ago] (24,)
2026-09-09 07:55:58,854 INFO sqlalchemy.engine.Engine SELECT fichier.id, fichier.projet_id, fichier.nom, fichier.chemin_ou_url, fichier.type_mime, fichier.taille_octets, fichier.televerse_par, fichier.cree_le, utilisateur.id AS id_1, utilisateur.nom AS nom_1, utilisateur.prenom, utilisateur.email, utilisateur.mot_de_passe_hash, utilisateur.role, utilisateur.client_id, utilisateur.metier, utilisateur.actif, utilisateur.cree_le AS cree_le_1 
FROM fichier LEFT OUTER JOIN utilisateur ON utilisateur.id = fichier.televerse_par 
WHERE fichier.projet_id = $1::INTEGER ORDER BY fichier.cree_le DESC
2026-09-09 07:55:58,854 INFO sqlalchemy.engine.Engine [cached since 1874s ago] (22,)
2026-09-09 07:55:58,856 INFO sqlalchemy.engine.Engine ROLLBACK
2026-09-09 07:55:58,856 INFO sqlalchemy.engine.Engine ROLLBACK
INFO:     127.0.0.1:8484 - "GET /projets/24/fichiers HTTP/1.1" 200 OK
INFO:     127.0.0.1:9894 - "GET /projets/22/fichiers HTTP/1.1" 200 OK
INFO:     127.0.0.1:8484 - "OPTIONS /projets/15/fichiers HTTP/1.1" 200 OK
INFO:     127.0.0.1:9894 - "OPTIONS /projets/2/fichiers HTTP/1.1" 200 OK
INFO:     127.0.0.1:8484 - "OPTIONS /projets/1/fichiers HTTP/1.1" 200 OK
INFO:     127.0.0.1:9894 - "OPTIONS /projets/15/fichiers HTTP/1.1" 200 OK
INFO:     127.0.0.1:8484 - "OPTIONS /projets/2/fichiers HTTP/1.1" 200 OK
INFO:     127.0.0.1:9894 - "OPTIONS /projets/1/fichiers HTTP/1.1" 200 OK
2026-09-09 07:55:58,864 INFO sqlalchemy.engine.Engine BEGIN (implicit)
2026-09-09 07:55:58,866 INFO sqlalchemy.engine.Engine SELECT projet.id, projet.nom, projet.description, projet.client_id, projet.responsable_id, projet.date_debut, projet.date_fin_prevue, projet.statut_sante, projet.avancement_pct, projet.archive, projet.cree_le, projet.modifie_le 
FROM projet 
WHERE projet.id = $1::INTEGER
2026-09-09 07:55:58,866 INFO sqlalchemy.engine.Engine [cached since 1879s ago] (24,)
2026-09-09 07:55:58,868 INFO sqlalchemy.engine.Engine BEGIN (implicit)
2026-09-09 07:55:58,869 INFO sqlalchemy.engine.Engine SELECT projet.id, projet.nom, projet.description, projet.client_id, projet.responsable_id, projet.date_debut, projet.date_fin_prevue, projet.statut_sante, projet.avancement_pct, projet.archive, projet.cree_le, projet.modifie_le 
FROM projet 
WHERE projet.id = $1::INTEGER
2026-09-09 07:55:58,869 INFO sqlalchemy.engine.Engine [cached since 1879s ago] (22,)
2026-09-09 07:55:58,871 INFO sqlalchemy.engine.Engine SELECT fichier.id, fichier.projet_id, fichier.nom, fichier.chemin_ou_url, fichier.type_mime, fichier.taille_octets, fichier.televerse_par, fichier.cree_le, utilisateur.id AS id_1, utilisateur.nom AS nom_1, utilisateur.prenom, utilisateur.email, utilisateur.mot_de_passe_hash, utilisateur.role, utilisateur.client_id, utilisateur.metier, utilisateur.actif, utilisateur.cree_le AS cree_le_1 
FROM fichier LEFT OUTER JOIN utilisateur ON utilisateur.id = fichier.televerse_par 
WHERE fichier.projet_id = $1::INTEGER ORDER BY fichier.cree_le DESC
2026-09-09 07:55:58,871 INFO sqlalchemy.engine.Engine [cached since 1874s ago] (24,)
2026-09-09 07:55:58,873 INFO sqlalchemy.engine.Engine SELECT fichier.id, fichier.projet_id, fichier.nom, fichier.chemin_ou_url, fichier.type_mime, fichier.taille_octets, fichier.televerse_par, fichier.cree_le, utilisateur.id AS id_1, utilisateur.nom AS nom_1, utilisateur.prenom, utilisateur.email, utilisateur.mot_de_passe_hash, utilisateur.role, utilisateur.client_id, utilisateur.metier, utilisateur.actif, utilisateur.cree_le AS cree_le_1 
FROM fichier LEFT OUTER JOIN utilisateur ON utilisateur.id = fichier.televerse_par 
WHERE fichier.projet_id = $1::INTEGER ORDER BY fichier.cree_le DESC
2026-09-09 07:55:58,875 INFO sqlalchemy.engine.Engine [cached since 1874s ago] (22,)
2026-09-09 07:55:58,875 INFO sqlalchemy.engine.Engine ROLLBACK
2026-09-09 07:55:58,875 INFO sqlalchemy.engine.Engine ROLLBACK
INFO:     127.0.0.1:8484 - "GET /projets/24/fichiers HTTP/1.1" 200 OK
INFO:     127.0.0.1:9894 - "GET /projets/22/fichiers HTTP/1.1" 200 OK
2026-09-09 07:55:58,887 INFO sqlalchemy.engine.Engine BEGIN (implicit)
2026-09-09 07:55:58,887 INFO sqlalchemy.engine.Engine SELECT projet.id, projet.nom, projet.description, projet.client_id, projet.responsable_id, projet.date_debut, projet.date_fin_prevue, projet.statut_sante, projet.avancement_pct, projet.archive, projet.cree_le, projet.modifie_le 
FROM projet 
WHERE projet.id = $1::INTEGER
2026-09-09 07:55:58,887 INFO sqlalchemy.engine.Engine [cached since 1879s ago] (15,)
2026-09-09 07:55:58,889 INFO sqlalchemy.engine.Engine BEGIN (implicit)
2026-09-09 07:55:58,889 INFO sqlalchemy.engine.Engine SELECT projet.id, projet.nom, projet.description, projet.client_id, projet.responsable_id, projet.date_debut, projet.date_fin_prevue, projet.statut_sante, projet.avancement_pct, projet.archive, projet.cree_le, projet.modifie_le 
FROM projet 
WHERE projet.id = $1::INTEGER
2026-09-09 07:55:58,891 INFO sqlalchemy.engine.Engine [cached since 1879s ago] (2,)
2026-09-09 07:55:58,893 INFO sqlalchemy.engine.Engine SELECT fichier.id, fichier.projet_id, fichier.nom, fichier.chemin_ou_url, fichier.type_mime, fichier.taille_octets, fichier.televerse_par, fichier.cree_le, utilisateur.id AS id_1, utilisateur.nom AS nom_1, utilisateur.prenom, utilisateur.email, utilisateur.mot_de_passe_hash, utilisateur.role, utilisateur.client_id, utilisateur.metier, utilisateur.actif, utilisateur.cree_le AS cree_le_1 
FROM fichier LEFT OUTER JOIN utilisateur ON utilisateur.id = fichier.televerse_par 
WHERE fichier.projet_id = $1::INTEGER ORDER BY fichier.cree_le DESC
2026-09-09 07:55:58,893 INFO sqlalchemy.engine.Engine [cached since 1874s ago] (15,)
2026-09-09 07:55:58,895 INFO sqlalchemy.engine.Engine SELECT fichier.id, fichier.projet_id, fichier.nom, fichier.chemin_ou_url, fichier.type_mime, fichier.taille_octets, fichier.televerse_par, fichier.cree_le, utilisateur.id AS id_1, utilisateur.nom AS nom_1, utilisateur.prenom, utilisateur.email, utilisateur.mot_de_passe_hash, utilisateur.role, utilisateur.client_id, utilisateur.metier, utilisateur.actif, utilisateur.cree_le AS cree_le_1 
FROM fichier LEFT OUTER JOIN utilisateur ON utilisateur.id = fichier.televerse_par 
WHERE fichier.projet_id = $1::INTEGER ORDER BY fichier.cree_le DESC
2026-09-09 07:55:58,895 INFO sqlalchemy.engine.Engine [cached since 1874s ago] (2,)
2026-09-09 07:55:58,897 INFO sqlalchemy.engine.Engine ROLLBACK
2026-09-09 07:55:58,898 INFO sqlalchemy.engine.Engine ROLLBACK
INFO:     127.0.0.1:8484 - "GET /projets/15/fichiers HTTP/1.1" 200 OK
INFO:     127.0.0.1:9894 - "GET /projets/2/fichiers HTTP/1.1" 200 OK
2026-09-09 07:55:58,903 INFO sqlalchemy.engine.Engine BEGIN (implicit)
2026-09-09 07:55:58,903 INFO sqlalchemy.engine.Engine SELECT projet.id, projet.nom, projet.description, projet.client_id, projet.responsable_id, projet.date_debut, projet.date_fin_prevue, projet.statut_sante, projet.avancement_pct, projet.archive, projet.cree_le, projet.modifie_le 
FROM projet 
WHERE projet.id = $1::INTEGER
2026-09-09 07:55:58,903 INFO sqlalchemy.engine.Engine [cached since 1879s ago] (1,)
2026-09-09 07:55:58,905 INFO sqlalchemy.engine.Engine BEGIN (implicit)
2026-09-09 07:55:58,905 INFO sqlalchemy.engine.Engine SELECT projet.id, projet.nom, projet.description, projet.client_id, projet.responsable_id, projet.date_debut, projet.date_fin_prevue, projet.statut_sante, projet.avancement_pct, projet.archive, projet.cree_le, projet.modifie_le 
FROM projet 
WHERE projet.id = $1::INTEGER
2026-09-09 07:55:58,905 INFO sqlalchemy.engine.Engine [cached since 1879s ago] (15,)
2026-09-09 07:55:58,908 INFO sqlalchemy.engine.Engine SELECT fichier.id, fichier.projet_id, fichier.nom, fichier.chemin_ou_url, fichier.type_mime, fichier.taille_octets, fichier.televerse_par, fichier.cree_le, utilisateur.id AS id_1, utilisateur.nom AS nom_1, utilisateur.prenom, utilisateur.email, utilisateur.mot_de_passe_hash, utilisateur.role, utilisateur.client_id, utilisateur.metier, utilisateur.actif, utilisateur.cree_le AS cree_le_1 
FROM fichier LEFT OUTER JOIN utilisateur ON utilisateur.id = fichier.televerse_par 
WHERE fichier.projet_id = $1::INTEGER ORDER BY fichier.cree_le DESC
2026-09-09 07:55:58,908 INFO sqlalchemy.engine.Engine [cached since 1874s ago] (15,)
2026-09-09 07:55:58,910 INFO sqlalchemy.engine.Engine SELECT fichier.id, fichier.projet_id, fichier.nom, fichier.chemin_ou_url, fichier.type_mime, fichier.taille_octets, fichier.televerse_par, fichier.cree_le, utilisateur.id AS id_1, utilisateur.nom AS nom_1, utilisateur.prenom, utilisateur.email, utilisateur.mot_de_passe_hash, utilisateur.role, utilisateur.client_id, utilisateur.metier, utilisateur.actif, utilisateur.cree_le AS cree_le_1 
FROM fichier LEFT OUTER JOIN utilisateur ON utilisateur.id = fichier.televerse_par 
WHERE fichier.projet_id = $1::INTEGER ORDER BY fichier.cree_le DESC
2026-09-09 07:55:58,910 INFO sqlalchemy.engine.Engine [cached since 1874s ago] (1,)
2026-09-09 07:55:58,912 INFO sqlalchemy.engine.Engine ROLLBACK
2026-09-09 07:55:58,912 INFO sqlalchemy.engine.Engine ROLLBACK
INFO:     127.0.0.1:9894 - "GET /projets/15/fichiers HTTP/1.1" 200 OK
INFO:     127.0.0.1:8484 - "GET /projets/1/fichiers HTTP/1.1" 200 OK
2026-09-09 07:55:58,917 INFO sqlalchemy.engine.Engine BEGIN (implicit)
2026-09-09 07:55:58,918 INFO sqlalchemy.engine.Engine SELECT projet.id, projet.nom, projet.description, projet.client_id, projet.responsable_id, projet.date_debut, projet.date_fin_prevue, projet.statut_sante, projet.avancement_pct, projet.archive, projet.cree_le, projet.modifie_le 
FROM projet 
WHERE projet.id = $1::INTEGER
2026-09-09 07:55:58,919 INFO sqlalchemy.engine.Engine [cached since 1879s ago] (2,)
2026-09-09 07:55:58,919 INFO sqlalchemy.engine.Engine BEGIN (implicit)
2026-09-09 07:55:58,921 INFO sqlalchemy.engine.Engine SELECT projet.id, projet.nom, projet.description, projet.client_id, projet.responsable_id, projet.date_debut, projet.date_fin_prevue, projet.statut_sante, projet.avancement_pct, projet.archive, projet.cree_le, projet.modifie_le 
FROM projet 
WHERE projet.id = $1::INTEGER
2026-09-09 07:55:58,921 INFO sqlalchemy.engine.Engine [cached since 1879s ago] (1,)
2026-09-09 07:55:58,923 INFO sqlalchemy.engine.Engine SELECT fichier.id, fichier.projet_id, fichier.nom, fichier.chemin_ou_url, fichier.type_mime, fichier.taille_octets, fichier.televerse_par, fichier.cree_le, utilisateur.id AS id_1, utilisateur.nom AS nom_1, utilisateur.prenom, utilisateur.email, utilisateur.mot_de_passe_hash, utilisateur.role, utilisateur.client_id, utilisateur.metier, utilisateur.actif, utilisateur.cree_le AS cree_le_1 
FROM fichier LEFT OUTER JOIN utilisateur ON utilisateur.id = fichier.televerse_par 
WHERE fichier.projet_id = $1::INTEGER ORDER BY fichier.cree_le DESC
2026-09-09 07:55:58,923 INFO sqlalchemy.engine.Engine [cached since 1874s ago] (2,)
2026-09-09 07:55:58,925 INFO sqlalchemy.engine.Engine SELECT fichier.id, fichier.projet_id, fichier.nom, fichier.chemin_ou_url, fichier.type_mime, fichier.taille_octets, fichier.televerse_par, fichier.cree_le, utilisateur.id AS id_1, utilisateur.nom AS nom_1, utilisateur.prenom, utilisateur.email, utilisateur.mot_de_passe_hash, utilisateur.role, utilisateur.client_id, utilisateur.metier, utilisateur.actif, utilisateur.cree_le AS cree_le_1 
FROM fichier LEFT OUTER JOIN utilisateur ON utilisateur.id = fichier.televerse_par 
WHERE fichier.projet_id = $1::INTEGER ORDER BY fichier.cree_le DESC
2026-09-09 07:55:58,927 INFO sqlalchemy.engine.Engine [cached since 1874s ago] (1,)
2026-09-09 07:55:58,927 INFO sqlalchemy.engine.Engine ROLLBACK
2026-09-09 07:55:58,929 INFO sqlalchemy.engine.Engine ROLLBACK
INFO:     127.0.0.1:9894 - "GET /projets/2/fichiers HTTP/1.1" 200 OK
INFO:     127.0.0.1:8484 - "GET /projets/1/fichiers HTTP/1.1" 200 OK
2026-09-09 07:56:29,543 INFO sqlalchemy.engine.Engine BEGIN (implicit)
2026-09-09 07:56:29,543 INFO sqlalchemy.engine.Engine SELECT count(notification.id) AS count_1 
FROM notification 
WHERE notification.destinataire_id = $1::INTEGER AND notification.lu = false
2026-09-09 07:56:29,543 INFO sqlalchemy.engine.Engine [cached since 2080s ago] (14,)
2026-09-09 07:56:29,543 INFO sqlalchemy.engine.Engine ROLLBACK
INFO:     127.0.0.1:2249 - "GET /notifications/count HTTP/1.1" 200 OK
2026-09-09 07:56:59,216 INFO sqlalchemy.engine.Engine BEGIN (implicit)
2026-09-09 07:56:59,218 INFO sqlalchemy.engine.Engine SELECT count(notification.id) AS count_1 
FROM notification 
WHERE notification.destinataire_id = $1::INTEGER AND notification.lu = false
2026-09-09 07:56:59,218 INFO sqlalchemy.engine.Engine [cached since 2110s ago] (14,)
2026-09-09 07:56:59,219 INFO sqlalchemy.engine.Engine ROLLBACK
INFO:     127.0.0.1:10607 - "GET /notifications/count HTTP/1.1" 200 OK
2026-09-09 07:57:29,540 INFO sqlalchemy.engine.Engine BEGIN (implicit)
2026-09-09 07:57:29,540 INFO sqlalchemy.engine.Engine SELECT count(notification.id) AS count_1 
FROM notification 
WHERE notification.destinataire_id = $1::INTEGER AND notification.lu = false
2026-09-09 07:57:29,540 INFO sqlalchemy.engine.Engine [cached since 2140s ago] (14,)
2026-09-09 07:57:29,540 INFO sqlalchemy.engine.Engine ROLLBACK
INFO:     127.0.0.1:14350 - "GET /notifications/count HTTP/1.1" 200 OK
2026-09-09 07:57:59,226 INFO sqlalchemy.engine.Engine BEGIN (implicit)
2026-09-09 07:57:59,226 INFO sqlalchemy.engine.Engine SELECT count(notification.id) AS count_1 
FROM notification 
WHERE notification.destinataire_id = $1::INTEGER AND notification.lu = false
2026-09-09 07:57:59,226 INFO sqlalchemy.engine.Engine [cached since 2170s ago] (14,)
2026-09-09 07:57:59,226 INFO sqlalchemy.engine.Engine ROLLBACK
INFO:     127.0.0.1:9385 - "GET /notifications/count HTTP/1.1" 200 OK
2026-09-09 07:58:29,525 INFO sqlalchemy.engine.Engine BEGIN (implicit)
2026-09-09 07:58:29,525 INFO sqlalchemy.engine.Engine SELECT count(notification.id) AS count_1 
FROM notification 
WHERE notification.destinataire_id = $1::INTEGER AND notification.lu = false
2026-09-09 07:58:29,525 INFO sqlalchemy.engine.Engine [cached since 2200s ago] (14,)
2026-09-09 07:58:29,525 INFO sqlalchemy.engine.Engine ROLLBACK
INFO:     127.0.0.1:7758 - "GET /notifications/count HTTP/1.1" 200 OK
2026-09-09 07:58:59,535 INFO sqlalchemy.engine.Engine BEGIN (implicit)
2026-09-09 07:58:59,535 INFO sqlalchemy.engine.Engine SELECT count(notification.id) AS count_1 
FROM notification 
WHERE notification.destinataire_id = $1::INTEGER AND notification.lu = false
2026-09-09 07:58:59,535 INFO sqlalchemy.engine.Engine [cached since 2230s ago] (14,)
2026-09-09 07:58:59,535 INFO sqlalchemy.engine.Engine ROLLBACK
INFO:     127.0.0.1:9791 - "GET /notifications/count HTTP/1.1" 200 OK
2026-09-09 07:59:29,227 INFO sqlalchemy.engine.Engine BEGIN (implicit)
2026-09-09 07:59:29,227 INFO sqlalchemy.engine.Engine SELECT count(notification.id) AS count_1 
FROM notification 
WHERE notification.destinataire_id = $1::INTEGER AND notification.lu = false
2026-09-09 07:59:29,227 INFO sqlalchemy.engine.Engine [cached since 2260s ago] (14,)
2026-09-09 07:59:29,238 INFO sqlalchemy.engine.Engine ROLLBACK
INFO:     127.0.0.1:14772 - "GET /notifications/count HTTP/1.1" 200 OK
2026-09-09 08:00:30,522 INFO sqlalchemy.engine.Engine BEGIN (implicit)
2026-09-09 08:00:30,522 INFO sqlalchemy.engine.Engine SELECT count(notification.id) AS count_1 
FROM notification 
WHERE notification.destinataire_id = $1::INTEGER AND notification.lu = false
2026-09-09 08:00:30,522 INFO sqlalchemy.engine.Engine [cached since 2321s ago] (14,)
2026-09-09 08:00:30,528 INFO sqlalchemy.engine.Engine ROLLBACK
INFO:     127.0.0.1:6383 - "GET /notifications/count HTTP/1.1" 200 OK
INFO:     127.0.0.1:8675 - "OPTIONS /notifications/count HTTP/1.1" 200 OK
INFO:     127.0.0.1:8675 - "GET /notifications/count HTTP/1.1" 401 Unauthorized
2026-09-09 08:37:46,561 INFO sqlalchemy.engine.Engine BEGIN (implicit)
2026-09-09 08:37:46,564 INFO sqlalchemy.engine.Engine SELECT utilisateur.id, utilisateur.nom, utilisateur.prenom, utilisateur.email, utilisateur.mot_de_passe_hash, utilisateur.role, utilisateur.client_id, utilisateur.metier, utilisateur.actif, utilisateur.cree_le 
FROM utilisateur 
WHERE utilisateur.email = $1::VARCHAR
2026-09-09 08:37:46,564 INFO sqlalchemy.engine.Engine [cached since 4335s ago] ('bienfe@gmail.com',)
2026-09-09 08:37:47,340 INFO sqlalchemy.engine.Engine ROLLBACK
INFO:     127.0.0.1:13935 - "POST /auth/login HTTP/1.1" 401 Unauthorized
2026-09-09 08:37:54,951 INFO sqlalchemy.engine.Engine BEGIN (implicit)
2026-09-09 08:37:54,951 INFO sqlalchemy.engine.Engine SELECT utilisateur.id, utilisateur.nom, utilisateur.prenom, utilisateur.email, utilisateur.mot_de_passe_hash, utilisateur.role, utilisateur.client_id, utilisateur.metier, utilisateur.actif, utilisateur.cree_le 
FROM utilisateur 
WHERE utilisateur.email = $1::VARCHAR
2026-09-09 08:37:54,951 INFO sqlalchemy.engine.Engine [cached since 4344s ago] ('bienfe@gmail.com',)
2026-09-09 08:37:55,656 INFO sqlalchemy.engine.Engine ROLLBACK
INFO:     127.0.0.1:3614 - "POST /auth/login HTTP/1.1" 200 OK
INFO:     127.0.0.1:3614 - "OPTIONS /auth/me HTTP/1.1" 200 OK
2026-09-09 08:37:55,664 INFO sqlalchemy.engine.Engine BEGIN (implicit)
2026-09-09 08:37:55,668 INFO sqlalchemy.engine.Engine SELECT utilisateur.id, utilisateur.nom, utilisateur.prenom, utilisateur.email, utilisateur.mot_de_passe_hash, utilisateur.role, utilisateur.client_id, utilisateur.metier, utilisateur.actif, utilisateur.cree_le 
FROM utilisateur 
WHERE utilisateur.id = $1::INTEGER
2026-09-09 08:37:55,668 INFO sqlalchemy.engine.Engine [cached since 4503s ago] (66,)
2026-09-09 08:37:55,672 INFO sqlalchemy.engine.Engine ROLLBACK
INFO:     127.0.0.1:3614 - "GET /auth/me HTTP/1.1" 200 OK
2026-09-09 08:37:55,695 INFO sqlalchemy.engine.Engine BEGIN (implicit)
2026-09-09 08:37:55,696 INFO sqlalchemy.engine.Engine SELECT count(notification.id) AS count_1 
FROM notification 
WHERE notification.destinataire_id = $1::INTEGER AND notification.lu = false
2026-09-09 08:37:55,697 INFO sqlalchemy.engine.Engine [cached since 4566s ago] (66,)
INFO:     127.0.0.1:8691 - "OPTIONS /projets/ HTTP/1.1" 200 OK
2026-09-09 08:37:55,700 INFO sqlalchemy.engine.Engine ROLLBACK
INFO:     127.0.0.1:8691 - "OPTIONS /projets/ HTTP/1.1" 200 OK
INFO:     127.0.0.1:3614 - "GET /notifications/count HTTP/1.1" 200 OK
2026-09-09 08:37:55,705 INFO sqlalchemy.engine.Engine BEGIN (implicit)
2026-09-09 08:37:55,706 INFO sqlalchemy.engine.Engine SELECT projet.id, projet.nom, projet.description, projet.client_id, projet.responsable_id, projet.date_debut, projet.date_fin_prevue, projet.statut_sante, projet.avancement_pct, projet.archive, projet.cree_le, projet.modifie_le 
FROM projet
2026-09-09 08:37:55,706 INFO sqlalchemy.engine.Engine [cached since 4503s ago] ()
2026-09-09 08:37:55,706 INFO sqlalchemy.engine.Engine BEGIN (implicit)
2026-09-09 08:37:55,710 INFO sqlalchemy.engine.Engine SELECT count(notification.id) AS count_1 
FROM notification 
WHERE notification.destinataire_id = $1::INTEGER AND notification.lu = false
2026-09-09 08:37:55,711 INFO sqlalchemy.engine.Engine [cached since 4566s ago] (66,)
2026-09-09 08:37:55,714 INFO sqlalchemy.engine.Engine ROLLBACK
2026-09-09 08:37:55,716 INFO sqlalchemy.engine.Engine ROLLBACK
INFO:     127.0.0.1:3614 - "GET /notifications/count HTTP/1.1" 200 OK
INFO:     127.0.0.1:8691 - "GET /projets/ HTTP/1.1" 200 OK
2026-09-09 08:37:55,725 INFO sqlalchemy.engine.Engine BEGIN (implicit)
2026-09-09 08:37:55,726 INFO sqlalchemy.engine.Engine SELECT projet.id, projet.nom, projet.description, projet.client_id, projet.responsable_id, projet.date_debut, projet.date_fin_prevue, projet.statut_sante, projet.avancement_pct, projet.archive, projet.cree_le, projet.modifie_le 
FROM projet
2026-09-09 08:37:55,727 INFO sqlalchemy.engine.Engine [cached since 4503s ago] ()
2026-09-09 08:37:55,731 INFO sqlalchemy.engine.Engine ROLLBACK
INFO:     127.0.0.1:8691 - "GET /projets/ HTTP/1.1" 200 OK
INFO:     127.0.0.1:7563 - "OPTIONS /clients/ HTTP/1.1" 200 OK
INFO:     127.0.0.1:6472 - "OPTIONS /factures/ HTTP/1.1" 200 OK
INFO:     127.0.0.1:7563 - "OPTIONS /factures/statistiques HTTP/1.1" 200 OK
2026-09-09 08:38:01,372 INFO sqlalchemy.engine.Engine BEGIN (implicit)
2026-09-09 08:38:01,373 INFO sqlalchemy.engine.Engine SELECT projet.id, projet.nom, projet.description, projet.client_id, projet.responsable_id, projet.date_debut, projet.date_fin_prevue, projet.statut_sante, projet.avancement_pct, projet.archive, projet.cree_le, projet.modifie_le 
FROM projet
2026-09-09 08:38:01,373 INFO sqlalchemy.engine.Engine [cached since 4509s ago] ()
INFO:     127.0.0.1:7563 - "OPTIONS /factures/statistiques HTTP/1.1" 200 OK
2026-09-09 08:38:01,377 INFO sqlalchemy.engine.Engine BEGIN (implicit)
2026-09-09 08:38:01,377 INFO sqlalchemy.engine.Engine SELECT client.id, client.nom, client.contact, client.email, client.telephone, client.cree_le 
FROM client ORDER BY client.nom
2026-09-09 08:38:01,377 INFO sqlalchemy.engine.Engine [cached since 4509s ago] ()
2026-09-09 08:38:01,377 INFO sqlalchemy.engine.Engine ROLLBACK
2026-09-09 08:38:01,383 INFO sqlalchemy.engine.Engine ROLLBACK
INFO:     127.0.0.1:6472 - "GET /projets/ HTTP/1.1" 200 OK
INFO:     127.0.0.1:7563 - "GET /clients/ HTTP/1.1" 200 OK
2026-09-09 08:38:01,383 INFO sqlalchemy.engine.Engine BEGIN (implicit)
2026-09-09 08:38:01,383 INFO sqlalchemy.engine.Engine SELECT facture.id, facture.numero, facture.client_id, facture.projet_id, facture.statut, facture.date_emission, facture.date_echeance, facture.montant_ht, facture.taux_tva, facture.montant_tva, facture.montant_ttc, facture.notes, facture.cree_par, facture.cree_le, facture.modifie_le, client.nom, projet.nom AS nom_1 
FROM facture JOIN client ON facture.client_id = client.id LEFT OUTER JOIN projet ON facture.projet_id = projet.id ORDER BY facture.date_emission DESC, facture.id DESC
2026-09-09 08:38:01,383 INFO sqlalchemy.engine.Engine [cached since 4509s ago] ()
2026-09-09 08:38:01,394 INFO sqlalchemy.engine.Engine BEGIN (implicit)
2026-09-09 08:38:01,394 INFO sqlalchemy.engine.Engine SELECT count(facture.id) AS count_1 
FROM facture
2026-09-09 08:38:01,394 INFO sqlalchemy.engine.Engine [cached since 4509s ago] ()
2026-09-09 08:38:01,400 INFO sqlalchemy.engine.Engine ROLLBACK
2026-09-09 08:38:01,404 INFO sqlalchemy.engine.Engine SELECT coalesce(sum(facture.montant_ttc), $1::INTEGER) AS coalesce_1 
FROM facture 
WHERE facture.statut = $2::statut_facture
2026-09-09 08:38:01,404 INFO sqlalchemy.engine.Engine [cached since 4509s ago] (0, 'payee')
INFO:     127.0.0.1:6472 - "GET /factures/ HTTP/1.1" 200 OK
2026-09-09 08:38:01,408 INFO sqlalchemy.engine.Engine BEGIN (implicit)
2026-09-09 08:38:01,408 INFO sqlalchemy.engine.Engine SELECT projet.id, projet.nom, projet.description, projet.client_id, projet.responsable_id, projet.date_debut, projet.date_fin_prevue, projet.statut_sante, projet.avancement_pct, projet.archive, projet.cree_le, projet.modifie_le 
FROM projet
2026-09-09 08:38:01,408 INFO sqlalchemy.engine.Engine [cached since 4509s ago] ()
2026-09-09 08:38:01,416 INFO sqlalchemy.engine.Engine ROLLBACK
INFO:     127.0.0.1:6472 - "GET /projets/ HTTP/1.1" 200 OK
2026-09-09 08:38:01,419 INFO sqlalchemy.engine.Engine BEGIN (implicit)
2026-09-09 08:38:01,425 INFO sqlalchemy.engine.Engine SELECT client.id, client.nom, client.contact, client.email, client.telephone, client.cree_le 
FROM client ORDER BY client.nom
2026-09-09 08:38:01,425 INFO sqlalchemy.engine.Engine [cached since 4509s ago] ()
2026-09-09 08:38:01,425 INFO sqlalchemy.engine.Engine SELECT coalesce(sum(facture.montant_ttc), $1::INTEGER) AS coalesce_1 
FROM facture 
WHERE facture.statut IN ($2::statut_facture, $3::statut_facture)
2026-09-09 08:38:01,425 INFO sqlalchemy.engine.Engine [cached since 4509s ago] (0, 'envoyee', 'en_retard')
2026-09-09 08:38:01,432 INFO sqlalchemy.engine.Engine ROLLBACK
INFO:     127.0.0.1:6472 - "GET /clients/ HTTP/1.1" 200 OK
2026-09-09 08:38:01,435 INFO sqlalchemy.engine.Engine SELECT count(facture.id) AS count_1 
FROM facture 
WHERE facture.statut = $1::statut_facture
2026-09-09 08:38:01,435 INFO sqlalchemy.engine.Engine [cached since 4509s ago] ('brouillon',)
2026-09-09 08:38:01,435 INFO sqlalchemy.engine.Engine BEGIN (implicit)
2026-09-09 08:38:01,435 INFO sqlalchemy.engine.Engine SELECT facture.id, facture.numero, facture.client_id, facture.projet_id, facture.statut, facture.date_emission, facture.date_echeance, facture.montant_ht, facture.taux_tva, facture.montant_tva, facture.montant_ttc, facture.notes, facture.cree_par, facture.cree_le, facture.modifie_le, client.nom, projet.nom AS nom_1 
FROM facture JOIN client ON facture.client_id = client.id LEFT OUTER JOIN projet ON facture.projet_id = projet.id ORDER BY facture.date_emission DESC, facture.id DESC
2026-09-09 08:38:01,435 INFO sqlalchemy.engine.Engine [cached since 4509s ago] ()
2026-09-09 08:38:01,435 INFO sqlalchemy.engine.Engine SELECT count(facture.id) AS count_1 
FROM facture 
WHERE facture.statut IN ($1::statut_facture, $2::statut_facture)
2026-09-09 08:38:01,446 INFO sqlalchemy.engine.Engine [cached since 4509s ago] ('envoyee', 'en_retard')
2026-09-09 08:38:01,450 INFO sqlalchemy.engine.Engine ROLLBACK
INFO:     127.0.0.1:7563 - "GET /factures/statistiques HTTP/1.1" 200 OK
2026-09-09 08:38:01,454 INFO sqlalchemy.engine.Engine BEGIN (implicit)
2026-09-09 08:38:01,456 INFO sqlalchemy.engine.Engine SELECT count(facture.id) AS count_1 
FROM facture
2026-09-09 08:38:01,456 INFO sqlalchemy.engine.Engine [cached since 4509s ago] ()
2026-09-09 08:38:01,456 INFO sqlalchemy.engine.Engine SELECT coalesce(sum(facture.montant_ttc), $1::INTEGER) AS coalesce_1 
FROM facture 
WHERE facture.statut = $2::statut_facture
2026-09-09 08:38:01,456 INFO sqlalchemy.engine.Engine [cached since 4509s ago] (0, 'payee')
2026-09-09 08:38:01,464 INFO sqlalchemy.engine.Engine SELECT coalesce(sum(facture.montant_ttc), $1::INTEGER) AS coalesce_1 
FROM facture 
WHERE facture.statut IN ($2::statut_facture, $3::statut_facture)
2026-09-09 08:38:01,466 INFO sqlalchemy.engine.Engine [cached since 4509s ago] (0, 'envoyee', 'en_retard')
2026-09-09 08:38:01,467 INFO sqlalchemy.engine.Engine SELECT count(facture.id) AS count_1 
FROM facture 
WHERE facture.statut = $1::statut_facture
2026-09-09 08:38:01,467 INFO sqlalchemy.engine.Engine [cached since 4509s ago] ('brouillon',)
2026-09-09 08:38:01,467 INFO sqlalchemy.engine.Engine ROLLBACK
2026-09-09 08:38:01,467 INFO sqlalchemy.engine.Engine SELECT count(facture.id) AS count_1 
FROM facture 
WHERE facture.statut IN ($1::statut_facture, $2::statut_facture)
2026-09-09 08:38:01,467 INFO sqlalchemy.engine.Engine [cached since 4509s ago] ('envoyee', 'en_retard')
INFO:     127.0.0.1:6472 - "GET /factures/ HTTP/1.1" 200 OK
2026-09-09 08:38:01,479 INFO sqlalchemy.engine.Engine ROLLBACK
INFO:     127.0.0.1:7563 - "GET /factures/statistiques HTTP/1.1" 200 OK
INFO:     127.0.0.1:7563 - "OPTIONS /absences HTTP/1.1" 200 OK
INFO:     127.0.0.1:6472 - "OPTIONS /absences/statistiques HTTP/1.1" 200 OK
INFO:     127.0.0.1:5178 - "OPTIONS /absences/statistiques HTTP/1.1" 200 OK
INFO:     127.0.0.1:3095 - "OPTIONS /absences HTTP/1.1" 200 OK
2026-09-09 08:38:04,991 INFO sqlalchemy.engine.Engine BEGIN (implicit)
2026-09-09 08:38:04,994 INFO sqlalchemy.engine.Engine SELECT count(absence.id) AS count_1 
FROM absence 
WHERE absence.statut = $1::statut_absence
2026-09-09 08:38:04,995 INFO sqlalchemy.engine.Engine [generated in 0.00097s] ('en_attente',)
INFO:     127.0.0.1:7563 - "GET /absences HTTP/1.1" 307 Temporary Redirect
INFO:     127.0.0.1:7563 - "OPTIONS /absences/ HTTP/1.1" 200 OK
INFO:     127.0.0.1:3095 - "GET /absences HTTP/1.1" 307 Temporary Redirect
2026-09-09 08:38:04,999 INFO sqlalchemy.engine.Engine BEGIN (implicit)
2026-09-09 08:38:04,999 INFO sqlalchemy.engine.Engine SELECT absence.id, absence.utilisateur_id, absence.type, absence.date_debut, absence.date_fin, absence.motif, absence.statut, absence.decideur_id, absence.commentaire, absence.cree_le, absence.decide_le, utilisateur.nom, utilisateur.prenom, utilisateur.id AS id_1 
FROM absence JOIN utilisateur ON absence.utilisateur_id = utilisateur.id ORDER BY absence.cree_le DESC
2026-09-09 08:38:05,008 INFO sqlalchemy.engine.Engine [generated in 0.00066s] ()
2026-09-09 08:38:05,018 INFO sqlalchemy.engine.Engine SELECT count(absence.id) AS count_1 
FROM absence 
WHERE absence.statut = $1::statut_absence
2026-09-09 08:38:05,018 INFO sqlalchemy.engine.Engine [cached since 0.02721s ago] ('acceptee',)
2026-09-09 08:38:05,025 INFO sqlalchemy.engine.Engine SELECT utilisateur.nom, utilisateur.prenom 
FROM utilisateur 
WHERE utilisateur.id = $1::INTEGER
2026-09-09 08:38:05,025 INFO sqlalchemy.engine.Engine [generated in 0.00063s] (2,)
2026-09-09 08:38:05,027 INFO sqlalchemy.engine.Engine SELECT count(absence.id) AS count_1 
FROM absence 
WHERE absence.statut = $1::statut_absence
2026-09-09 08:38:05,027 INFO sqlalchemy.engine.Engine [cached since 0.03413s ago] ('refusee',)
2026-09-09 08:38:05,029 INFO sqlalchemy.engine.Engine SELECT count(absence.id) AS count_1 
FROM absence
2026-09-09 08:38:05,029 INFO sqlalchemy.engine.Engine [generated in 0.00109s] ()
2026-09-09 08:38:05,029 INFO sqlalchemy.engine.Engine ROLLBACK
2026-09-09 08:38:05,029 INFO sqlalchemy.engine.Engine ROLLBACK
INFO:     127.0.0.1:7563 - "GET /absences/ HTTP/1.1" 200 OK
INFO:     127.0.0.1:6472 - "GET /absences/statistiques HTTP/1.1" 200 OK
2026-09-09 08:38:05,043 INFO sqlalchemy.engine.Engine BEGIN (implicit)
2026-09-09 08:38:05,043 INFO sqlalchemy.engine.Engine SELECT absence.id, absence.utilisateur_id, absence.type, absence.date_debut, absence.date_fin, absence.motif, absence.statut, absence.decideur_id, absence.commentaire, absence.cree_le, absence.decide_le, utilisateur.nom, utilisateur.prenom, utilisateur.id AS id_1 
FROM absence JOIN utilisateur ON absence.utilisateur_id = utilisateur.id ORDER BY absence.cree_le DESC
2026-09-09 08:38:05,043 INFO sqlalchemy.engine.Engine [cached since 0.03968s ago] ()
2026-09-09 08:38:05,050 INFO sqlalchemy.engine.Engine BEGIN (implicit)
2026-09-09 08:38:05,050 INFO sqlalchemy.engine.Engine SELECT count(absence.id) AS count_1 
FROM absence 
WHERE absence.statut = $1::statut_absence
2026-09-09 08:38:05,050 INFO sqlalchemy.engine.Engine [cached since 0.05817s ago] ('en_attente',)
2026-09-09 08:38:05,060 INFO sqlalchemy.engine.Engine SELECT utilisateur.nom, utilisateur.prenom 
FROM utilisateur 
WHERE utilisateur.id = $1::INTEGER
2026-09-09 08:38:05,062 INFO sqlalchemy.engine.Engine [cached since 0.03693s ago] (2,)
2026-09-09 08:38:05,065 INFO sqlalchemy.engine.Engine SELECT count(absence.id) AS count_1 
FROM absence 
WHERE absence.statut = $1::statut_absence
2026-09-09 08:38:05,065 INFO sqlalchemy.engine.Engine [cached since 0.07183s ago] ('acceptee',)
2026-09-09 08:38:05,065 INFO sqlalchemy.engine.Engine SELECT count(absence.id) AS count_1 
FROM absence 
WHERE absence.statut = $1::statut_absence
2026-09-09 08:38:05,065 INFO sqlalchemy.engine.Engine [cached since 0.07552s ago] ('refusee',)
2026-09-09 08:38:05,070 INFO sqlalchemy.engine.Engine ROLLBACK
2026-09-09 08:38:05,073 INFO sqlalchemy.engine.Engine SELECT count(absence.id) AS count_1 
FROM absence
2026-09-09 08:38:05,073 INFO sqlalchemy.engine.Engine [cached since 0.04243s ago] ()
INFO:     127.0.0.1:7563 - "GET /absences/ HTTP/1.1" 200 OK
2026-09-09 08:38:05,077 INFO sqlalchemy.engine.Engine ROLLBACK
INFO:     127.0.0.1:6472 - "GET /absences/statistiques HTTP/1.1" 200 OK
INFO:     127.0.0.1:6472 - "OPTIONS /utilisateurs HTTP/1.1" 200 OK
INFO:     127.0.0.1:7563 - "OPTIONS /utilisateurs HTTP/1.1" 200 OK
2026-09-09 08:38:07,641 INFO sqlalchemy.engine.Engine BEGIN (implicit)
2026-09-09 08:38:07,641 INFO sqlalchemy.engine.Engine SELECT client.id, client.nom, client.contact, client.email, client.telephone, client.cree_le 
FROM client ORDER BY client.nom
2026-09-09 08:38:07,641 INFO sqlalchemy.engine.Engine [cached since 4515s ago] ()
INFO:     127.0.0.1:6472 - "GET /utilisateurs HTTP/1.1" 307 Temporary Redirect
2026-09-09 08:38:07,649 INFO sqlalchemy.engine.Engine ROLLBACK
INFO:     127.0.0.1:6472 - "GET /utilisateurs HTTP/1.1" 307 Temporary Redirect
INFO:     127.0.0.1:7563 - "OPTIONS /utilisateurs/ HTTP/1.1" 200 OK
INFO:     127.0.0.1:3095 - "GET /clients/ HTTP/1.1" 200 OK
2026-09-09 08:38:07,653 INFO sqlalchemy.engine.Engine BEGIN (implicit)
2026-09-09 08:38:07,653 INFO sqlalchemy.engine.Engine SELECT utilisateur.id, utilisateur.nom, utilisateur.prenom, utilisateur.email, utilisateur.mot_de_passe_hash, utilisateur.role, utilisateur.client_id, utilisateur.metier, utilisateur.actif, utilisateur.cree_le 
FROM utilisateur
2026-09-09 08:38:07,653 INFO sqlalchemy.engine.Engine [cached since 4419s ago] ()
2026-09-09 08:38:07,656 INFO sqlalchemy.engine.Engine BEGIN (implicit)
2026-09-09 08:38:07,656 INFO sqlalchemy.engine.Engine SELECT client.id, client.nom, client.contact, client.email, client.telephone, client.cree_le 
FROM client ORDER BY client.nom
2026-09-09 08:38:07,656 INFO sqlalchemy.engine.Engine [cached since 4515s ago] ()
2026-09-09 08:38:07,656 INFO sqlalchemy.engine.Engine ROLLBACK
2026-09-09 08:38:07,663 INFO sqlalchemy.engine.Engine ROLLBACK
INFO:     127.0.0.1:3095 - "GET /clients/ HTTP/1.1" 200 OK
INFO:     127.0.0.1:7563 - "GET /utilisateurs/ HTTP/1.1" 200 OK
2026-09-09 08:38:07,664 INFO sqlalchemy.engine.Engine BEGIN (implicit)
2026-09-09 08:38:07,664 INFO sqlalchemy.engine.Engine SELECT utilisateur.id, utilisateur.nom, utilisateur.prenom, utilisateur.email, utilisateur.mot_de_passe_hash, utilisateur.role, utilisateur.client_id, utilisateur.metier, utilisateur.actif, utilisateur.cree_le 
FROM utilisateur
2026-09-09 08:38:07,664 INFO sqlalchemy.engine.Engine [cached since 4419s ago] ()
2026-09-09 08:38:07,673 INFO sqlalchemy.engine.Engine ROLLBACK
INFO:     127.0.0.1:7563 - "GET /utilisateurs/ HTTP/1.1" 200 OK
INFO:     127.0.0.1:7563 - "GET /utilisateurs HTTP/1.1" 307 Temporary Redirect
INFO:     127.0.0.1:7563 - "GET /utilisateurs HTTP/1.1" 307 Temporary Redirect
2026-09-09 08:38:09,672 INFO sqlalchemy.engine.Engine BEGIN (implicit)
2026-09-09 08:38:09,676 INFO sqlalchemy.engine.Engine SELECT utilisateur.id, utilisateur.nom, utilisateur.prenom, utilisateur.email, utilisateur.mot_de_passe_hash, utilisateur.role, utilisateur.client_id, utilisateur.metier, utilisateur.actif, utilisateur.cree_le 
FROM utilisateur
2026-09-09 08:38:09,676 INFO sqlalchemy.engine.Engine [cached since 4421s ago] ()
2026-09-09 08:38:09,677 INFO sqlalchemy.engine.Engine ROLLBACK
INFO:     127.0.0.1:3095 - "GET /utilisateurs/ HTTP/1.1" 200 OK
2026-09-09 08:38:09,684 INFO sqlalchemy.engine.Engine BEGIN (implicit)
2026-09-09 08:38:09,684 INFO sqlalchemy.engine.Engine SELECT utilisateur.id, utilisateur.nom, utilisateur.prenom, utilisateur.email, utilisateur.mot_de_passe_hash, utilisateur.role, utilisateur.client_id, utilisateur.metier, utilisateur.actif, utilisateur.cree_le 
FROM utilisateur
2026-09-09 08:38:09,684 INFO sqlalchemy.engine.Engine [cached since 4421s ago] ()
2026-09-09 08:38:09,684 INFO sqlalchemy.engine.Engine ROLLBACK
INFO:     127.0.0.1:3095 - "GET /utilisateurs/ HTTP/1.1" 200 OK
2026-09-09 08:38:25,699 INFO sqlalchemy.engine.Engine BEGIN (implicit)
2026-09-09 08:38:25,704 INFO sqlalchemy.engine.Engine SELECT count(notification.id) AS count_1 
FROM notification 
WHERE notification.destinataire_id = $1::INTEGER AND notification.lu = false
2026-09-09 08:38:25,705 INFO sqlalchemy.engine.Engine [cached since 4596s ago] (66,)
2026-09-09 08:38:25,707 INFO sqlalchemy.engine.Engine ROLLBACK
INFO:     127.0.0.1:2101 - "GET /notifications/count HTTP/1.1" 200 OK
2026-09-09 08:38:56,226 INFO sqlalchemy.engine.Engine BEGIN (implicit)
2026-09-09 08:38:56,226 INFO sqlalchemy.engine.Engine SELECT count(notification.id) AS count_1 
FROM notification 
WHERE notification.destinataire_id = $1::INTEGER AND notification.lu = false
2026-09-09 08:38:56,229 INFO sqlalchemy.engine.Engine [cached since 4627s ago] (66,)
2026-09-09 08:38:56,230 INFO sqlalchemy.engine.Engine ROLLBACK
INFO:     127.0.0.1:14144 - "GET /notifications/count HTTP/1.1" 200 OK
2026-09-09 08:38:59,534 INFO sqlalchemy.engine.Engine BEGIN (implicit)
2026-09-09 08:38:59,534 INFO sqlalchemy.engine.Engine SELECT utilisateur.id, utilisateur.nom, utilisateur.prenom, utilisateur.email, utilisateur.mot_de_passe_hash, utilisateur.role, utilisateur.client_id, utilisateur.metier, utilisateur.actif, utilisateur.cree_le 
FROM utilisateur 
WHERE utilisateur.id = $1::INTEGER
2026-09-09 08:38:59,534 INFO sqlalchemy.engine.Engine [cached since 4567s ago] (66,)
2026-09-09 08:38:59,540 INFO sqlalchemy.engine.Engine ROLLBACK
INFO:     127.0.0.1:14144 - "GET /auth/me HTTP/1.1" 200 OK
2026-09-09 08:38:59,543 INFO sqlalchemy.engine.Engine BEGIN (implicit)
2026-09-09 08:38:59,543 INFO sqlalchemy.engine.Engine SELECT utilisateur.id, utilisateur.nom, utilisateur.prenom, utilisateur.email, utilisateur.mot_de_passe_hash, utilisateur.role, utilisateur.client_id, utilisateur.metier, utilisateur.actif, utilisateur.cree_le 
FROM utilisateur 
WHERE utilisateur.id = $1::INTEGER
2026-09-09 08:38:59,543 INFO sqlalchemy.engine.Engine [cached since 4567s ago] (66,)
2026-09-09 08:38:59,552 INFO sqlalchemy.engine.Engine ROLLBACK
INFO:     127.0.0.1:14144 - "GET /auth/me HTTP/1.1" 200 OK
2026-09-09 08:38:59,556 INFO sqlalchemy.engine.Engine BEGIN (implicit)
2026-09-09 08:38:59,559 INFO sqlalchemy.engine.Engine SELECT count(notification.id) AS count_1 
FROM notification 
WHERE notification.destinataire_id = $1::INTEGER AND notification.lu = false
2026-09-09 08:38:59,560 INFO sqlalchemy.engine.Engine [cached since 4630s ago] (66,)
2026-09-09 08:38:59,560 INFO sqlalchemy.engine.Engine ROLLBACK
INFO:     127.0.0.1:14144 - "GET /notifications/count HTTP/1.1" 200 OK
INFO:     127.0.0.1:14144 - "GET /utilisateurs HTTP/1.1" 307 Temporary Redirect
2026-09-09 08:38:59,569 INFO sqlalchemy.engine.Engine BEGIN (implicit)
2026-09-09 08:38:59,573 INFO sqlalchemy.engine.Engine SELECT count(notification.id) AS count_1 
FROM notification 
WHERE notification.destinataire_id = $1::INTEGER AND notification.lu = false
2026-09-09 08:38:59,573 INFO sqlalchemy.engine.Engine [cached since 4630s ago] (66,)
2026-09-09 08:38:59,574 INFO sqlalchemy.engine.Engine ROLLBACK
INFO:     127.0.0.1:14144 - "GET /notifications/count HTTP/1.1" 200 OK
INFO:     127.0.0.1:14144 - "GET /utilisateurs HTTP/1.1" 307 Temporary Redirect
2026-09-09 08:38:59,585 INFO sqlalchemy.engine.Engine BEGIN (implicit)
2026-09-09 08:38:59,585 INFO sqlalchemy.engine.Engine SELECT utilisateur.id, utilisateur.nom, utilisateur.prenom, utilisateur.email, utilisateur.mot_de_passe_hash, utilisateur.role, utilisateur.client_id, utilisateur.metier, utilisateur.actif, utilisateur.cree_le 
FROM utilisateur
2026-09-09 08:38:59,585 INFO sqlalchemy.engine.Engine [cached since 4471s ago] ()
2026-09-09 08:38:59,590 INFO sqlalchemy.engine.Engine ROLLBACK
INFO:     127.0.0.1:14144 - "GET /utilisateurs/ HTTP/1.1" 200 OK
2026-09-09 08:38:59,595 INFO sqlalchemy.engine.Engine BEGIN (implicit)
2026-09-09 08:38:59,595 INFO sqlalchemy.engine.Engine SELECT utilisateur.id, utilisateur.nom, utilisateur.prenom, utilisateur.email, utilisateur.mot_de_passe_hash, utilisateur.role, utilisateur.client_id, utilisateur.metier, utilisateur.actif, utilisateur.cree_le 
FROM utilisateur
2026-09-09 08:38:59,595 INFO sqlalchemy.engine.Engine [cached since 4471s ago] ()
2026-09-09 08:38:59,600 INFO sqlalchemy.engine.Engine ROLLBACK
INFO:     127.0.0.1:14144 - "GET /utilisateurs/ HTTP/1.1" 200 OK
2026-09-09 08:39:29,558 INFO sqlalchemy.engine.Engine BEGIN (implicit)
2026-09-09 08:39:29,558 INFO sqlalchemy.engine.Engine SELECT count(notification.id) AS count_1 
FROM notification 
WHERE notification.destinataire_id = $1::INTEGER AND notification.lu = false
2026-09-09 08:39:29,558 INFO sqlalchemy.engine.Engine [cached since 4660s ago] (66,)
2026-09-09 08:39:29,570 INFO sqlalchemy.engine.Engine ROLLBACK
INFO:     127.0.0.1:10854 - "GET /notifications/count HTTP/1.1" 200 OK
2026-09-09 08:39:59,558 INFO sqlalchemy.engine.Engine BEGIN (implicit)
2026-09-09 08:39:59,558 INFO sqlalchemy.engine.Engine SELECT count(notification.id) AS count_1 
FROM notification 
WHERE notification.destinataire_id = $1::INTEGER AND notification.lu = false
2026-09-09 08:39:59,558 INFO sqlalchemy.engine.Engine [cached since 4690s ago] (66,)
2026-09-09 08:39:59,558 INFO sqlalchemy.engine.Engine ROLLBACK
INFO:     127.0.0.1:9265 - "GET /notifications/count HTTP/1.1" 200 OK
2026-09-09 08:40:30,527 INFO sqlalchemy.engine.Engine BEGIN (implicit)
2026-09-09 08:40:30,532 INFO sqlalchemy.engine.Engine SELECT count(notification.id) AS count_1 
FROM notification 
WHERE notification.destinataire_id = $1::INTEGER AND notification.lu = false
2026-09-09 08:40:30,532 INFO sqlalchemy.engine.Engine [cached since 4721s ago] (66,)
2026-09-09 08:40:30,532 INFO sqlalchemy.engine.Engine ROLLBACK
INFO:     127.0.0.1:11275 - "GET /notifications/count HTTP/1.1" 200 OK
2026-09-09 08:41:00,220 INFO sqlalchemy.engine.Engine BEGIN (implicit)
2026-09-09 08:41:00,224 INFO sqlalchemy.engine.Engine SELECT count(notification.id) AS count_1 
FROM notification 
WHERE notification.destinataire_id = $1::INTEGER AND notification.lu = false
2026-09-09 08:41:00,226 INFO sqlalchemy.engine.Engine [cached since 4751s ago] (66,)
2026-09-09 08:41:00,229 INFO sqlalchemy.engine.Engine ROLLBACK
INFO:     127.0.0.1:1795 - "GET /notifications/count HTTP/1.1" 200 OK
